date,open,high,low,close,volume,price,open_norm,high_norm,low_norm,close_norm,volume_norm,price_norm
2023-01-03,118.47000122070312,118.80000305175781,104.63999938964844,108.0999984741211,231402800,108.0999984741211,0.041485656942642744,0.018710695325981005,0.007956147691688906,0.0,0.7209302843484038,0.0
2023-01-04,109.11000061035156,114.58999633789062,107.5199966430664,113.63999938964844,180389000,113.63999938964844,0.016385091741373627,0.007537345135180338,0.016052850403472055,0.014902090356899338,0.5315856478474369,0.014902090356899338
2023-01-05,110.51000213623047,111.75,107.16000366210938,110.33999633789062,157986300,110.33999633789062,0.02013945363140772,0.0,0.015040781332337187,0.006025387192914859,0.448434988846535,0.006025387192914859
2023-01-06,103.0,114.38999938964844,101.80999755859375,113.05999755859375,220911100,113.05999755859375,0.0,0.007006553596905397,0.0,0.013341939045494494,0.6819889170560791,0.013341939045494494
2023-01-09,118.95999908447266,123.5199966430664,117.11000061035156,119.7699966430664,190284000,119.7699966430664,0.042799676443285466,0.03123754976550329,0.04301378275706275,0.03139121632472129,0.5683122821733854,0.03139121632472129
2023-01-10,121.06999969482422,122.76000213623047,114.91999816894531,118.8499984741211,167642500,118.8499984741211,0.04845803161863387,0.0292205257213391,0.03685690233465899,0.028916506292927018,0.4842752845896601,0.028916506292927018
2023-01-11,122.08999633789062,125.94999694824219,120.51000213623047,123.22000122070312,183810800,123.22000122070312,0.05119334044073472,0.03768676617270022,0.05257240353073867,0.04067140972749889,0.544286122565631,0.04067140972749889
2023-01-12,122.55999755859375,124.12999725341797,117.0,123.55999755859375,169400900,123.55999755859375,0.0524537352607829,0.032856490280160904,0.04270453168431458,0.041585968447888325,0.4908018246400641,0.041585968447888325
2023-01-13,116.55000305175781,122.62999725341797,115.5999984741211,122.4000015258789,180714100,122.4000015258789,0.03633682830126096,0.028875492997901053,0.03876862648939418,0.03846568634744468,0.5327923005830979,0.03846568634744468
2023-01-17,125.69999694824219,131.6999969482422,125.0199966430664,131.49000549316406,186477000,131.49000549316406,0.06087422182834259,0.05294725575469631,0.06525161171758277,0.06291695675886169,0.5541820854195818,0.06291695675886169
2023-01-18,136.55999755859375,136.67999267578125,127.01000213623047,128.77999877929688,195680300,128.77999877929688,0.08999731324187117,0.06616415539269543,0.07084622916169409,0.055627289205799825,0.58834138139654,0.055627289205799825
2023-01-19,127.26000213623047,129.99000549316406,124.30999755859375,127.16999816894531,170291900,127.16999816894531,0.06505766300163833,0.04840894153112726,0.0632555502609995,0.05129653638897682,0.4941088919654224,0.05129653638897682
2023-01-20,128.67999267578125,133.50999450683594,127.3499984741211,133.4199981689453,138858100,133.4199981689453,0.06886562911264063,0.057750985995802105,0.0718020805145828,0.06810845865230648,0.3774380806389952,0.06810845865230648
2023-01-23,135.8699951171875,145.3800048828125,134.27000427246094,143.75,203119200,143.75,0.08814694463715139,0.08925397202724139,0.09125669271828475,0.0958952086945056,0.6159518675094554,0.0958952086945056
2023-01-24,143.0,146.5,141.10000610351562,143.88999938964844,158699100,143.88999938964844,0.10726736566025219,0.09222643703901988,0.11045827156748468,0.0962717941114149,0.45108064270682163,0.0962717941114149
2023-01-25,141.91000366210938,146.41000366210938,138.07000732421875,144.42999267578125,192734300,144.42999267578125,0.10434433976663096,0.09198758692131594,0.10193986089750333,0.09772432613528446,0.5774069028999009,0.09772432613528446
2023-01-26,159.97000122070312,161.4199981689453,154.75999450683594,160.27000427246094,234815100,160.27000427246094,0.1527755488151544,0.1318240851469487,0.14886138636796906,0.14033249311346355,0.7335954985283365,0.14033249311346355
2023-01-27,162.42999267578125,180.67999267578125,161.1699981689453,177.89999389648438,306590600,177.89999389648438,0.15937246888847842,0.18294007567231774,0.16688220009338017,0.18775553552344604,1.0,0.18775553552344604
2023-01-30,178.0500030517578,179.77000427246094,166.5,166.66000366210938,230878800,166.66000366210938,0.2012604030038987,0.18052496809864696,0.1818667422585135,0.15752100079370251,0.7189853872906173,0.15752100079370251
2023-01-31,164.57000732421875,174.3000030517578,162.77999877929688,173.22000122070312,196813500,173.22000122070312,0.16511131223378445,0.16600759476959548,0.171408487850195,0.1751667878341362,0.5925474068657836,0.1751667878341362
2023-02-01,173.88999938964844,183.80999755859375,169.92999267578125,181.41000366210938,213806300,181.41000366210938,0.19010458715461184,0.19124710296027547,0.19150967888507975,0.1971971373351605,0.6556184883992829,0.1971971373351605
2023-02-02,187.3300018310547,196.75,182.61000061035156,188.27000427246094,217448300,188.27000427246094,0.226146428563537,0.2255898459947249,0.22715771796130574,0.21564990485318042,0.6691362652780201,0.21564990485318042
2023-02-03,183.9499969482422,199.0,183.69000244140625,189.97999572753906,232662000,189.97999572753906,0.21708232307108485,0.23156134191811467,0.23019398952158357,0.22024962379937746,0.7256039759040617,0.22024962379937746
2023-02-06,193.00999450683594,198.1699981689453,189.9199981689453,194.75999450683594,186188100,194.75999450683594,0.24137837484605154,0.22935851856231507,0.24770873653799066,0.2331073786627934,0.5531097938928747,0.2331073786627934
2023-02-07,196.42999267578125,197.5,189.5500030517578,196.80999755859375,186010300,196.80999755859375,0.2505497296996928,0.2275803446358548,0.24666854788325385,0.23862169737411196,0.5524498650820457,0.23862169737411196
2023-02-08,196.10000610351562,203.0,194.30999755859375,201.2899932861328,180673600,201.2899932861328,0.24966480994193804,0.2421773346708076,0.26005059551744236,0.2506724717599417,0.5326419793410362,0.2506724717599417
2023-02-09,207.77999877929688,214.0,204.77000427246094,207.32000732421875,215431400,207.32000732421875,0.2809868610734904,0.2713713147407132,0.2894574168694165,0.26689265212075564,0.6616502674233454,0.26689265212075564
2023-02-10,202.22999572753906,206.1999969482422,192.88999938964844,196.88999938964844,204754100,196.88999938964844,0.2661035059042799,0.25067012077360223,0.25605847260427583,0.23883689490445043,0.6220200205624613,0.23883689490445043
2023-02-13,194.4199981689453,196.3000030517578,187.61000061035156,194.63999938964844,172475500,194.63999938964844,0.24515955930619607,0.22439555490940663,0.24121450690819451,0.23278460288965175,0.5022136194756943,0.23278460288965175
2023-02-14,191.94000244140625,209.82000732421875,189.44000244140625,209.25,216455700,209.25,0.23850899409265117,0.2602776217526123,0.24635929681050567,0.27208415401420044,0.6654520957750452,0.27208415401420044
2023-02-15,211.75999450683594,214.66000366210938,206.11000061035156,214.24000549316406,181006400,214.24000549316406,0.2916599524992948,0.27312296326413915,0.293224626011683,0.2855068075253464,0.533877211670867,0.2855068075253464
2023-02-16,210.77999877929688,217.64999389648438,201.83999633789062,202.0399932861328,229586500,202.0399932861328,0.28903191349800933,0.2810583919288261,0.2812201162396236,0.2526899024315412,0.7141888405963857,0.2526899024315412
2023-02-17,199.99000549316406,208.44000244140625,197.5,208.30999755859375,213738500,208.30999755859375,0.26009655961562744,0.25661509129395776,0.2690188337292239,0.26955563433863855,0.6553668395051647,0.26955563433863855
2023-02-21,204.99000549316406,209.7100067138672,197.22000122070312,197.3699951171875,180018600,197.3699951171875,0.27350498032315895,0.25998568033204134,0.2682316569800314,0.24012803904174918,0.5302108580188032,0.24012803904174918
2023-02-22,197.92999267578125,201.99000549316406,191.77999877929688,200.86000061035156,191828500,200.86000061035156,0.25457225591195226,0.2394968110796001,0.2529378637421499,0.249515831209696,0.574044903367567,0.249515831209696
2023-02-23,203.91000366210938,205.13999938964844,196.3300018310547,202.07000732421875,146360000,202.07000732421875,0.27060875654002187,0.2478568891736264,0.2657295502634018,0.25277063741955874,0.4052823997951177,0.25277063741955874
2023-02-24,196.3300018310547,197.6699981689453,192.8000030517578,196.8800048828125,142228100,196.8800048828125,0.25028158583709376,0.22803151946822844,0.25580546069873156,0.23881001060493265,0.38994629263277447,0.23881001060493265
2023-02-27,202.02999877929688,209.4199981689453,201.25999450683594,207.6300048828125,161028300,207.6300048828125,0.26556717725982915,0.25921599817926394,0.27958952357403466,0.26772651689785965,0.45972578436139455,0.26772651689785965
2023-02-28,210.58999633789062,211.22999572753906,203.75,205.7100067138672,153144900,205.7100067138672,0.2885223869640427,0.26401972842036975,0.2865898199128349,0.26256189930393264,0.43046547622140646,0.26256189930393264
2023-03-01,206.2100067138672,207.1999969482422,198.52000427246094,202.77000427246094,156852800,202.77000427246094,0.2767766382493369,0.2533241189617755,0.27188643068580554,0.25465356450410526,0.4442278498866095,0.25465356450410526
2023-03-02,186.74000549316406,193.75,186.00999450683594,190.89999389648438,181500700,190.89999389648438,0.2245642447406689,0.2176278514302052,0.2367163172860239,0.22272433383117174,0.5357118731511415,0.22272433383117174
2023-03-03,194.8000030517578,200.47999572753906,192.8800048828125,197.7899932861328,154193300,197.7899932861328,0.2461786123741293,0.23548924789750747,0.2560303744696316,0.24125779529247707,0.434356754991222,0.24125779529247707
2023-03-06,198.5399932861328,198.60000610351562,192.3000030517578,193.80999755859375,128100100,193.80999755859375,0.2562080848750412,0.2304997588415648,0.25439978180404266,0.2305519746877137,0.3375083047846695,0.2305519746877137
2023-03-07,191.3800048828125,194.1999969482422,186.10000610351562,187.7100067138672,148125800,187.7100067138672,0.23700725752048807,0.21882214251552343,0.23696937208948368,0.21414356318554323,0.41183640594900955,0.21414356318554323
2023-03-08,185.0399932861328,186.5,180.0,182.0,151897800,182.0,0.22000534896470608,0.19838636456594924,0.21982007241511317,0.19878417294608314,0.42583669545658687,0.19878417294608314
2023-03-09,180.25,185.17999267578125,172.50999450683594,172.9199981689453,170023800,172.9199981689453,0.20716009993136206,0.19488306751909729,0.19876298712942422,0.17435980735654993,0.49311380245932973,0.17435980735654993
2023-03-10,175.1300048828125,178.2899932861328,168.44000244140625,173.44000244140625,191488900,173.44000244140625,0.19342989022101062,0.17659702162245564,0.1873207832335728,0.17575857078138396,0.5727844319156122,0.17575857078138396
2023-03-13,167.4600067138672,177.35000610351562,163.91000366210938,174.47999572753906,167790300,174.47999572753906,0.17286137776596758,0.17410229734288357,0.1745853358795248,0.1785560565863199,0.4848238643322953,0.1785560565863199
2023-03-14,177.30999755859375,183.8000030517578,177.13999938964844,183.25999450683594,143717900,183.25999450683594,0.19927594200825308,0.1912205775572412,0.21177958742157618,0.20217344169826684,0.39547588735928263,0.20217344169826684
2023-03-15,180.8000030517578,182.33999633789062,176.02999877929688,180.4499969482422,145995600,180.4499969482422,0.20863503439304104,0.18734572238391695,0.20865897855945026,0.19461480801583095,0.4039298797801227,0.19461480801583095
2023-03-16,180.3699951171875,185.80999755859375,178.83999633789062,184.1300048828125,121136800,184.1300048828125,0.20748188893418196,0.19655509933662194,0.21655888708393525,0.20451368918774016,0.31166307256618775,0.20451368918774016
2023-03-17,184.52000427246094,186.22000122070312,177.3300018310547,180.1300048828125,133197100,180.1300048828125,0.21861090267298472,0.19764324831300462,0.21231375226522442,0.19375405893920916,0.35642651147080984,0.19375405893920916
2023-03-20,178.0800018310547,186.44000244140625,176.35000610351562,183.25,129684400,183.25,0.2013408502546037,0.1982271311541466,0.20955863364305055,0.20214655739874907,0.3433886490759883,0.20214655739874907
2023-03-21,188.27999877929688,198.0,188.0399932861328,197.5800018310547,153391400,197.5800018310547,0.22869402031411745,0.22890734372994143,0.24242337016662752,0.24069293768947916,0.43138039439839954,0.24069293768947916
2023-03-22,199.3000030517578,200.66000366210938,190.9499969482422,191.14999389648438,150376400,191.14999389648438,0.2582461910109077,0.23596698862971388,0.2506044316292165,0.22339681072170492,0.4201898130449145,0.22339681072170492
2023-03-23,195.25999450683594,199.30999755859375,188.64999389648438,192.22000122070312,144193900,192.22000122070312,0.24741216416444073,0.2323840748769606,0.24413830013406457,0.22627503151465836,0.39724262590795884,0.22627503151465836
2023-03-24,191.64999389648438,192.36000061035156,187.14999389648438,190.41000366210938,116312400,190.41000366210938,0.23773128277683286,0.21393879556851633,0.23992126344999792,0.2214063053943552,0.2937566577463691,0.2214063053943552
2023-03-27,194.4199981689453,197.38999938964844,189.94000244140625,191.80999755859375,120851600,191.80999755859375,0.24515955930619607,0.22728840321528382,0.24776497570519454,0.22517215956344824,0.3106045140912246,0.22517215956344824
2023-03-28,192.0,192.35000610351562,185.42999267578125,189.19000244140625,98654600,189.19000244140625,0.23866988859406113,0.21391227016548206,0.23508572462043495,0.2181246148849747,0.22821733853457202,0.2181246148849747
2023-03-29,193.1300048828125,195.2899932861328,189.44000244140625,193.8800048828125,123660000,193.8800048828125,0.2417002047681241,0.22171499082140061,0.24635929681050567,0.2307402879185344,0.3210282715284144,0.2307402879185344
2023-03-30,195.5800018310547,197.3300018310547,194.4199981689453,195.27999877929688,110252200,195.27999877929688,0.24827032273096403,0.2271291698034812,0.26035984659019057,0.23450614208762743,0.27126340364408386,0.23450614208762743
2023-03-31,197.52999877929688,207.7899932861328,197.1999969482422,207.4600067138672,170222100,207.4600067138672,0.25349959862305077,0.254889968173566,0.2681754178128275,0.26726923753766496,0.4938498198000913,0.26726923753766496
2023-04-03,199.91000366210938,202.69000244140625,192.1999969482422,194.77000427246094,169545900,194.77000427246094,0.2598820199739966,0.24135460171196166,0.25411862886593867,0.23313430400704327,0.49134001180300124,0.23313430400704327
2023-04-04,197.32000732421875,198.74000549316406,190.32000732421875,192.5800018310547,126463800,192.5800018310547,0.25293646786811597,0.2308713169680371,0.24883330539249104,0.22724339987881542,0.33143495544181456,0.22724339987881542
2023-04-05,190.52000427246094,190.67999267578125,183.75999450683594,185.52000427246094,133882500,185.52000427246094,0.23470100752202253,0.20948005755405005,0.23039076225992397,0.20825265905731538,0.35897046651547937,0.20825265905731538
2023-04-06,183.0800018310547,186.38999938964844,179.74000549316406,185.05999755859375,123857900,185.05999755859375,0.2147492709621352,0.19809442314537823,0.21908913483312453,0.20701528351905218,0.3217628042149334,0.20701528351905218
2023-04-10,179.94000244140625,185.10000610351562,176.11000061035156,184.50999450683594,142154600,184.50999450683594,0.20632878439457553,0.1946707833012261,0.20888389233035032,0.20553582615093277,0.38967348741569946,0.20553582615093277
2023-04-11,186.69000244140625,189.19000244140625,185.64999389648438,186.7899932861328,115770900,186.7899932861328,0.22443015234974306,0.205525626171623,0.2357042267659313,0.21166881210901686,0.2917468070654695,0.21166881210901686
2023-04-12,190.74000549316406,191.5800018310547,180.30999755859375,180.5399932861328,150256300,180.5399932861328,0.23529098130669412,0.21186868022148508,0.2206915864661538,0.1948568898456872,0.4197440456085783,0.1948568898456872
2023-04-13,182.9600067138672,186.5,180.94000244140625,185.89999389648438,112933000,185.89999389648438,0.2144274819593153,0.19838636456594924,0.22246275560079473,0.209274796020508,0.28121355637788903,0.209274796020508
2023-04-14,183.9499969482422,186.27999877929688,182.00999450683594,185.0,96438700,185.0,0.21708232307108485,0.19780248172480724,0.22547088612851288,0.20685389563248135,0.21999272519421134,0.20685389563248135
2023-04-17,186.32000732421875,189.69000244140625,182.69000244140625,187.0399932861328,116662200,187.0399932861328,0.2234379423115466,0.20685262526570963,0.22738263173220583,0.21234128899955004,0.29505498788150974,0.21234128899955004
2023-04-18,187.14999389648438,187.69000244140625,183.5800018310547,184.30999755859375,92067000,184.30999755859375,0.2256637041400545,0.20154462888936314,0.2298847384488354,0.20499785284745264,0.20376656781343835,0.20499785284745264
2023-04-19,179.10000610351562,183.5,177.64999389648438,180.58999633789062,125732700,180.58999633789062,0.20407617953633087,0.19042437000142953,0.21321336445090924,0.19499139343274025,0.3287213786499297,0.19499139343274025
2023-04-20,166.1699981689453,169.6999969482422,160.55999755859375,162.99000549316406,210970800,162.99000549316406,0.16940198230864295,0.1537991869052792,0.16516727012594312,0.14764904496604317,0.645094145637158,0.14764904496604317
2023-04-21,164.8000030517578,166.0,161.32000732421875,165.0800018310547,123539000,165.0800018310547,0.16572808812894016,0.14397940170839793,0.16730392950053613,0.1532709419201649,0.3205791636200324,0.1532709419201649
2023-04-24,164.64999389648438,165.64999389648438,158.61000061035156,162.5500030517578,140006600,162.5500030517578,0.16532581095616264,0.1430504861438179,0.1596851310162396,0.14646547907154764,0.3817008941330176,0.14646547907154764
2023-04-25,159.82000732421875,163.47000122070312,158.75,160.6699981689453,121999300,160.6699981689453,0.1523733125616295,0.13726478953206353,0.16007871939083587,0.1414084397204238,0.31486435827676185,0.1414084397204238
2023-04-26,160.2899932861328,160.6699981689453,153.13999938964844,153.75,153364100,153.75,0.15363366646242504,0.12983358650581878,0.14430700047651004,0.12279428431583306,0.4312790667463431,0.12279428431583306
2023-04-27,152.63999938964844,160.47999572753906,152.3699951171875,160.19000244140625,127015200,160.19000244140625,0.13311879914760286,0.1293293203705781,0.14214224296727285,0.14011729558312508,0.33348155131521806,0.14011729558312508
2023-04-28,160.89999389648438,165.0,157.32000732421875,164.30999755859375,122515800,164.30999755859375,0.155269495425514,0.1413254035202247,0.15605849834302513,0.15119970160479773,0.3167814180674998,0.15119970160479773
2023-05-01,163.1699981689453,163.27999877929688,158.8300018310547,161.8300018310547,109015000,161.8300018310547,0.16135692988412403,0.13676052339682288,0.16030363316173596,0.14452874234323349,0.26667136807176817,0.14452874234323349
2023-05-02,161.8800048828125,165.49000549316406,158.92999267578125,160.30999755859375,128259700,160.30999755859375,0.15789757534605206,0.14262587721127706,0.16058474320192442,0.14044007135626674,0.3381006818274609,0.14044007135626674
2023-05-03,160.00999450683594,165.0,159.91000366210938,160.61000061035156,119728000,160.61000061035156,0.15288279817634348,0.1413254035202247,0.1633399047220138,0.14124705183385297,0.30643412032380307,0.14124705183385297
2023-05-04,162.7100067138672,162.9499969482422,159.64999389648438,161.1999969482422,95108500,161.1999969482422,0.16012337809381263,0.13588469913510987,0.16260892424210965,0.1428340874447756,0.21505550751049465,0.1428340874447756
2023-05-05,163.97000122070312,170.7899932861328,163.50999450683594,170.05999755859375,107607300,170.05999755859375,0.1635022853811796,0.15669203521115638,0.17346076702502441,0.16666667008706101,0.2614464986285506,0.16666667008706101
2023-05-08,173.72000122070312,173.8000030517578,169.19000244140625,171.7899932861328,112249400,171.7899932861328,0.1896487057608661,0.16468059567550888,0.1894293015756061,0.17132019867702566,0.2786762822773111,0.17132019867702566
2023-05-09,168.9499969482422,169.82000732421875,166.55999755859375,169.14999389648438,88965000,169.14999389648438,0.17685706094849027,0.154117694225683,0.18203541686220967,0.1642188443547845,0.19225307416219106,0.1642188443547845
2023-05-10,172.5500030517578,174.42999267578125,166.67999267578125,168.5399932861328,119840700,168.5399932861328,0.18651114022561402,0.166352586996235,0.18237276606960204,0.16257799910009424,0.30685242165665144,0.16257799910009424
2023-05-11,168.6999969482422,173.57000732421875,166.7899932861328,172.0800018310547,103889900,172.0800018310547,0.1761866399131137,0.16407018743133261,0.18268201714235022,0.17210029485509415,0.2476488644250862,0.17210029485509415
2023-05-12,176.07000732421875,177.3800048828125,167.22999572753906,167.97999572753906,157849600,167.97999572753906,0.19595067986110695,0.17418191404878489,0.1839190214333429,0.16107165743245705,0.4479276082591315,0.16107165743245705
2023-05-15,167.66000366210938,169.75999450683594,164.5500030517578,166.35000610351562,105592500,166.35000610351562,0.1733977064104183,0.15395842031708185,0.17638460314880997,0.15668713601659848,0.2539682952086496,0.15668713601659848
2023-05-16,165.64999389648438,169.52000427246094,164.35000610351562,166.52000427246094,98288800,166.52000427246094,0.16800749509766894,0.1533214866698713,0.1758223401705175,0.15714441537679322,0.22685962222972797,0.15714441537679322
2023-05-17,168.41000366210938,174.5,167.19000244140625,173.86000061035156,125473600,173.86000061035156,0.17540896951654802,0.16653838630787043,0.1838065859968506,0.17688832703211185,0.32775969386429515,0.17688832703211185
2023-05-18,174.22000122070312,177.05999755859375,172.4499969482422,176.88999938964844,109520300,176.88999938964844,0.19098954783161923,0.17333261519010615,0.198594312525728,0.1850387436617955,0.26854685754371377,0.1850387436617955
2023-05-19,177.1699981689453,181.9499969482422,176.30999755859375,180.13999938964844,136196700,180.13999938964844,0.19890050786521232,0.1863106647104013,0.20944615530864277,0.19378094323872694,0.36755993363595535,0.19378094323872694
2023-05-22,180.6999969482422,189.32000732421875,180.11000061035156,188.8699951171875,132001400,188.8699951171875,0.20836684961118934,0.20587065889506104,0.22012932348786135,0.21726382476362083,0.3519885087761624,0.21726382476362083
2023-05-23,186.1999969482422,192.9600067138672,185.25999450683594,185.77000427246094,156952100,185.77000427246094,0.22311611238947404,0.2155312106801397,0.2346077989439906,0.20892513594784856,0.4445964153023313,0.20892513594784856
2023-05-24,182.22999572753906,184.22000122070312,178.22000122070312,182.89999389648438,137605100,182.89999389648438,0.2124698230741538,0.19233525193665815,0.214815858981854,0.20120507333410975,0.3727874012240974,0.20120507333410975
2023-05-25,186.5399932861328,186.77999877929688,180.5800018310547,184.47000122070312,96870700,184.47000122070312,0.22402787517696554,0.19912948081889387,0.22145066508070213,0.20542824790812958,0.22159615177620323,0.20542824790812958
2023-05-26,184.6199951171875,198.60000610351562,184.52999877929688,193.1699981689453,162061500,193.1699981689453,0.21887904653558374,0.2304997588415648,0.23255551976916117,0.22883043548973805,0.46356064626999177,0.22883043548973805
2023-05-30,200.10000610351562,204.47999572753906,197.52999877929688,201.16000366210938,128818700,201.16000366210938,0.26039154650796326,0.2461052406502004,0.269103171031072,0.25032281168728227,0.3401754861314736,0.25032281168728227
2023-05-31,199.77999877929688,203.9499969482422,195.1199951171875,203.92999267578125,150711700,203.92999267578125,0.25953338794144,0.24469862485021246,0.2623277884631719,0.25777382608218286,0.42143432446376144,0.25777382608218286
2023-06-01,202.58999633789062,209.8000030517578,199.3699951171875,207.52000427246094,148029900,207.52000427246094,0.26706891383199227,0.2602245304497453,0.2742760590680273,0.2674306254242358,0.4114804600943498,0.2674306254242358
2023-06-02,210.14999389648438,217.25,209.75,213.97000122070312,164398400,213.97000122070312,0.2873424393946995,0.2799968088522762,0.3034579666491014,0.28478052099104556,0.4722343675187345,0.28478052099104556
2023-06-05,217.8000030517578,221.2899932861328,214.52000427246094,217.61000061035156,151143100,217.61000061035156,0.3078573476287743,0.2907189437139047,0.3168681553158496,0.29457178287541946,0.42303552406438943,0.29457178287541946
2023-06-06,216.13999938964844,221.91000366210938,212.52999877929688,221.30999755859375,146911600,221.30999755859375,0.3034057421332532,0.2923644501283951,0.31127353787173834,0.30452443264636425,0.40732973799564254,0.30452443264636425
2023-06-07,228.0,230.8300018310547,223.1999969482422,224.57000732421875,185710800,224.57000732421875,0.3352105176882881,0.3160381091072845,0.3412707203366491,0.3132935575675455,0.5513382302179102,0.3132935575675455
2023-06-08,224.22000122070312,235.22999572753906,223.00999450683594,234.86000061035156,164489700,234.86000061035156,0.32507375490693446,0.32771568493652736,0.34073655549300086,0.34097268832220934,0.47257323984960453,0.34097268832220934
2023-06-09,249.07000732421875,252.4199981689453,242.02000427246094,244.39999389648438,200242400,244.39999389648438,0.3917136221910672,0.373337920270713,0.3941804945237379,0.3666343884052736,0.6052742341967835,0.3666343884052736
2023-06-12,247.94000244140625,250.97000122070312,244.58999633789062,249.8300018310547,150337900,249.8300018310547,0.38868330601700424,0.36948963099722154,0.40140566173552267,0.3812406078109151,0.42004691507406566,0.3812406078109151
2023-06-13,253.50999450683594,259.67999267578125,251.33999633789062,258.7099914550781,162384300,258.7099914550781,0.403620265407183,0.3926059325380032,0.42038232681382254,0.4051269590522361,0.46475876224375795,0.4051269590522361
2023-06-14,260.1700134277344,261.57000732421875,250.5,256.7900085449219,170575500,256.7900085449219,0.42148033252948824,0.3976220279905772,0.4180207965662449,0.39996238250304117,0.4951615118234152,0.39996238250304117
2023-06-15,248.39999389648438,258.95001220703125,247.2899932861328,255.89999389648438,160171200,255.89999389648438,0.38991685780731566,0.39066856569653885,0.40899631918725954,0.3975683253698002,0.45654454148309537,0.3975683253698002
2023-06-16,258.9200134277344,263.6000061035156,257.2099914550781,260.5400085449219,167915600,260.5400085449219,0.41812822735260535,0.403009641072825,0.436884983310137,0.4100495358610389,0.4852889322737851,0.4100495358610389
2023-06-20,261.5,274.75,261.1199951171875,274.45001220703125,165611200,274.45001220703125,0.4250469364287493,0.43260170467223713,0.44787740256210373,0.44746615990104116,0.47673583918225243,0.44746615990104116
2023-06-21,275.1300048828125,276.989990234375,257.7799987792969,259.4599914550781,211797100,259.4599914550781,0.46159830437164107,0.43854663469579414,0.4384874778410818,0.40714438972383565,0.6481610701387781,0.40714438972383565
2023-06-22,250.77000427246094,265.0,248.25,264.6099853515625,166875900,264.6099853515625,0.3962724770477774,0.4067252223375481,0.411695241540145,0.42099739725092644,0.48142994473374584,0.42099739725092644
2023-06-23,259.2900085449219,262.45001220703125,252.8000030517578,256.6000061035156,177460800,256.6000061035156,0.41912043739080185,0.39995755935514515,0.4244869280613969,0.3994512934990788,0.5207172364645929,0.3994512934990788
2023-06-26,250.07000732421875,258.3699951171875,240.6999969482422,241.0500030517578,179990600,241.0500030517578,0.3943953063325735,0.38912920139098406,0.39046948165075984,0.3576232226989682,0.5301069322218221,0.3576232226989682
2023-06-27,243.24000549316406,250.38999938964844,240.85000610351562,250.2100067138672,164968200,250.2100067138672,0.3760793987357751,0.3679503071884652,0.3908912110579158,0.3822627858188398,0.47434925748729695,0.3822627858188398
2023-06-28,249.6999969482422,259.8800048828125,248.88999938964844,256.239990234375,159770800,256.239990234375,0.3934030553751244,0.39313676457307667,0.4134945088094301,0.3984828840901896,0.4550584025862677,0.3984828840901896
2023-06-29,258.0299987792969,260.739990234375,253.61000061035156,257.5,131283400,257.5,0.41574148918418224,0.39541916413797906,0.42676412100712635,0.40187219388710543,0.34932355441072216,0.40187219388710543
2023-06-30,260.6000061035156,264.45001220703125,259.8900146484375,261.7699890136719,112620800,261.7699890136719,0.4226334370690947,0.40526555573149164,0.4444194873905009,0.41335806962520516,0.2800547837415514,0.41335806962520516
2023-07-03,276.489990234375,284.25,275.1099853515625,279.82000732421875,119685900,279.82000732421875,0.4652453555216071,0.45781468745988285,0.4872082705808326,0.4619109503753797,0.306277860464771,0.4619109503753797
2023-07-05,278.82000732421875,283.8500061035156,277.6000061035156,282.4800109863281,131530900,282.4800109863281,0.4714937254008798,0.456753104383333,0.4942086098175483,0.4690661143413885,0.3502421842233217,0.4690661143413885
2023-07-06,278.0899963378906,279.9700012207031,272.8800048828125,276.5400085449219,120332100,276.5400085449219,0.4695360665157183,0.44645557845424527,0.48093899761985204,0.4530880568551629,0.3086763193936672,0.4530880568551629
2023-07-07,278.42999267578125,280.7799987792969,273.7699890136719,274.42999267578125,113879200,274.42999267578125,0.4704478293032098,0.44860531050717783,0.48344106143856613,0.44741230921254144,0.28472550598872404,0.44741230921254144
2023-07-10,276.4700012207031,277.5199890136719,265.1000061035156,269.6099853515625,119425400,269.6099853515625,0.4651917513006389,0.43995325049578204,0.45906663745032633,0.4344469350615902,0.3053109793892875,0.4344469350615902
2023-07-11,268.6499938964844,270.8999938964844,266.3699951171875,269.7900085449219,91972400,269.7900085449219,0.4442209616728183,0.4223837954490508,0.46263703095633696,0.43493118081076687,0.20341544708506698,0.43493118081076687
2023-07-12,276.3299865722656,276.5199890136719,271.4599914550781,271.989990234375,95672100,271.989990234375,0.4648162762383455,0.4372992523076088,0.47694683180877,0.4408489281937804,0.21714738533829703,0.4408489281937804
2023-07-13,274.5899963378906,279.45001220703125,270.6000061035156,277.8999938964844,112681500,277.8999938964844,0.4601501720204462,0.44507552855409016,0.474529105291904,0.4567462917367206,0.2802800800228637,0.4567462917367206
2023-07-14,277.010009765625,285.29998779296875,276.30999755859375,281.3800048828125,120062400,281.3800048828125,0.4666398836518338,0.46060135316002593,0.4905819342464183,0.4661071996051497,0.3076752912706042,0.4661071996051497
2023-07-17,286.6300048828125,292.2300109863281,283.57000732421875,290.3800048828125,131569600,290.3800048828125,0.4924376719989636,0.4789936221592002,0.5109924192519667,0.4903163676643444,0.3503858245212918,0.4903163676643444
2023-07-18,290.1499938964844,295.260009765625,286.010009765625,293.3399963378906,112120300,293.3399963378906,0.5018771707152039,0.48703523342962124,0.5178521391217149,0.49827847106320733,0.2781971101205168,0.49827847106320733
2023-07-19,296.0400085449219,299.2900085449219,289.5199890136719,291.260009765625,142355400,291.260009765625,0.5176723295911586,0.49773084288821545,0.5277199466212658,0.49268349945333545,0.3904187838454772,0.49268349945333545
2023-07-20,279.55999755859375,280.92999267578125,261.20001220703125,262.8999938964844,175158300,262.8999938964844,0.47347814547727274,0.44900339403668443,0.4481023592309193,0.41639767830472946,0.5121711954807124,0.41639767830472946
2023-07-21,268.0,268.0,255.8000030517578,260.0199890136719,161796100,260.0199890136719,0.44247788334854027,0.41468721690206783,0.43292100142953016,0.40865073139147284,0.4625755781800366,0.40865073139147284
2023-07-24,255.85000610351562,269.8500061035156,254.1199951171875,269.05999755859375,136508500,269.05999755859375,0.40989543739693973,0.4195971297489077,0.42819789803645947,0.43296751873820283,0.36871722161805043,0.43296751873820283
2023-07-25,272.3800048828125,272.8999938964844,265.0,265.2799987792969,112757300,265.2799987792969,0.45422367298249877,0.42769179182539724,0.4587854845122224,0.42279967143691966,0.28056142200183354,0.42279967143691966
2023-07-26,263.25,268.0400085449219,261.75,264.3500061035156,95856200,264.3500061035156,0.4297398836763853,0.4147933995078019,0.44964857169674466,0.42029807710560757,0.2178306974534468,0.42029807710560757
2023-07-27,268.30999755859375,269.1300048828125,255.3000030517578,255.7100067138672,103697300,255.7100067138672,0.4433091988853268,0.4176862478136791,0.43151532253484126,0.39705727741056995,0.2469340034072815,0.39705727741056995
2023-07-28,259.8599853515625,267.25,258.2300109863281,266.44000244140625,111446000,266.44000244140625,0.42064893515419643,0.4126967182609379,0.43975262316463415,0.4259199740597293,0.275694354231079,0.4259199740597293
2023-07-31,267.4800109863281,269.0799865722656,263.7799987792969,267.42999267578125,84582200,267.42999267578125,0.4410834370568189,0.4175534993081122,0.4553556245773483,0.4285829562776122,0.17598571762618634,0.4285829562776122
2023-08-01,266.260009765625,266.4700012207031,260.25,261.07000732421875,83166000,261.07000732421875,0.437811779130641,0.4106266029139066,0.44543153501267807,0.41147518358539076,0.17072929928031386,0.41147518358539076
2023-08-02,255.57000732421875,259.5199890136719,250.49000549316406,254.11000061035156,101752900,254.11000061035156,0.40914456911085817,0.39218128310866385,0.41799269843160075,0.3927534088932647,0.2397170991340754,0.3927534088932647
2023-08-03,252.0399932861328,260.489990234375,252.0,259.32000732421875,97569100,259.32000732421875,0.3996781864456285,0.39475566459093575,0.42223783325031156,0.40676784535165844,0.22418835808375676,0.40676784535165844
2023-08-04,260.9700012207031,264.7699890136719,253.11000061035156,253.86000061035156,99539900,253.86000061035156,0.42362564710729117,0.40611477359657333,0.4253584421124375,0.39208093200273153,0.23150324953697346,0.39208093200273153
2023-08-07,251.4499969482422,253.64999389648438,242.75999450683594,251.4499969482422,111097900,251.4499969482422,0.3980960026227604,0.3766023267030625,0.3962608718332115,0.3855982449272559,0.27440233387646934,0.3855982449272559
2023-08-08,247.4499969482422,250.9199981689453,245.00999450683594,249.6999969482422,96642200,249.6999969482422,0.3873692660567352,0.36935692298845313,0.4025864268593115,0.3808909066935236,0.2207480430401265,0.3808909066935236
2023-08-09,250.8699951171875,251.10000610351562,241.89999389648438,242.19000244140625,101596300,242.19000244140625,0.39654062091037645,0.36983466372065954,0.39384310241843007,0.3606897156780102,0.23913585699810336,0.3606897156780102
2023-08-10,245.39999389648438,251.8000030517578,243.0,245.33999633789062,109498600,245.33999633789062,0.38187180538279675,0.3716924543530211,0.39693561314591175,0.3691629080808356,0.26846631505105356,0.3691629080808356
2023-08-11,241.77000427246094,243.7899932861328,238.02000427246094,242.64999389648438,99038600,242.64999389648438,0.37213731977422065,0.35043390294780247,0.3829350633662269,0.3619270501715413,0.2296426066074537,0.3619270501715413
2023-08-14,235.6999969482422,240.66000366210938,233.75,239.75999450683594,98595300,239.75999450683594,0.3558594773940361,0.34212691615664326,0.37093055359416754,0.354153218958767,0.2279972385431088,0.354153218958767
2023-08-15,238.72999572753906,240.5,232.61000061035156,232.9600067138672,88197600,232.9600067138672,0.36398497706926003,0.34170226672730386,0.3677256074301935,0.33586188037204995,0.18940476499779157,0.33586188037204995
2023-08-16,228.02000427246094,233.97000122070312,225.3800048828125,225.60000610351562,112484500,225.60000610351562,0.33526416282850896,0.32437166179827653,0.34739950262440866,0.3160641590729637,0.27954888780839054,0.3160641590729637
2023-08-17,226.05999755859375,226.74000549316406,218.8300018310547,219.22000122070312,120718400,219.22000122070312,0.3300080439066854,0.30518326623688763,0.3289851005244013,0.2989025356922425,0.31011012422844375,0.2989025356922425
2023-08-18,214.1199951171875,217.5800018310547,212.36000061035156,215.49000549316406,136276600,215.49000549316406,0.29798872871001975,0.2808726331139892,0.31079561219529395,0.28886919197801236,0.36785649332091175,0.28886919197801236
2023-08-21,221.5500030517578,232.1300048828125,220.5800018310547,231.27999877929688,135702700,231.27999877929688,0.317913663159423,0.31948831485126944,0.33390497665581237,0.33134281432440627,0.3657263856463628,0.33134281432440627
2023-08-22,240.25,240.82000732421875,229.5500030517578,233.19000244140625,130442800,233.19000244140625,0.3680611484217403,0.3425515655859826,0.35912285945836403,0.3364805476188155,0.34620355351992965,0.3364805476188155
2023-08-23,229.33999633789062,238.97999572753906,229.2899932861328,236.86000061035156,101077600,236.86000061035156,0.3388039646172859,0.337668178142177,0.3583918789784599,0.34635250344647484,0.23721063160903116,0.34635250344647484
2023-08-24,238.66000366210938,238.9199981689453,228.17999267578125,230.0399932861328,99777400,230.0399932861328,0.3637972804573659,0.33750894473037435,0.355271270116334,0.3280073141712581,0.23238476299350835,0.3280073141712581
2023-08-25,231.30999755859375,239.0,230.35000610351562,238.58999633789062,106612200,238.58999633789062,0.34408688564959355,0.33772126944504405,0.36137195426944935,0.3510060320364395,0.25775305003655963,0.3510060320364395
2023-08-28,242.5800018310547,244.3800048828125,235.35000610351562,238.82000732421875,107673700,238.82000732421875,0.37430947738176035,0.35199979265639153,0.3754287432163381,0.35162474032793717,0.26169295123281977,0.35162474032793717
2023-08-29,238.5800018310547,257.4800109863281,237.77000427246094,257.17999267578125,134047600,257.17999267578125,0.3635827408157351,0.3867671851201803,0.38223222391888245,0.40101140376575156,0.35958325755410636,0.40101140376575156
2023-08-30,254.1999969482422,260.510009765625,250.58999633789062,256.8999938964844,121988400,256.8999938964844,0.40547063401190275,0.39480879639060135,0.4182738084717892,0.40025823293193297,0.31482390144865136,0.40025823293193297
2023-08-31,255.97999572753906,261.17999267578125,255.0500030517578,258.0799865722656,108861700,258.0799865722656,0.4102440285102438,0.39658692982026306,0.4308124830874968,0.4034323041537782,0.2661023743332975,0.4034323041537782
2023-09-01,257.260009765625,259.0799865722656,242.00999450683594,245.00999450683594,132541600,245.00999450683594,0.41367662185708426,0.39101351742637985,0.3941523534911782,0.3682752336599639,0.3539935343307735,0.3682752336599639
2023-09-05,245.0,258.0,244.86000061035156,256.489990234375,129469600,256.489990234375,0.38079914809389526,0.3881472350203355,0.402164740350071,0.39915536098072285,0.34259138974772013,0.39915536098072285
2023-09-06,255.13999938964844,255.38999938964844,245.05999755859375,251.9199981689453,116959800,251.9199981689453,0.4079914236519991,0.3812202981293314,0.4027270033283635,0.38686250476503686,0.29615957063799303,0.38686250476503686
2023-09-07,245.07000732421875,252.80999755859375,243.27000427246094,251.49000549316406,115312900,251.49000549316406,0.380986885625042,0.37437297794422864,0.3976946917604601,0.3857058642147912,0.2900468779577096,0.3857058642147912
2023-09-08,251.22000122070312,256.5199890136719,246.6699981689453,248.5,118367700,248.5,0.3974792267276047,0.38421928854414417,0.40725329108517827,0.3776630258279107,0.3013851824083319,0.3776630258279107
2023-09-11,264.2699890136719,274.8500061035156,260.6099853515625,273.5799865722656,174667900,273.5799865722656,0.4324751720388599,0.43286712068977384,0.4464435826348552,0.44512587136683573,0.5103510093793032,0.44512587136683573
2023-09-12,270.760009765625,278.3900146484375,266.6000061035156,267.4800109863281,135999900,267.4800109863281,0.4498793577674194,0.4422622969541143,0.463283674134393,0.42871750090939736,0.3668294837486035,0.42871750090939736
2023-09-13,270.07000732421875,274.9800109863281,268.1000061035156,271.29998779296875,111673700,271.29998779296875,0.4480289891626996,0.4332121534132119,0.4675007108184596,0.43899288540875164,0.2765394936586706,0.43899288540875164
2023-09-14,271.32000732421875,276.7099914550781,270.4200134277344,276.0400085449219,107709800,276.0400085449219,0.4513810943395825,0.4378035184428495,0.47402308148081546,0.45174310307409654,0.26182694127821304,0.45174310307409654
2023-09-15,277.54998779296875,278.9800109863281,271.0,274.3900146484375,133692300,274.3900146484375,0.4680879341645234,0.4438281461659049,0.4756536312484889,0.44730477201447033,0.35826451342313015,0.44730477201447033
2023-09-18,271.1600036621094,271.44000244140625,263.760009765625,265.2799987792969,101543300,265.2799987792969,0.4509520150563209,0.4238169771488715,0.45529942830805986,0.42279967143691966,0.23893914031096083,0.42279967143691966
2023-09-19,264.3500061035156,267.8500061035156,261.20001220703125,266.5,103704000,266.5,0.43268975259974335,0.41428913337256124,0.4481023592309193,0.42608136194630014,0.2469588713658448,0.42608136194630014
2023-09-20,267.0400085449219,273.92999267578125,262.4599914550781,262.5899963378906,122514600,262.5899963378906,0.4399034894874757,0.43042540671947177,0.4516446117043702,0.4155638135276254,0.3167769641047721,0.4155638135276254
2023-09-21,257.8500061035156,260.8599853515625,254.2100067138672,255.6999969482422,119951500,255.6999969482422,0.4152588056799524,0.3957376309615843,0.42845095283991924,0.3970303520663201,0.30726367088184753,0.3970303520663201
2023-09-22,257.3999938964844,257.7900085449219,244.47999572753906,244.8800048828125,127524100,244.8800048828125,0.4140520150808724,0.38758991807902626,0.4010964106627745,0.36792557358730443,0.33537040267534696,0.36792557358730443
2023-09-25,243.3800048828125,247.10000610351562,238.30999755859375,246.99000549316406,104636600,246.99000549316406,0.3764548328788159,0.3592186709679666,0.3837503382500636,0.37360128018519384,0.2504203427324319,0.37360128018519384
2023-09-26,242.97999572753906,249.5500030517578,241.66000366210938,244.1199951171875,101993600,244.1199951171875,0.3753821346706618,0.36572095842963137,0.3931684040036453,0.36588121757145503,0.240610489824551,0.36588121757145503
2023-09-27,244.25999450683594,245.3300018310547,234.5800018310547,240.5,136597200,240.5,0.37881468709824967,0.3545210828357964,0.37326398570710095,0.35614376533084874,0.36904644369634365,0.35614376533084874
2023-09-28,240.02000427246094,247.5500030517578,238.64999389648438,246.3800048828125,117058900,246.3800048828125,0.36744437252658463,0.3604129620532849,0.38470618960295233,0.37196043493050357,0.2965273937265935,0.37196043493050357
2023-09-29,250.0,254.77000427246094,246.35000610351562,250.22000122070312,128522700,250.22000122070312,0.3942075688014268,0.3795748322116395,0.4063536788994934,0.3822896701183576,0.3390768419919606,0.3822896701183576
2023-10-02,244.80999755859375,254.27999877929688,242.6199951171875,251.60000610351562,123810400,251.60000610351562,0.3802896215599287,0.37827435852058716,0.39586728345861527,0.38600175568841505,0.3215865015236264,0.38600175568841505
2023-10-03,248.61000061035156,250.02000427246094,244.4499969482422,246.52999877929688,101985300,246.52999877929688,0.3904800294815031,0.36696834081781665,0.4010120733609264,0.37236390464693064,0.24057968324901735,0.37236390464693064
2023-10-04,248.13999938964844,261.8599853515625,247.60000610351562,261.1600036621094,129721600,261.1600036621094,0.389219634661455,0.39839162914975756,0.4098678761362156,0.411717265415247,0.3435267219205487,0.411717265415247
2023-10-05,260.0,263.6000061035156,256.25,260.04998779296875,119159200,260.04998779296875,0.42102441021648984,0.403009641072825,0.43418610385516704,0.40873142533475826,0.3043229419908471,0.40873142533475826
2023-10-06,253.97999572753906,261.6499938964844,250.64999389648438,260.5299987792969,118121800,260.5299987792969,0.4048806602272312,0.39783431220844834,0.4184424830754854,0.41002261051678907,0.3004724912127027,0.41002261051678907
2023-10-09,255.30999755859375,261.3599853515625,252.0500030517578,259.6700134277344,101377900,259.6700134277344,0.40844730504574484,0.39706463005567094,0.4223784097193636,0.4077093294162977,0.2383252357816519,0.4077093294162977
2023-10-10,257.75,268.94000244140625,257.6499938964844,263.6199951171875,122656000,263.6199951171875,0.4149906208981007,0.4171819816784384,0.4381219876011297,0.4183344150330436,0.31730178937952586,0.4183344150330436
2023-10-11,266.20001220703125,268.6000061035156,260.8999938964844,262.989990234375,103706300,262.989990234375,0.4376508846292311,0.41627963201369117,0.4472589004166074,0.4166397601345857,0.24696740812773965,0.4166397601345857
2023-10-12,262.9200134277344,265.4100036621094,256.6300048828125,258.8699951171875,111508100,258.8699951171875,0.4288549639186306,0.40781337131393075,0.4352544335424635,0.40555735411291305,0.27592484680224033,0.40555735411291305
2023-10-13,258.8999938964844,259.6000061035156,250.22000122070312,251.1199951171875,102073800,251.1199951171875,0.4180745412931319,0.39239364832013207,0.4172336198170524,0.38471057050638424,0.2409081630001893,0.38471057050638424
2023-10-16,250.0500030517578,255.39999389648438,248.47999572753906,253.9199981689453,88917200,253.9199981689453,0.39434166119235264,0.38124682353236566,0.41234184182028555,0.39224231988930236,0.19207565798020212,0.39224231988930236
2023-10-17,250.10000610351562,257.17999267578125,247.0800018310547,254.85000610351562,93562900,254.85000610351562,0.3944757535832785,0.38597093706757013,0.4084059580743229,0.3947439552653465,0.2093188035171459,0.3947439552653465
2023-10-18,252.6999969482422,254.6300048828125,242.0800018310547,242.67999267578125,125147800,242.67999267578125,0.4014481077996433,0.3792032740851672,0.3943491691274341,0.3620077441148267,0.3265504429837096,0.3620077441148267
2023-10-19,225.9499969482422,230.61000061035156,216.77999877929688,220.11000061035156,170772700,220.11000061035156,0.32971305701434966,0.31545422626614256,0.32322180847659376,0.3012965517807514,0.49589344636500965,0.3012965517807514
2023-10-20,217.00999450683594,218.86000061035156,210.4199981689453,211.99000549316406,138010100,211.99000549316406,0.30573879424220285,0.28426974755510703,0.30534157122023464,0.27945451551054773,0.37429061364471483,0.27945451551054773
2023-10-23,210.0,216.97999572753906,202.50999450683594,212.0800018310547,150683400,212.0800018310547,0.28694020314117463,0.2792802180023658,0.28310372081075685,0.279696597340404,0.4213292851760986,0.279696597340404
2023-10-24,216.5,222.0500030517578,214.11000061035156,216.52000427246094,118231100,216.52000427246094,0.3043711500609656,0.2927360082548674,0.31571548832670504,0.2916397934834305,0.3008781729844891,0.2916397934834305
2023-10-25,215.8800048828125,220.10000610351562,212.1999969482422,212.4199981689453,107065100,212.4199981689453,0.30270851898739254,0.2875607198872893,0.31034578465349383,0.2806111560607934,0.25943404980272655,0.2806111560607934
2023-10-26,211.32000732421875,214.8000030517578,204.8800048828125,205.75999450683594,115112600,205.75999450683594,0.2904800458492042,0.2734945213906115,0.2897666679421647,0.2626963618462536,0.28930343734573516,0.2626963618462536
2023-10-27,210.60000610351562,212.41000366210938,205.77000427246094,207.3000030517578,94881200,207.3000030517578,0.28854922999377947,0.2671514673407494,0.29226877465879425,0.266838842476988,0.21421185273714569,0.266838842476988
2023-10-30,209.27999877929688,210.8800048828125,194.6699981689453,197.36000061035156,136448200,197.36000061035156,0.28500938728574987,0.2630908533525882,0.26106268603753496,0.2401011547422314,0.36849340999098074,0.2401011547422314
2023-10-31,196.1199951171875,202.8000030517578,194.07000732421875,200.83999633789062,118068300,200.83999633789062,0.24971841416290624,0.24164654313253267,0.2593758971026576,0.24946202156592837,0.30027391870775694,0.24946202156592837
2023-11-01,204.0399932861328,205.99000549316406,197.85000610351562,205.66000366210938,121661700,205.66000366210938,0.27095734765332585,0.25011280383229306,0.2700028261146723,0.2624273957168796,0.31361131009602,0.2624273957168796
2023-11-02,212.97000122070312,219.1999969482422,211.4499969482422,218.50999450683594,125987600,218.50999450683594,0.29490480831498855,0.28517209721985426,0.3082372663114605,0.29699268326344613,0.329667474566017,0.29699268326344613
2023-11-03,221.14999389648438,226.3699951171875,218.39999389648438,219.9600067138672,119534800,219.9600067138672,0.31684096495126884,0.30420125936944054,0.3277761943680528,0.3008930820643243,0.3057170323246345,0.3008930820643243
2023-11-06,223.97999572753906,226.32000732421875,215.0,219.27000427246094,117335800,219.27000427246094,0.324430135982042,0.3040685918574707,0.31821759504333463,0.29903703927929554,0.29755514562602303,0.29903703927929554
2023-11-07,219.97999572753906,223.1199951171875,215.72000122070312,222.17999267578125,116900100,222.17999267578125,0.31370339941601677,0.29557576525787754,0.32024177608351984,0.30686463909110545,0.2959379859922872,0.30686463909110545
2023-11-08,223.14999389648438,224.14999389648438,217.63999938964844,222.11000061035156,106584800,222.11000061035156,0.32220433323428144,0.2983093801519521,0.32563957789137526,0.3066763669050169,0.2576513512209425,0.3066763669050169
2023-11-09,219.75,220.8000030517578,206.67999267578125,209.97999572753906,142110500,209.97999572753906,0.3130866235208611,0.2894185105196509,0.2948270776447123,0.27404777504203237,0.38950980428545445,0.27404777504203237
2023-11-10,210.02999877929688,215.3800048828125,205.69000244140625,214.64999389648438,130994000,214.64999389648438,0.2870206503918796,0.27503384519936774,0.2920438608878942,0.28660963843182446,0.3482494070662119,0.28660963843182446
2023-11-13,215.60000610351562,225.39999389648438,211.61000061035156,223.7100067138672,140447600,223.7100067138672,0.301957650701311,0.30162687788716863,0.30868709385326065,0.31098023542232206,0.3833377254354676,0.31098023542232206
2023-11-14,235.02999877929688,238.13999938964844,230.72000122070312,237.41000366210938,149771600,237.41000366210938,0.35406275392953723,0.3354388293833431,0.36241214292418616,0.3478319608145943,0.4179450158301259,0.3478319608145943
2023-11-15,239.2899932861328,246.6999969482422,236.4499969482422,242.83999633789062,150354000,242.83999633789062,0.3654867136414231,0.35815704739461823,0.37852121104590436,0.36243813917550366,0.42010667240732974,0.36243813917550366
2023-11-16,239.49000549316406,240.8800048828125,230.9600067138672,233.58999633789062,136816800,233.58999633789062,0.3660230832051265,0.3427107989977852,0.3630868842368864,0.33755649422577577,0.3698615188755229,0.33755649422577577
2023-11-17,232.0,237.38999938964844,226.5399932861328,234.3000030517578,142532800,234.3000030517578,0.3459372542543133,0.3334483307422132,0.3506606450576711,0.33946634665457215,0.3910772280020637,0.33946634665457215
2023-11-20,234.0399932861328,237.10000610351562,231.02000427246094,235.60000610351562,116320100,235.60000610351562,0.351407871898515,0.33267868908623427,0.3632555588405826,0.34296323469429113,0.29378523734053885,0.34296323469429113
2023-11-21,235.0399932861328,243.6199951171875,233.33999633789062,241.1999969482422,122288000,241.1999969482422,0.35408955604002135,0.34998272811542885,0.3697778866050229,0.35802669241539525,0.3159359074763476,0.35802669241539525
2023-11-22,242.0399932861328,244.00999450683594,231.39999389648438,234.2100067138672,117950600,234.2100067138672,0.37286134503056545,0.35101778578894444,0.3643238456299636,0.3392242648247159,0.2998370591968763,0.3392242648247159
2023-11-24,233.75,238.75,232.3300018310547,235.4499969482422,65125200,235.4499969482422,0.35063020150194935,0.33705776989800074,0.36693843068100096,0.342559723933132,0.10376842363124159,0.342559723933132
2023-11-27,236.88999938964844,238.3300018310547,232.10000610351562,236.0800018310547,112031800,236.0800018310547,0.359050688069509,0.33594309551858376,0.36629183040086044,0.3442543788315899,0.27786863036934484,0.3442543788315899
2023-11-28,236.67999267578125,247.0,234.00999450683594,246.72000122070312,148549900,246.72000122070312,0.35848751639532156,0.3589532549504299,0.37166149117615616,0.372874993650893,0.4134105106097104,0.372874993650893
2023-11-29,249.2100067138672,252.75,242.75999450683594,244.13999938964844,135401300,244.13999938964844,0.392089056334108,0.374213744532426,0.3962608718332115,0.3659350272152227,0.36460769867457493,0.3659350272152227
2023-11-30,245.13999938964844,245.22000122070312,236.91000366210938,240.0800018310547,132353200,240.0800018310547,0.38117458223693607,0.35422914141522543,0.37981445450410095,0.3550140090801209,0.353294262182516,0.3550140090801209
2023-12-01,233.13999938964844,240.19000244140625,231.89999389648438,238.8300018310547,121331700,238.8300018310547,0.3489943725388604,0.3408795337684579,0.36572952452465246,0.3516516246274549,0.31238647034588735,0.3516516246274549
2023-12-04,235.75,239.3699951171875,233.2899932861328,235.5800018310547,104099800,235.5800018310547,0.35599356978496194,0.3387032358156926,0.36963731013597095,0.3429094250505235,0.24842793673888272,0.3429094250505235
2023-12-05,233.8699951171875,246.66000366210938,233.6999969482422,238.72000122070312,137971100,238.72000122070312,0.3509519905047693,0.3580509052856826,0.3707899771251155,0.35135573315383106,0.37414585985606275,0.35135573315383106
2023-12-06,242.9199981689453,246.57000732421875,239.1699981689453,239.3699951171875,126436200,239.3699951171875,0.37522124016925185,0.3578120551679787,0.3861681076648451,0.3531041566513245,0.3313325142990762,0.3531041566513245
2023-12-07,241.5500030517578,244.0800018310547,236.97999572753906,242.63999938964844,107142300,242.63999938964844,0.3715473459895491,0.35120358510057986,0.38001122724244135,0.36190016587202356,0.25972058807154547,0.36190016587202356
2023-12-08,240.27000427246094,245.27000427246094,239.27000427246094,243.83999633789062,103126800,243.83999633789062,0.3681147935619612,0.3543618494239938,0.3864492606029491,0.36512804673763644,0.24481651529379453,0.36512804673763644
2023-12-11,242.74000549316406,243.44000244140625,237.4499969482422,239.74000549316406,97913900,239.74000549316406,0.374738556665022,0.34950502788002097,0.3813325688352821,0.35409945035973145,0.2254681300408651,0.35409945035973145
2023-12-12,238.5500030517578,238.99000549316406,233.8699951171875,237.00999450683594,95328300,237.00999450683594,0.36350229356503017,0.3376947440420098,0.3712679028015599,0.3467559731629019,0.21587132501679515,0.3467559731629019
2023-12-13,234.19000244140625,240.3000030517578,228.1999969482422,239.2899932861328,146286300,239.2899932861328,0.35181014907129254,0.3411714751890289,0.3553275092835379,0.352888959120986,0.4050088522509214,0.352888959120986
2023-12-14,241.22000122070312,253.8800048828125,240.7899932861328,251.0500030517578,160829200,251.0500030517578,0.37066238531254164,0.37721277544403725,0.3907224935563041,0.38452229832029566,0.4589867977121478,0.38452229832029566
2023-12-15,251.2100067138672,254.1300048828125,248.3000030517578,253.5,135932800,253.5,0.3974524246171206,0.37787627499108056,0.411835818009197,0.39111256363857444,0.36658043299940984,0.39111256363857444
2023-12-18,253.77999877929688,258.739990234375,251.36000061035156,252.0800018310547,116416500,252.0800018310547,0.40434433158278044,0.3901111677616326,0.4204385659810264,0.3872928998257138,0.2941430390130019,0.3872928998257138
2023-12-19,253.47999572753906,258.3399963378906,253.00999450683594,257.2200012207031,106737400,257.2200012207031,0.403539818156478,0.3890495846850827,0.4250772891743335,0.40111902305328684,0.2582177468144887,0.40111902305328684
2023-12-20,256.4100036621094,259.8399963378906,247.0,247.13999938964844,125097000,247.13999938964844,0.41139717396910286,0.3930305819673426,0.4081810443034228,0.3740047499016209,0.32636189189490133,0.3740047499016209
2023-12-21,251.89999389648438,254.8000030517578,248.5500030517578,254.5,109594200,254.5,0.3993027523025877,0.3796544489175408,0.4125386574565414,0.3938024712007072,0.2688211474150314,0.3938024712007072
2023-12-22,256.760009765625,258.2200012207031,251.3699951171875,252.5399932861328,93370100,252.5399932861328,0.4123357797863311,0.38873111786147746,0.42046666411567063,0.3885302343192449,0.2086032001722199,0.3885302343192449
2023-12-26,254.49000549316406,257.9700012207031,252.91000366210938,256.6099853515625,86892400,256.6099853515625,0.4062483453277211,0.38806761831443415,0.424796179134145,0.3994781367538645,0.18456033820423645,0.3994781367538645
2023-12-27,258.3500061035156,263.3399963378906,257.5199890136719,261.44000244140625,106494400,261.44000244140625,0.4165996477507055,0.4023195756259489,0.4377564973611776,0.4124704362490656,0.2573158193621183,0.4124704362490656
2023-12-28,263.6600036621094,265.1300048828125,252.7100067138672,253.17999267578125,113619900,253.17999267578125,0.4308393839950236,0.40707025506098615,0.4242339161558526,0.39025177351722057,0.2837630788759683,0.39025177351722057
2023-12-29,255.10000610351562,255.19000244140625,247.42999267578125,248.47999572753906,100891600,248.47999572753906,0.40788417429081003,0.38068950659105644,0.4093899075618558,0.37760921618414306,0.23652026738622908,0.37760921618414306
2024-01-02,250.0800018310547,251.25,244.41000366210938,248.4199981689453,104654200,248.4199981689453,0.39442210844305764,0.37023274725016614,0.4008996379244341,0.37744782829757223,0.25048566751910567,0.37744782829757223
2024-01-03,244.97999572753906,245.67999267578125,236.32000732421875,238.4499969482422,121082600,238.4499969482422,0.38074550295367443,0.3554499579035779,0.3781557637038678,0.3506294466195302,0.31146190191631745,0.3506294466195302
2024-01-04,239.25,242.6999969482422,237.72999572753906,237.92999267578125,102629300,237.92999267578125,0.36537946428023405,0.3475410546419253,0.38211974558447465,0.3492306831946962,0.24296997657957933,0.3492306831946962
2024-01-05,236.86000061035156,240.1199951171875,234.89999389648438,237.49000549316406,92488900,237.49000549316406,0.3589702408188041,0.3406937344568225,0.37416359789278575,0.34804715834493277,0.20533250687580495,0.34804715834493277
2024-01-08,236.13999938964844,241.25,235.3000030517578,240.4499969482422,85166600,240.4499969482422,0.3570394249633793,0.3436927653684338,0.37528816674728616,0.3560092617437957,0.17815479747460314,0.3560092617437957
2024-01-09,238.11000061035156,238.9600067138672,232.0399932861328,234.9600067138672,96705700,234.9600067138672,0.36232234599568697,0.33761512733610843,0.36612311289924876,0.34124169549631544,0.22098373190113688,0.34124169549631544
2024-01-10,235.10000610351562,235.5,231.2899932861328,233.94000244140625,91628500,233.94000244140625,0.35425049146068394,0.3284322757864377,0.36401459455721547,0.33849797829041506,0.20213901560000444,0.33849797829041506
2024-01-11,230.57000732421875,230.92999267578125,225.3699951171875,227.22000122070312,105873600,227.22000122070312,0.34210246557320056,0.3163034846280227,0.347371361591849,0.32042179618930444,0.25501163597762627,0.32042179618930444
2024-01-12,220.0800018310547,225.33999633789062,217.14999389648438,218.88999938964844,123043800,218.88999938964844,0.31397158419786847,0.301467644475366,0.3242619971313306,0.29801486127137083,0.3187411616677121,0.29801486127137083
2024-01-16,215.10000610351562,223.49000549316406,212.17999267578125,219.91000366210938,115355000,219.91000366210938,0.30061680863055784,0.29655777212532464,0.3102895454862899,0.3007585784772712,0.29020313781674173,0.3007585784772712
2024-01-17,214.86000061035156,215.6699981689453,212.00999450683594,215.5500030517578,103164400,215.5500030517578,0.29997318970566533,0.27580348685534667,0.30981161980984556,0.2890305798645832,0.2449560727925975,0.2890305798645832
2024-01-18,216.8800048828125,217.4499969482422,208.74000549316406,211.8800048828125,108595400,211.8800048828125,0.30539020312889886,0.28052760039055114,0.30061851072507945,0.2791586240369238,0.2651139657712964,0.2791586240369238
2024-01-19,209.99000549316406,213.19000244140625,207.55999755859375,212.19000244140625,102260300,212.19000244140625,0.2869134010306905,0.2692215826877806,0.29730108622669765,0.2799924888140279,0.2416003830407946,0.2799924888140279
2024-01-22,212.25999450683594,217.8000030517578,206.27000427246094,208.8000030517578,117952500,208.8000030517578,0.2930007945700479,0.28145651595513116,0.29367445355348315,0.2708737038201871,0.2998441113045286,0.2708737038201871
2024-01-23,211.3000030517578,215.64999389648438,207.75,209.13999938964844,106605900,209.13999938964844,0.29042640070898335,0.2757503955524796,0.29783525107034586,0.2717882625405766,0.2577296667322389,0.2717882625405766
2024-01-24,211.8800048828125,212.72999572753906,206.77000427246094,207.8300018310547,123369900,207.8300018310547,0.2919817824213673,0.26800072570262956,0.29508013244817205,0.2682644902013398,0.3199515260389796,0.2682644902013398
2024-01-25,189.6999969482422,193.0,180.05999755859375,182.6300048828125,198076800,182.6300048828125,0.2325020068847461,0.21563735278907525,0.21998874701880936,0.20047882784454102,0.5972363161274279,0.20047882784454102
2024-01-26,185.5,186.77999877929688,182.10000610351562,183.25,107343200,183.25,0.22123894167427013,0.19912948081889387,0.22572394093197265,0.20214655739874907,0.26046625566488385,0.20214655739874907
2024-01-29,185.6300048828125,191.47999572753906,183.6699981689453,190.92999267578125,125013100,190.92999267578125,0.2215875737068268,0.21160326420394834,0.23013775035437967,0.22280502777445715,0.3260504856675191,0.22280502777445715
2024-01-30,195.3300018310547,196.36000061035156,190.61000061035156,191.58999633789062,109982300,191.58999633789062,0.24759990169558743,0.22455478832120926,0.24964858027632778,0.22458037661620045,0.27026163319389956,0.22458037661620045
2024-01-31,187.0,193.97000122070312,185.85000610351562,187.2899932861328,103221400,187.2899932861328,0.2252614678865296,0.21821173427134719,0.23626653264213923,0.21301376589008322,0.24516763602216587,0.21301376589008322
2024-02-01,188.5,189.8800048828125,184.27999877929688,188.86000061035156,91843300,188.86000061035156,0.22928399409878905,0.2073568914009503,0.23185268032181672,0.21723694046410305,0.20293627492827265,0.21723694046410305
2024-02-02,185.0399932861328,188.69000244140625,182.0,187.91000366210938,110612700,187.91000366210938,0.22000534896470608,0.2041986270775364,0.2254427879938687,0.21468153648902336,0.27260144828021365,0.21468153648902336
2024-02-05,184.25999450683594,184.67999267578125,175.00999450683594,181.05999755859375,134294400,181.05999755859375,0.21791363860787138,0.19355606842501066,0.2057913816028686,0.19625565327052122,0.36049928922178137,0.19625565327052122
2024-02-06,177.2100067138672,186.49000549316406,177.11000061035156,185.10000610351562,122676000,185.10000610351562,0.19900779814565403,0.19835983916291497,0.2116952501197281,0.20712290280658746,0.3173760220916551,0.20712290280658746
2024-02-07,188.17999267578125,189.7899932861328,182.67999267578125,187.5800018310547,111535200,187.5800018310547,0.22842583553226578,0.20711800078644782,0.22735449069964614,0.2137938620681517,0.2760254321271755,0.2137938620681517
2024-02-08,189.0,191.6199951171875,185.5800018310547,189.55999755859375,83034000,189.55999755859375,0.2306248361695422,0.21197482233042067,0.2355074540275909,0.21911986754864954,0.17023936338026077,0.21911986754864954
2024-02-09,190.17999267578125,194.1199951171875,189.47999572753906,193.57000732421875,84476300,193.57000732421875,0.23378920381527837,0.21860981780085376,0.24647173224699795,0.2299064231414304,0.17559265541546193,0.2299064231414304
2024-02-12,192.11000061035156,194.72999572753906,187.27999877929688,188.1300048828125,95498600,188.1300048828125,0.23896487548639692,0.22022875831551136,0.24028675368995,0.21527331943627112,0.21650341656057576,0.21527331943627112
2024-02-13,183.99000549316406,187.25999450683594,182.11000061035156,184.02000427246094,86759500,184.02000427246094,0.2171896133515266,0.20040338861011342,0.22575203906661687,0.20421779771411624,0.18406706183213756,0.20421779771411624
2024-02-14,185.3000030517578,188.88999938964844,183.35000610351562,188.7100067138672,81203000,188.7100067138672,0.22070261302981942,0.20472941861581131,0.22923813816869484,0.21683347074767598,0.16344335858482759,0.21683347074767598
2024-02-15,189.16000366210938,200.8800048828125,188.86000061035156,200.4499969482422,120831800,200.4499969482422,0.23105391545280385,0.23655087147085588,0.2447287041449167,0.24841295925848586,0.3105310237062166,0.24841295925848586
2024-02-16,202.05999755859375,203.1699981689453,197.39999389648438,199.9499969482422,111346700,199.9499969482422,0.26564762451053414,0.24262850950318124,0.2687376807911199,0.2470680054774195,0.27532578881535724,0.2470680054774195
2024-02-20,196.1300048828125,198.60000610351562,189.1300048828125,193.75999450683594,104545800,193.75999450683594,0.249745257192643,0.2304997588415648,0.24548778275946503,0.23041747110066066,0.2500833262193651,0.23041747110066066
2024-02-21,193.36000061035156,199.44000244140625,191.9499969482422,194.77000427246094,103500300,194.77000427246094,0.2423169806632798,0.23272910760039864,0.2534157894185943,0.23313430400704327,0.24620281119280835,0.23313430400704327
2024-02-22,194.0,198.32000732421875,191.36000061035156,197.41000366210938,92739500,197.41000366210938,0.24403325687707372,0.22975664258862016,0.2517570986183611,0.24023565832928445,0.2062626427587845,0.24023565832928445
2024-02-23,195.30999755859375,197.57000732421875,191.5,191.97000122070312,78841900,191.97000122070312,0.24754625655536658,0.22776614394749023,0.25215068699295734,0.22560255462412518,0.1546798157544085,0.22560255462412518
2024-02-26,192.2899932861328,201.77999877929688,192.0,199.39999389648438,111747100,199.39999389648438,0.23944755899062678,0.23893945364149238,0.25355636588764624,0.24558854810930006,0.27681192771218494,0.24558854810930006
2024-02-27,204.0399932861328,205.60000610351562,198.25999450683594,199.72999572753906,108645400,199.72999572753906,0.27095734765332585,0.24907774615877742,0.2711554502059014,0.24647622253017173,0.26529954755161955,0.24647622253017173
2024-02-28,200.4199981689453,205.3000030517578,198.44000244140625,202.0399932861328,99806200,202.0399932861328,0.2612496641552339,0.24828153860296573,0.2716615169149055,0.2526899024315412,0.23249165809897449,0.2526899024315412
2024-02-29,204.17999267578125,205.27999877929688,198.4499969482422,201.8800048828125,85907000,201.8800048828125,0.27133278179636666,0.2482284473000987,0.2716896150495497,0.2522595484155964,0.1809028924776281,0.2522595484155964
2024-03-01,200.52000427246094,204.52000427246094,198.5,202.63999938964844,82243100,202.63999938964844,0.2615178489370856,0.2462114232559345,0.27183019151860166,0.25430386338671374,0.16730383077910943,0.25430386338671374
2024-03-04,198.72999572753906,199.75,186.72000122070312,188.13999938964844,134334900,188.13999938964844,0.25671761140900784,0.23355184055924458,0.23871240019156492,0.2153002037357889,0.3606496104638431,0.2153002037357889
2024-03-05,183.0500030517578,184.58999633789062,177.57000732421875,180.74000549316406,119660800,180.74000549316406,0.21466882371143023,0.19331721830730672,0.21298849357792465,0.19539490419389943,0.3061846984110488,0.19539490419389943
2024-03-06,179.99000549316406,181.5800018310547,173.6999969482422,176.5399932861328,107920900,176.5399932861328,0.20646287678550135,0.18532869833975274,0.2021085097624502,0.18409725959715623,0.2626104675547373,0.18409725959715623
2024-03-07,174.35000610351562,180.0399932861328,173.6999969482422,178.64999389648438,102129000,178.64999389648438,0.1913381798641759,0.1812415184517588,0.2021085097624502,0.1897729661950456,0.24111304528566604,0.1897729661950456
2024-03-08,181.5,182.72999572753906,174.6999969482422,175.33999633789062,85544600,175.33999633789062,0.21051220510824492,0.18838078005743256,0.20491986755182798,0.18086937873154335,0.17955779573384603,0.18086937873154335
2024-03-11,175.4499969482422,182.8699951171875,174.8000030517578,177.77000427246094,85391500,177.77000427246094,0.19428800786828127,0.18875233818390488,0.20520102048993194,0.1874058754507866,0.17898954432249659,0.1874058754507866
2024-03-12,177.77000427246094,179.42999267578125,172.41000366210938,177.5399932861328,87391700,177.5399932861328,0.20050953471781716,0.17962257793710118,0.19848187708923573,0.18678716715928897,0.1864135578625433,0.18678716715928897
2024-03-13,173.0500030517578,176.0500030517578,169.14999389648438,169.47999572753906,106524500,169.47999572753906,0.18785198229636718,0.17065209159889866,0.18931682324119833,0.16510651877565616,0.2574275395938728,0.16510651877565616
2024-03-14,167.77000427246094,171.1699981689453,160.50999450683594,162.5,126325700,162.5,0.1736926933027541,0.15770056748163774,0.16502669365689115,0.14633097548449459,0.330922378564562,0.14633097548449459
2024-03-15,163.16000366210938,165.17999267578125,160.75999450683594,163.57000732421875,97146800,163.57000732421875,0.16133012777363992,0.1418031037556326,0.16572953310423558,0.14920919627744803,0.22262093436714758,0.14920919627744803
2024-03-18,170.02000427246094,174.72000122070312,165.89999389648438,173.8000030517578,108214400,173.8000030517578,0.1797264826211433,0.16712226914901243,0.18017991042572062,0.17672693914554102,0.26369983260523416,0.17672693914554102
2024-03-19,172.36000061035156,172.82000732421875,167.4199981689453,171.32000732421875,77271400,171.32000732421875,0.18600161369164742,0.16207968879020268,0.18445318627699114,0.1700559798839768,0.14885069203445883,0.1700559798839768
2024-03-20,173.0,176.25,170.82000732421875,175.66000366210938,83846700,175.66000366210938,0.18771788990544133,0.17118288313717359,0.1940118284996248,0.18173016885289722,0.173255809637633,0.18173016885289722
2024-03-21,176.38999938964844,178.17999267578125,171.8000030517578,172.82000732421875,73178000,172.82000732421875,0.1968087975083776,0.17630508020188465,0.19676694712179868,0.1740908412271759,0.13365748284296441,0.1740908412271759
2024-03-22,166.69000244140625,171.1999969482422,166.3000030517578,170.8300018310547,75580600,170.8300018310547,0.17079646951961697,0.15778018418753906,0.18130447928022103,0.1687379104024282,0.14257505855105168,0.1687379104024282
2024-03-25,168.75999450683594,175.24000549316406,168.72999572753906,172.6300048828125,74228600,172.6300048828125,0.17634753441452364,0.1685023595459661,0.18813605811740955,0.17357975222321356,0.13755692721111412,0.17357975222321356
2024-03-26,178.5800018310547,184.25,177.3800048828125,177.6699981689453,113186200,177.6699981689453,0.20268169232535682,0.19241486864255947,0.21245432873427642,0.1871368682766805,0.2821533425134454,0.1871368682766805
2024-03-27,181.41000366210938,181.91000366210938,176.0,179.8300018310547,81804000,179.8300018310547,0.21027086335613,0.18620452260146575,0.20857464125760217,0.19294707846162293,0.16567405158431167,0.19294707846162293
2024-03-28,177.4499969482422,179.57000732421875,175.3000030517578,175.7899932861328,77654800,175.7899932861328,0.19965137615129386,0.17999417656037203,0.2066066993846208,0.18207982892555666,0.1502737331259766,0.18207982892555666
2024-04-01,176.1699981689453,176.75,170.2100067138672,175.22000122070312,81562100,175.22000122070312,0.196218823723706,0.1725098822312602,0.19229689853218776,0.18054660295840166,0.16477620693110834,0.18054660295840166
2024-04-02,164.75,167.69000244140625,163.42999267578125,166.6300048828125,116650600,166.6300048828125,0.1655939957380143,0.14846466512589848,0.17323585325412433,0.1574403068504171,0.29501193290847477,0.1574403068504171
2024-04-03,164.02000427246094,168.82000732421875,163.27999877929688,168.3800048828125,82950100,168.3800048828125,0.16363637777210546,0.15146369603750975,0.17281416674488387,0.1621476450841494,0.16992795715287856,0.1621476450841494
2024-04-04,170.07000732421875,177.19000244140625,168.00999450683594,171.11000061035156,123162000,171.11000061035156,0.17986057501206915,0.1736776479135442,0.18611187707722432,0.16949108123624682,0.319179876996396,0.16949108123624682
2024-04-05,169.0800018310547,170.86000061035156,160.50999450683594,164.89999389648438,143157600,164.89999389648438,0.17720569298104694,0.1568778345227918,0.16502669365689115,0.15278673721572034,0.3933962579289816,0.15278673721572034
2024-04-08,169.33999633789062,174.5,167.7899932861328,172.97999572753906,104423300,172.97999572753906,0.17790291612690762,0.16653838630787043,0.18549337493172796,0.17452119524312076,0.2496286508575734,0.17452119524312076
2024-04-09,172.91000366210938,179.22000122070312,171.9199981689453,176.8800048828125,102951700,176.8800048828125,0.1874765481533264,0.17906526099579198,0.19710429632919105,0.18501185936227774,0.2441666078991029,0.18501185936227774
2024-04-10,173.0399932861328,174.92999267578125,170.00999450683594,171.75999450683594,84532400,171.75999450683594,0.18782513926663041,0.16767958609032163,0.19173459265597984,0.17123950473374025,0.17580087817298448,0.17123950473374025
2024-04-11,172.5500030517578,175.8800048828125,168.50999450683594,174.60000610351562,94516000,174.60000610351562,0.18651114022561402,0.17020091676652502,0.1875175559719132,0.17887887340419364,0.2128563634136655,0.17887887340419364
2024-04-12,172.33999633789062,173.80999755859375,170.36000061035156,171.0500030517578,64722700,171.0500030517578,0.18594796855142653,0.16470712107854313,0.19271858504142822,0.16932969334967599,0.10227449029964034,0.16932969334967599
2024-04-15,170.24000549316406,170.69000244140625,161.3800048828125,161.47999572753906,100245300,161.47999572753906,0.1803164564058149,0.15642665969041816,0.16747260410423231,0.1435872582785942,0.23412143729377224,0.1435872582785942
2024-04-16,156.74000549316406,158.19000244140625,153.75,157.11000061035156,97000000,157.11000061035156,0.14411372049547977,0.12325168233825275,0.1460219304439471,0.13183237536638837,0.22207606626011886,0.13183237536638837
2024-04-17,157.63999938964844,158.3300018310547,153.77999877929688,155.4499969482422,82439700,155.4499969482422,0.1465272198551344,0.12362324046472506,0.1461062677457952,0.1273671189625123,0.16803353833934,0.1273671189625123
2024-04-18,151.25,152.1999969482422,148.6999969482422,149.92999267578125,96098800,149.92999267578125,0.1293912598276792,0.10735421861224761,0.13182456502800632,0.11251881772701457,0.21873114025157467,0.11251881772701457
2024-04-19,148.97000122070312,150.94000244140625,146.22000122070312,147.0500030517578,87074500,147.0500030517578,0.12327702325858504,0.1040101954739968,0.12485240972176584,0.10477191185849008,0.18523622704817333,0.10477191185849008
2024-04-22,140.55999755859375,144.44000244140625,138.8000030517578,142.0500030517578,107097600,142.0500030517578,0.10072404980789638,0.08675920725087079,0.10399214007233275,0.09132237404782635,0.2595546779599366,0.09132237404782635
2024-04-23,143.3300018310547,147.25999450683594,141.11000061035156,144.67999267578125,124545100,144.67999267578125,0.10815232633725959,0.09424346108318407,0.11048636970212888,0.09839680302581764,0.32431344020369457,0.09839680302581764
2024-04-24,162.83999633789062,167.97000122070312,157.50999450683594,162.1300048828125,181178000,162.1300048828125,0.16047196920711665,0.1492077813788431,0.1565926202887579,0.14533572282081975,0.534514128340936,0.14533572282081975
2024-04-25,158.9600067138672,170.8800048828125,158.36000061035156,170.17999267578125,126427500,170.17999267578125,0.150067062563164,0.15693092582565885,0.15898229156889518,0.16698944586020267,0.33130022306929996,0.16698944586020267
2024-04-26,168.85000610351562,172.1199951171875,166.3699951171875,168.2899932861328,109815700,168.2899932861328,0.17658891708589122,0.1602218576610426,0.1815012520185614,0.16190552220956106,0.2696432747018629,0.16190552220956106
2024-04-29,188.4199981689453,198.8699951171875,184.5399932861328,194.0500030517578,243869700,194.0500030517578,0.22906945445715823,0.23121630919467662,0.23258361790380538,0.23119756727872914,0.7672028742906136,0.23119756727872914
2024-04-30,186.97999572753906,190.9499969482422,182.83999633789062,183.27999877929688,127031800,183.27999877929688,0.22520782274630874,0.21019664840396043,0.22780431824144629,0.20222725134203448,0.33354316446628535,0.20222725134203448
2024-05-01,182.0,185.86000061035156,179.00999450683594,179.99000549316406,92829700,179.99000549316406,0.21185304717899808,0.19668780734539032,0.21703681276037962,0.19337747352229986,0.20659743229048744,0.19337747352229986
2024-05-02,182.86000061035156,184.60000610351562,176.02000427246094,180.00999450683594,89148000,180.00999450683594,0.2141592971774636,0.1933437842071395,0.20863088042480604,0.19343124212133542,0.19293230347817372,0.19343124212133542
2024-05-03,182.10000610351562,184.77999877929688,178.4199981689453,181.19000244140625,75491500,181.19000244140625,0.21212123196084978,0.1938214844425474,0.21537812196014647,0.19660535438791274,0.14224435181851586,0.19660535438791274
2024-05-06,183.8000030517578,187.55999755859375,182.1999969482422,184.75999450683594,84390300,184.75999450683594,0.21668008681755996,0.20119959616592512,0.22600505097216114,0.20620830304146595,0.17527345475330613,0.20620830304146595
2024-05-07,182.39999389648438,183.25999450683594,177.39999389648438,177.80999755859375,75045900,177.80999755859375,0.21292570446789955,0.1897873958574205,0.21251052500356482,0.1875134536935898,0.14059044699227607,0.1875134536935898
2024-05-08,171.58999633789062,176.05999755859375,170.14999389648438,174.72000122070312,79969500,174.72000122070312,0.1839367054452968,0.1706786170019329,0.19212818103057608,0.1792016491773353,0.15886505606425583,0.1792016491773353
2024-05-09,175.00999450683594,175.6199951171875,171.3699951171875,171.97000122070312,65950300,171.97000122070312,0.19310806029893807,0.16951085131964894,0.19555804096545018,0.17180440338147027,0.10683089417013396,0.17180440338147027
2024-05-10,173.0500030517578,173.05999755859375,167.75,168.47000122070312,72627200,168.47000122070312,0.18785198229636718,0.16271662243741322,0.18538093949523568,0.16238972691400563,0.13161311395092476,0.16238972691400563
2024-05-13,170.0,175.39999389648438,169.0,171.88999938964844,67018900,171.88999938964844,0.17967283748092241,0.16892696847850694,0.18889513673195787,0.17158920585113177,0.1107971479792,0.17158920585113177
2024-05-14,174.5,179.49000549316406,174.07000732421875,177.5500030517578,86407400,177.5500030517578,0.1917404161177008,0.17978185184570233,0.20314874131510252,0.18681409250353884,0.18276019493510204,0.18681409250353884
2024-05-15,179.89999389648438,180.0,173.11000061035156,173.99000549316406,79663000,173.99000549316406,0.2062214941141338,0.18113537634282323,0.20044981896221706,0.17723802814950337,0.15772743975087503,0.17723802814950337
2024-05-16,174.10000610351562,175.7899932861328,171.42999267578125,174.83999633789062,59812200,174.83999633789062,0.19066775882879933,0.16996202615202255,0.19572671556914636,0.17952442495047696,0.08404850365410525,0.17952442495047696
2024-05-17,173.5500030517578,179.6300048828125,172.75,177.4600067138672,77445800,177.4600067138672,0.18919282436712034,0.18015340997217466,0.19943772844212446,0.1865720106736826,0.1494980012842259,0.1865720106736826
2024-05-20,177.55999755859375,177.75,173.52000427246094,174.9499969482422,61727400,174.9499969482422,0.19994636304362967,0.17516388041943345,0.20160248595136165,0.17982031642410085,0.09115702816760261,0.17982031642410085
2024-05-21,175.50999450683594,186.8800048828125,174.7100067138672,186.60000610351562,115266500,186.60000610351562,0.1944489023696912,0.1993948968364306,0.20494800858438766,0.2111577641497866,0.2898746580655698,0.2111577641497866
2024-05-22,182.85000610351562,183.8000030517578,178.1199951171875,180.11000061035156,88313500,180.11000061035156,0.21413249506697948,0.1912205775572412,0.21453470604375005,0.19370024929544152,0.1898349435645806,0.19370024929544152
2024-05-23,181.8000030517578,181.89999389648438,173.25999450683594,173.74000549316406,71975500,173.74000549316406,0.21131671853454734,0.18617795670163295,0.20087150547145752,0.1765655512589702,0.129194241026193,0.1765655512589702
2024-05-24,174.83999633789062,180.0800018310547,173.72999572753906,179.24000549316406,65584500,179.24000549316406,0.1926521789051923,0.1813477010574929,0.20219284706429833,0.1913600428507003,0.1054731778652899,0.1913600428507003
2024-05-28,176.39999389648438,178.25,173.16000366210938,176.75,59736600,176.75,0.1968355996188617,0.17649087951352005,0.20059039543126905,0.18466215824488622,0.08376790400225667,0.18466215824488622
2024-05-29,174.19000244140625,178.14999389648438,173.92999267578125,176.19000244140625,54782600,176.19000244140625,0.19090910058091426,0.17622546349598334,0.20275511004259075,0.183155816577249,0.06538046120784045,0.183155816577249
2024-05-30,178.5800018310547,182.6699981689453,175.3800048828125,178.7899932861328,77618400,178.7899932861328,0.20268169232535682,0.18822154664562993,0.2068316131555209,0.1901495516119549,0.15013862958990137,0.1901495516119549
2024-05-31,178.5,180.32000732421875,173.82000732421875,178.0800018310547,67314600,178.0800018310547,0.202467152683726,0.18198467520150194,0.20244590186775807,0.1882397402278906,0.11189467862803101,0.1882397402278906
2024-06-03,178.1300048828125,182.63999938964844,174.49000549316406,176.2899932861328,68568900,176.2899932861328,0.20147494264552954,0.1881419299397286,0.2043295064388913,0.18342478270662302,0.11655018316921718,0.18342478270662302
2024-06-04,174.77999877929688,177.75999450683594,174.0,174.77000427246094,60056300,174.77000427246094,0.19249128440378235,0.1751904058224677,0.20295192567884665,0.17933615276438836,0.0849545139056428,0.17933615276438836
2024-06-05,175.35000610351562,176.14999389648438,172.1300048828125,175.0,57953800,175.0,0.19401986400568222,0.17091746711963685,0.1976947003400432,0.1799548200111539,0.07715080004305497,0.1799548200111539
2024-06-06,174.60000610351562,179.72999572753906,172.72999572753906,177.94000244140625,69887000,177.94000244140625,0.1920086008995525,0.18041878549291285,0.19938148927492055,0.18786315481098131,0.12144249006209566,0.18786315481098131
2024-06-07,176.1300048828125,179.35000610351562,175.5800018310547,177.47999572753906,56244900,177.47999572753906,0.19611157436251692,0.17941029371923004,0.20739387613381335,0.18662577927271812,0.07080798595517086,0.18662577927271812
2024-06-10,176.05999755859375,178.57000732421875,173.1699981689453,173.7899932861328,50774600,173.7899932861328,0.1959238368313702,0.1773401783721988,0.20061849356591324,0.17670001380129116,0.05050422569713796,0.17670001380129116
2024-06-11,173.9199981689453,174.75,167.41000366210938,170.66000366210938,64761900,170.66000366210938,0.1901850344053168,0.16720188585491375,0.18442508814234695,0.16828063104223348,0.10241998641541368,0.16828063104223348
2024-06-12,171.1199951171875,180.5500030517578,169.8000030517578,177.2899932861328,90389400,177.2899932861328,0.18267631062524864,0.1825950834456782,0.19114423154304316,0.18611469026875577,0.19753992792003652,0.18611469026875577
2024-06-13,188.38999938964844,191.0800018310547,181.22999572753906,182.47000122070312,118984100,182.47000122070312,0.22898900720645327,0.21054168112739846,0.2232780304846315,0.20004843278386408,0.30367303459615547,0.20004843278386408
2024-06-14,185.8000030517578,186.0,176.9199981689453,178.00999450683594,82038200,178.00999450683594,0.22204345510057258,0.19705936547186262,0.21116108527607982,0.18805142699706992,0.16654331664334523,0.18805142699706992
2024-06-17,177.9199981689453,188.80999755859375,177.0,187.44000244140625,109786100,187.44000244140625,0.20091177097134202,0.20451709390114164,0.2113859990469799,0.2134172766512424,0.26953341028791156,0.2134172766512424
2024-06-18,186.55999755859375,187.1999969482422,182.3699951171875,184.86000061035156,68982300,184.86000061035156,0.2240815203171864,0.2002441551983108,0.2264829766486055,0.20647731021557206,0.11808457332892885,0.20647731021557206
2024-06-20,184.67999267578125,185.2100067138672,179.66000366210938,181.57000732421875,55893100,181.57000732421875,0.2190399410369937,0.19496272472179713,0.21886422106222445,0.19762753239583744,0.06950223254881728,0.19762753239583744
2024-06-21,182.3000030517578,183.9499969482422,180.69000244140625,183.00999450683594,61937300,183.00999450683594,0.2126575606053005,0.1916186610867478,0.2217599161534503,0.20150096480773363,0.09193610048139914,0.20150096480773363
2024-06-24,184.97000122070312,188.8000030517578,182.5500030517578,182.5800018310547,61992100,182.5800018310547,0.219817652352812,0.20449056849810737,0.22698904335760955,0.20034432425748797,0.09213949811263329,0.20034432425748797
2024-06-25,184.39999389648438,187.97000122070312,182.00999450683594,187.35000610351562,62905700,187.35000610351562,0.21828907275091214,0.20228774514230777,0.22547088612851288,0.21317519482138617,0.09553044840269762,0.21317519482138617
2024-06-26,186.5399932861328,197.75999450683594,186.36000061035156,196.3699951171875,95737100,196.3699951171875,0.22402787517696554,0.2282703695859324,0.23770030967147232,0.23743813147961643,0.2173886416527171,0.23743813147961643
2024-06-27,195.1699981689453,198.72000122070312,194.0500030517578,197.4199981689453,72746500,197.4199981689453,0.2471708224123258,0.23081822566517005,0.25931965793545375,0.24026254262880223,0.13205591207877576,0.24026254262880223
2024-06-28,199.5500030517578,203.1999969482422,195.25999450683594,197.8800048828125,95438100,197.8800048828125,0.25891661204628424,0.24270812620908255,0.26272137683776814,0.2414999181670654,0.21627886260638476,0.2414999181670654
2024-07-01,201.02000427246094,213.22999572753906,200.85000610351562,209.86000061035156,135691400,209.86000061035156,0.26285869100783876,0.2693277247967162,0.2784368994828056,0.2737249992688907,0.36568444416400975,0.2737249992688907
2024-07-02,218.88999938964844,231.3000030517578,218.05999755859375,231.25999450683594,205047900,231.25999450683594,0.31078037352239557,0.3172854914954698,0.32682034301516405,0.33128900468063865,0.62311049910364,0.33128900468063865
2024-07-03,234.55999755859375,248.35000610351562,234.25,246.38999938964844,166561500,246.38999938964844,0.35280235910948904,0.36253616870318317,0.3723362324888564,0.3719873192300214,0.48026300649907394,0.3719873192300214
2024-07-05,249.80999755859375,252.3699951171875,242.4600067138672,251.52000427246094,154501200,251.52000427246094,0.3936980422674602,0.37320521226194464,0.3954174988147306,0.3857865581580766,0.43549956759445185,0.3857865581580766
2024-07-08,247.7100067138672,259.44000244140625,244.57000732421875,252.94000244140625,157219600,252.94000244140625,0.38806653012184855,0.3919689988907927,0.4013494654662343,0.38960622197093725,0.44558927782706004,0.38960622197093725
2024-07-09,251.0,265.6099853515625,250.3000030517578,262.3299865722656,160210900,262.3299865722656,0.3968892529429331,0.4083441223554072,0.4174585335879525,0.41486441129284235,0.45669189341667193,0.41486441129284235
2024-07-10,262.79998779296875,267.5899963378906,257.8599853515625,263.260009765625,128519400,263.260009765625,0.4285330930773054,0.4135990679256851,0.43871234871406634,0.4173660877136186,0.3390645935944593,0.4173660877136186
2024-07-11,263.29998779296875,271.0,239.64999389648438,241.02999877929688,221707300,241.02999877929688,0.42987393514805855,0.4226492114665875,0.3875175473923301,0.35756941305520057,0.6849441213259447,0.35756941305520057
2024-07-12,235.8000030517578,251.83999633789062,233.08999633789062,248.22999572753906,155955800,248.22999572753906,0.3561276621758878,0.3717985964619567,0.36907504715767847,0.3769367392936099,0.4408985127476125,0.3769367392936099
2024-07-15,255.97000122070312,265.6000061035156,251.72999572753906,252.63999938964844,146912900,252.63999938964844,0.41021722639975966,0.40831763744917143,0.42147875463576323,0.388799241493351,0.40733456312193095,0.388799241493351
2024-07-16,255.30999755859375,258.6199951171875,245.8000030517578,256.55999755859375,126332500,256.55999755859375,0.40844730504574484,0.38979270093802737,0.4048074235357526,0.39934367421154354,0.330947617686686,0.39934367421154354
2024-07-17,252.72999572753906,258.4700012207031,246.17999267578125,248.5,115584800,248.5,0.4015285550503483,0.38939461740852077,0.4058757103251336,0.3776630258279107,0.29105607167910685,0.3776630258279107
2024-07-18,251.08999633789062,257.1400146484375,247.1999969482422,249.22999572753906,110869000,249.22999572753906,0.397130594695048,0.3858648354554331,0.40874330728171526,0.37962664685574266,0.27355274048615,0.37962664685574266
2024-07-19,247.7899932861328,249.44000244140625,236.8300018310547,239.1999969482422,87403900,239.1999969482422,0.3882810288442267,0.36542901700906033,0.3795895407332009,0.35264687729112976,0.18645883981694214,0.35264687729112976
2024-07-22,244.2100067138672,253.2100067138672,243.75,251.50999450683594,101225400,251.50999450683594,0.37868063562657645,0.375434601517577,0.3990441314879451,0.38575963281382675,0.23775921135166633,0.38575963281382675
2024-07-23,253.60000610351562,255.75999450683594,245.6300048828125,246.3800048828125,111928200,246.3800048828125,0.4038616480785506,0.38220226449997996,0.4043294978593082,0.37196043493050357,0.27748410492051534,0.37196043493050357
2024-07-24,225.4199981689453,225.99000549316406,214.7100067138672,215.99000549316406,167942900,215.99000549316406,0.32829176769289153,0.3031927675957577,0.3174023201594979,0.2902141457590787,0.4853902599258415,0.2902141457590787
2024-07-25,216.8000030517578,226.0,216.22999572753906,220.25,100636500,220.25,0.305175663487268,0.30321929299879197,0.3216755531128529,0.30167313719766065,0.23557342914302046,0.30167313719766065
2024-07-26,221.19000244140625,222.27999877929688,215.3300018310547,219.8000030517578,94604100,219.8000030517578,0.3169482552317106,0.2933464164990437,0.31914534826157914,0.3004626870036473,0.21318335851059486,0.3004626870036473
2024-07-29,224.89999389648438,234.27000427246094,224.6999969482422,232.10000610351562,129201800,232.10000610351562,0.3268972804819175,0.3251678693540882,0.34548775702071577,0.33354855822682655,0.3415974137323094,0.33354855822682655
2024-07-30,232.25,232.41000366210938,220.0,222.6199951171875,100560300,222.6199951171875,0.3466076752896899,0.32023143110421404,0.3322743839902234,0.308048204985601,0.235290602509808,0.308048204985601
2024-07-31,227.89999389648438,234.67999267578125,226.7899932861328,232.07000732421875,67497000,232.07000732421875,0.33494233290643644,0.3262559778336724,0.35136348450501553,0.33346786428354114,0.11257168096264981,0.33346786428354114
2024-08-01,227.69000244140625,231.8699951171875,214.3300018310547,216.86000061035156,83861900,216.86000061035156,0.3343792021515016,0.31879824940439333,0.3163339904722014,0.2925543522038199,0.17331222649885125,0.2925543522038199
2024-08-02,214.8800048828125,216.1300048828125,205.77999877929688,207.6699981689453,82880100,207.6699981689453,0.3000268348458862,0.2770243438404977,0.29229687279343847,0.26783409514066286,0.16966814266042618,0.26783409514066286
2024-08-05,185.22000122070312,203.8800048828125,182.0,198.8800048828125,100308800,198.8800048828125,0.2204880733881886,0.2445128660353756,0.2254427879938687,0.24418982572919815,0.23435712615478263,0.24418982572919815
2024-08-06,200.75,202.89999389648438,192.6699981689453,200.63999938964844,73783900,200.63999938964844,0.2621346248322413,0.24191191865327086,0.2554399704587795,0.24892404826244824,0.13590636285692015,0.24892404826244824
2024-08-07,200.77000427246094,203.49000549316406,191.47999572753906,191.75999450683594,71159800,191.75999450683594,0.26218826997246214,0.24347780836185995,0.25209444782575346,0.22503765597639516,0.1261666598620014,0.22503765597639516
2024-08-08,195.6999969482422,200.6999969482422,192.0399932861328,198.83999633789062,65033900,198.83999633789062,0.24859211173378393,0.23607313073864947,0.25366880132413855,0.24408220644166287,0.10342955130037154,0.24408220644166287
2024-08-09,197.0500030517578,200.8800048828125,195.11000061035156,200.0,58648300,200.0,0.2522124016925185,0.23655087147085588,0.2622996903285277,0.24720250906447255,0.07972853097174332,0.24720250906447255
2024-08-12,199.02000427246094,199.25999450683594,194.6699981689453,197.49000549316406,64044900,197.49000549316406,0.2574953227248261,0.23225136686819223,0.26106268603753496,0.24045085585962292,0.09975874368557992,0.24045085585962292
2024-08-13,198.47000122070312,208.49000549316406,197.05999755859375,207.8300018310547,76247400,207.8300018310547,0.25602038826314716,0.2567477993027261,0.2677818294382312,0.2682644902013398,0.145049977173441,0.2682644902013398
2024-08-14,207.38999938964844,208.44000244140625,198.75,201.3800048828125,70250000,201.3800048828125,0.27994100589507304,0.25661509129395776,0.2725330309659461,0.25091459463453003,0.12278981378724163,0.25091459463453003
2024-08-15,205.02000427246094,215.8800048828125,204.82000732421875,214.13999938964844,89848500,214.13999938964844,0.27358542757386395,0.27636084429345437,0.2895979933384685,0.2852378003512403,0.19553230422050086,0.2852378003512403
2024-08-16,211.14999389648438,219.8000030517578,210.8000030517578,216.1199951171875,88765100,216.1199951171875,0.2900241235362058,0.28676451233147765,0.3064099009075311,0.29056380583173813,0.19151111820445915,0.29056380583173813
2024-08-19,217.07000732421875,222.97999572753906,214.08999633789062,222.72000122070312,76435200,222.72000122070312,0.30589972966286544,0.2952042071314052,0.31565924915950117,0.3083172121597071,0.1457470223403347,0.3083172121597071
2024-08-20,224.8800048828125,228.22000122070312,219.55999755859375,221.10000610351562,74001200,221.10000610351562,0.3268436762609493,0.3091111722162804,0.3310373796992307,0.30395957504336635,0.1367129012742045,0.30395957504336635
2024-08-21,222.6699981689453,224.66000366210938,218.86000061035156,223.27000427246094,70146000,223.27000427246094,0.3209171363037492,0.2996629451458715,0.32906943782624937,0.30979666952782653,0.1224038036841695,0.30979666952782653
2024-08-22,223.82000732421875,224.8000030517578,210.32000732421875,210.66000366210938,79514500,210.66000366210938,0.32400109761803303,0.3000345032723438,0.30506046118004615,0.27587693352754333,0.15717626186331532,0.27587693352754333
2024-08-23,214.4600067138672,221.47999572753906,214.2100067138672,220.32000732421875,81525200,220.32000732421875,0.2989005324167639,0.2912232098491454,0.31599664126480903,0.30186145042848134,0.16463924757722986,0.30186145042848134
2024-08-26,218.75,219.08999633789062,211.00999450683594,213.2100067138672,59301200,213.2100067138672,0.31040493937935476,0.2848801557992833,0.3070002620204678,0.28273620601992827,0.08215185785920281,0.28273620601992827
2024-08-27,213.25,215.66000366210938,206.94000244140625,209.2100067138672,62821400,209.2100067138672,0.2956556766010701,0.2757769614523124,0.2955580581246164,0.2719765757713973,0.0952175575210728,0.2719765757713973
2024-08-28,209.72000122070312,211.83999633789062,202.58999633789062,205.75,64116400,205.75,0.28618933485509307,0.26563866893502736,0.28332863458165697,0.26266947754673586,0.100024125631442,0.26266947754673586
2024-08-29,209.8000030517578,214.88999938964844,205.97000122070312,206.27999877929688,62308800,206.27999877929688,0.2864038744967239,0.2737333715083154,0.29283103763708673,0.26409512527108764,0.09331497310920003,0.26409512527108764
2024-08-30,208.6300048828125,214.57000732421875,207.02999877929688,214.11000061035156,63370600,214.11000061035156,0.2832663089614718,0.2728841131464352,0.29581107003016066,0.2851571064079549,0.09725598779614213,0.2851571064079549
2024-09-03,215.25999450683594,219.89999389648438,209.63999938964844,210.60000610351562,76714200,210.60000610351562,0.3010458469945668,0.28702988785221584,0.3031487155763532,0.2757155456409725,0.14678256867453782,0.2757155456409725
2024-09-04,210.58999633789062,222.22000122070312,210.57000732421875,219.41000366210938,80651800,219.41000366210938,0.2885223869640427,0.29318718308724107,0.3057633006273906,0.29941362469620486,0.16139750503854533,0.29941362469620486
2024-09-05,223.49000549316406,235.0,222.25,230.1699981689453,119355000,230.1699981689453,0.32311613694102564,0.32710527669235107,0.33859993901632335,0.32835701528864963,0.3050496802425925,0.32835701528864963
2024-09-06,232.60000610351562,233.60000610351562,210.50999450683594,210.72999572753906,112177000,210.72999572753906,0.34754628110691815,0.32338969542762797,0.3055945831257789,0.2760652057136319,0.27840755985940324,0.2760652057136319
2024-09-09,216.1999969482422,219.8699951171875,213.6699981689453,216.27000427246094,67443500,216.27000427246094,0.30356663663466316,0.28695027114631455,0.3144784840357123,0.2909673165928973,0.11237310845770405,0.2909673165928973
2024-09-10,220.07000732421875,226.39999389648438,218.63999938964844,226.1699981689453,78891100,226.1699981689453,0.31394478208738436,0.3042808760753419,0.328450935680753,0.31759738504011864,0.15486242822624646,0.31759738504011864
2024-09-11,224.5500030517578,228.47000122070312,216.8000030517578,228.1300048828125,83548600,228.1300048828125,0.3259587155839419,0.30977467176332374,0.3232780476437977,0.322869621921581,0.1721493710633465,0.322869621921581
2024-09-12,224.66000366210938,231.4499969482422,223.8300018310547,229.80999755859375,71894900,229.80999755859375,0.32625370247627766,0.3176835750249764,0.34304188947129005,0.3273886469244926,0.12889508319631213,0.3273886469244926
2024-09-13,228.0,232.6699981689453,226.32000732421875,230.2899932861328,59515100,230.2899932861328,0.3352105176882881,0.3209214560542916,0.3500421858100902,0.3286797910617913,0.08294577671542519,0.3286797910617913
2024-09-16,229.3000030517578,229.9600067138672,223.52999877929688,226.77999877929688,54323000,226.77999877929688,0.33869671525609685,0.31372914364254934,0.34219847355489363,0.3192382302948089,0.0636745934831102,0.3192382302948089
2024-09-17,229.4499969482422,234.57000732421875,226.5500030517578,227.8699951171875,66761600,227.8699951171875,0.3390989515096217,0.32596407690989987,0.3506887860902308,0.32217021968679793,0.10984214413765714,0.32217021968679793
2024-09-18,230.08999633789062,235.67999267578125,226.8800048828125,227.1999969482422,78010200,227.1999969482422,0.34081522772341566,0.3289099760218456,0.3516165393084753,0.32036798654553683,0.15159284842051346,0.32036798654553683
2024-09-19,234.0,244.24000549316406,232.1300048828125,243.9199981689453,102694600,243.9199981689453,0.3513006225373259,0.35162823452991926,0.36637616770270853,0.3653432442679749,0.24321234638468134,0.3653432442679749
2024-09-20,241.52000427246094,243.99000549316406,235.9199981689453,238.25,99879100,238.25,0.3714668987388441,0.35096473498287595,0.3770311948493674,0.35009147331605006,0.2327622363346856,0.35009147331605006
2024-09-23,242.61000061035156,250.0,241.9199981689453,250.0,86927200,250.0,0.37438992463246534,0.3669152495149496,0.39389934158563394,0.38169788717110986,0.18468950312334137,0.38169788717110986
2024-09-24,254.0800018310547,257.19000244140625,249.0500030517578,254.27000427246094,88491000,254.27000427246094,0.4051488450090828,0.38599750296740293,0.4139443363512303,0.39318380395394165,0.19049375888472772,0.39318380395394165
2024-09-25,252.5399932861328,257.04998779296875,252.27999877929688,257.0199890136719,65034300,257.0199890136719,0.40101902851638166,0.3856259043441321,0.4230250099995041,0.4005810087050746,0.10343103595461411,0.4005810087050746
2024-09-26,260.6000061035156,261.75,251.52999877929688,254.22000122070312,67142200,254.22000122070312,0.4226334370690947,0.3980997282259851,0.4209164916574708,0.3930493003668886,0.11125479264947684,0.3930493003668886
2024-09-27,257.3800048828125,260.70001220703125,254.1199951171875,260.4599914550781,70988100,260.4599914550781,0.4139984108599042,0.39531306252584203,0.42819789803645947,0.4098342972859684,0.12552937202837175,0.4098342972859684
2024-09-30,259.0400085449219,264.8599853515625,255.77000427246094,261.6300048828125,80705700,261.6300048828125,0.4184500163554253,0.40635362371427725,0.43283666412768207,0.41298152525302795,0.16159756219773366,0.41298152525302795
2024-10-01,262.6700134277344,263.9800109863281,248.52999877929688,258.0199890136719,87397600,258.0199890136719,0.428184542883254,0.40401817334330636,0.4124824182893375,0.40327091626720735,0.18643545651262142,0.40327091626720735
2024-10-02,247.5500030517578,251.16000366210938,241.5,249.02000427246094,93983900,249.02000427246094,0.38763745083858686,0.36999389713246217,0.39271857646184516,0.37906178925274475,0.2108814021074667,0.37906178925274475
2024-10-03,244.47999572753906,249.7899932861328,237.80999755859375,240.66000366210938,80729200,240.66000366210938,0.37940466088292124,0.3663578920768419,0.38234465935537476,0.3565741603915257,0.16168478563448554,0.3565741603915257
2024-10-04,246.69000244140625,250.9600067138672,244.5800018310547,250.0800018310547,86573200,250.0800018310547,0.38533120084012135,0.36946310559418727,0.4013775636008785,0.3819130847014483,0.18337558411865357,0.3819130847014483
2024-10-07,249.0,249.8300018310547,240.6999969482422,240.8300018310547,68113300,240.8300018310547,0.3915258846599205,0.36646407468257597,0.39046948165075984,0.3570314397517204,0.11485916198691278,0.3570314397517204
2024-10-08,243.55999755859375,246.2100067138672,240.55999755859375,244.5,56303200,244.5,0.3769375163830458,0.3568566142003644,0.39007589327616354,0.36690339557937973,0.07102437431102764,0.36690339557937973
2024-10-09,243.82000732421875,247.42999267578125,239.50999450683594,241.0500030517578,66289500,241.0500030517578,0.3776347804481591,0.3600944547328811,0.38712395901773383,0.3576232226989682,0.1080898809678461,0.3576232226989682
2024-10-10,241.80999755859375,242.7899932861328,232.33999633789062,238.77000427246094,83087100,238.77000427246094,0.37224456913540976,0.3477799047596292,0.3669665288156452,0.3514902367408841,0.17043645123096396,0.3514902367408841
2024-10-11,220.1300048828125,223.33999633789062,214.3800048828125,217.8000030517578,142628900,217.8000030517578,0.31410567658879435,0.2961596480990195,0.31647456694125337,0.29508287187938187,0.3914339161838447,0.29508287187938187
2024-10-14,220.1300048828125,221.91000366210938,213.74000549316406,219.16000366210938,86291900,219.16000366210938,0.31410567658879435,0.2923644501283951,0.3146752996719682,0.2987411478056717,0.1823315010225556,0.2987411478056717
2024-10-15,220.00999450683594,224.25999450683594,217.1199951171875,219.57000732421875,62988800,219.57000732421875,0.31378384666672177,0.29860132157252306,0.3241776598294825,0.2998440197568818,0.09583888532159467,0.2998440197568818
2024-10-16,221.39999389648438,222.82000732421875,218.92999267578125,221.3300018310547,49632800,221.3300018310547,0.3175113859866454,0.2947795981988644,0.32926621056458977,0.30457824229013186,0.046266280161678844,0.30457824229013186
2024-10-17,221.58999633789062,222.0800018310547,217.89999389648438,220.88999938964844,50791800,220.88999938964844,0.31802091252061204,0.29281562496076874,0.32637051547336393,0.30339467639563633,0.05056806582956912,0.30339467639563633
2024-10-18,220.7100067138672,222.27999877929688,219.22999572753906,220.6999969482422,49611900,220.6999969482422,0.3156610583011783,0.2933464164990437,0.3301096264809862,0.302883587391674,0.046188706977503775,0.302883587391674
2024-10-21,218.89999389648438,220.47999572753906,215.72999572753906,218.85000610351562,47329000,218.85000610351562,0.3108071756328797,0.28856921166097216,0.32026987421816405,0.29790728302856767,0.03771541405151008,0.29790728302856767
2024-10-22,217.30999755859375,218.22000122070312,215.25999450683594,217.97000122070312,43268700,217.97000122070312,0.3065433076685053,0.2825711903345481,0.31894853262532324,0.29554015123957655,0.022645059998589578,0.29554015123957655
2024-10-23,217.1300048828125,218.72000122070312,212.11000061035156,213.64999389648438,80938900,213.64999389648438,0.30606062416427543,0.2838981894286347,0.3100927727479495,0.2839197308696917,0.16246311562116078,0.2839197308696917
2024-10-24,244.67999267578125,262.1199951171875,242.64999389648438,260.4800109863281,204491900,260.4800109863281,0.379940989527372,0.3990816945966337,0.39595162076046336,0.4098881479744681,0.6210468297064468,0.4098881479744681
2024-10-25,256.010009765625,269.489990234375,255.32000732421875,269.19000244140625,161611900,269.19000244140625,0.41032451668020137,0.41864164828449485,0.43157156170204514,0.43331721985559435,0.46189189490132615,0.43331721985559435
2024-10-28,270.0,273.5400085449219,262.239990234375,262.510009765625,107653600,262.510009765625,0.4478412516315529,0.4293903895427547,0.45102610955887384,0.415348657042019,0.26161834735712985,0.415348657042019
2024-10-29,264.510009765625,264.9800109863281,255.50999450683594,259.5199890136719,80521800,259.5199890136719,0.433118831883005,0.40667217153147955,0.4321056836477779,0.4073057776104065,0.1609149924097052,0.4073057776104065
2024-10-30,258.0400085449219,263.3500061035156,255.82000732421875,257.54998779296875,53993600,257.54998779296875,0.41576833221391896,0.4023461415257817,0.43297724059673404,0.4020066564294264,0.06245198071434139,0.4020066564294264
2024-10-31,257.989990234375,259.75,249.25,249.85000610351562,66575300,249.85000610351562,0.4156341989037405,0.3927917318496386,0.4145065993295227,0.3812944174546828,0.10915066642417313,0.3812944174546828
2024-11-01,252.0399932861328,254.0,246.6300048828125,248.97999572753906,57544800,248.97999572753906,0.3996781864456285,0.3775312422676425,0.40714085564868596,0.3789541699652095,0.07563274108001172,0.3789541699652095
2024-11-04,244.55999755859375,248.89999389648438,238.8800048828125,242.83999633789062,68802400,242.83999633789062,0.37961920052455206,0.3639958353092396,0.38535283278100835,0.36243813917550366,0.11741685008332622,0.36243813917550366
2024-11-05,247.33999633789062,255.27999877929688,246.2100067138672,251.44000244140625,69282500,251.44000244140625,0.3870742791643994,0.3809283567087604,0.4059600905248972,0.3855713606277381,0.11919880633798896,0.3855713606277381
2024-11-06,284.6700134277344,289.5899963378906,275.6199951171875,288.5299987792969,165228700,288.5299987792969,0.4871815939963927,0.4719870280654963,0.4886420905080812,0.48534002225650597,0.4753161385627805,0.48534002225650597
2024-11-07,288.8900146484375,299.75,285.5199890136719,296.9100036621094,117309200,296.9100036621094,0.4984983043470895,0.498951659376568,0.5164745154637548,0.5078814607614927,0.2974564161188911,0.5078814607614927
2024-11-08,299.1400146484375,328.7099914550781,297.6600036621094,321.2200012207031,204782800,321.2200012207031,0.5259855667975292,0.5758114242278577,0.5506044402087996,0.5732731070297826,0.6221265445043668,0.5732731070297826
2024-11-11,346.29998779296875,358.6400146484375,336.0,350.0,210521600,350.0,0.6524537188930818,0.6552456515550164,0.658391887558043,0.6506886433843845,0.6434268789227349,0.6506886433843845
2024-11-12,342.739990234375,345.8399963378906,323.30999755859375,328.489990234375,155726000,328.489990234375,0.6429069298963999,0.6212744261502406,0.6227157503471729,0.5928287054542806,0.44004557888524737,0.5928287054542806
2024-11-13,335.8500061035156,344.6000061035156,322.5,330.239990234375,125405600,330.239990234375,0.6244301687174442,0.6179834943148569,0.6204385574014434,0.5975360436880128,0.3275073026430557,0.5975360436880128
2024-11-14,327.69000244140625,329.9800109863281,310.3699951171875,311.17999267578125,120726100,311.17999267578125,0.602547616302132,0.5791820537627398,0.5863367736889582,0.5462664121209199,0.3101387038226135,0.5462664121209199
2024-11-15,310.57000732421875,324.67999267578125,309.2200012207031,320.7200012207031,114440300,320.7200012207031,0.5566371968937049,0.5651158147692634,0.5831037293903399,0.5719281532487162,0.2868081047275103,0.5719281532487162
2024-11-18,340.7300109863281,348.54998779296875,330.010009765625,338.739990234375,126085600,338.739990234375,0.6375168004221557,0.628466738561983,0.6415518818543362,0.6204002579661412,0.33003121485545034,0.6204002579661412
2024-11-19,335.760009765625,347.3800048828125,332.75,346.0,88852500,346.0,0.6241888269653292,0.6253616060382347,0.6492549747425653,0.6399290131358535,0.191835515156464,0.6399290131358535
2024-11-20,345.0,346.6000061035156,334.29998779296875,342.0299987792969,66340700,342.0299987792969,0.6489675622445258,0.6232914906912034,0.6536125449977684,0.6292500768306079,0.108279916710897,0.6292500768306079
2024-11-21,343.80999755859375,347.989990234375,335.2799987792969,339.6400146484375,58011700,339.6400146484375,0.6457763515690529,0.6269805060560938,0.6563677065178578,0.622821240443632,0.07736570374466917,0.622821240443632
2024-11-22,341.0899963378906,361.5299987792969,337.70001220703125,352.55999755859375,89140700,352.55999755859375,0.6384821674306155,0.6629156642021665,0.6631712301183176,0.6575748001762871,0.19290520853824655,0.6575748001762871
2024-11-25,360.1400146484375,361.92999267578125,338.20001220703125,338.5899963378906,95890900,338.5899963378906,0.6895682994294138,0.6639772472787164,0.6645769090130065,0.619996788249714,0.21795949120899108,0.619996788249714
2024-11-26,341.0,346.9599914550781,335.6600036621094,338.2300109863281,62295900,338.2300109863281,0.6382408256785005,0.6242468911620191,0.6574360362051543,0.6190284609302891,0.09326709300987666,0.6190284609302891
2024-11-27,341.79998779296875,342.54998779296875,326.5899963378906,332.8900146484375,57896400,332.8900146484375,0.6403861402563035,0.6125427494329436,0.6319370004644986,0.604664364399236,0.07693775215924402,0.604664364399236
2024-11-29,336.0799865722656,345.45001220703125,334.6499938964844,345.1600036621094,37167600,345.1600036621094,0.6250469036933471,0.6202394089735236,0.6545965373832169,0.6376695006343976,0.0,0.6376695006343976
2024-12-02,352.3800048828125,360.0,351.1499938964844,357.0899963378906,77986500,357.0899963378906,0.6687584043030032,0.6588550502140054,0.7009839409079498,0.6697600781491699,0.1515048826566403,0.6697600781491699
2024-12-03,351.79998779296875,355.69000244140625,348.20001220703125,351.4200134277344,58267200,351.4200134277344,0.6672029816713665,0.6474163245024664,0.692690486906784,0.6545083482419771,0.07831402664212038,0.6545083482419771
2024-12-04,353.0,358.1000061035156,348.6000061035156,357.92999267578125,50810900,357.92999267578125,0.6704210353765762,0.6538124698551956,0.6938150128633689,0.6720195906506257,0.05063895806965255,0.6720195906506257
2024-12-05,359.8699951171875,375.42999267578125,359.5,369.489990234375,81403600,369.489990234375,0.6888441923345636,0.699806222819055,0.7244587956084203,0.7031149155017231,0.164187912687484,0.7031149155017231
2024-12-06,377.4200134277344,389.489990234375,370.79998779296875,389.2200012207031,81455800,389.2200012207031,0.7359077981211025,0.7371214308652829,0.7562271043100566,0.7561868212548093,0.16438166006614136,0.7561868212548093
2024-12-09,397.6099853515625,404.79998779296875,378.010009765625,389.7900085449219,96359200,389.7900085449219,0.7900509256466899,0.7777541366467274,0.7764970557444685,0.7577200882666963,0.21969765016349754,0.7577200882666963
2024-12-10,392.67999267578125,409.7300109863281,390.8500061035156,400.989990234375,97563600,400.989990234375,0.7768302424703051,0.7908384092695552,0.8125948794645791,0.7878470037089046,0.22416794408792123,0.7878470037089046
2024-12-11,409.70001220703125,424.8800048828125,402.3800048828125,424.7699890136719,104287600,424.7699890136719,0.8224725589353858,0.8310464656216603,0.8450098313442714,0.8518130022528427,0.24912498190577642,0.8518130022528427
2024-12-12,424.8399963378906,429.29998779296875,415.0,418.1000061035156,87752200,418.1000061035156,0.8630732142817685,0.8427770922569716,0.8804891529188857,0.8338713647835173,0.1877516024986731,0.8338713647835173
2024-12-13,420.0,436.29998779296875,415.7099914550781,436.2300109863281,89000200,436.2300109863281,0.8500938728574986,0.8613550795741842,0.8824851929265113,0.8826394020192982,0.19238372373553855,0.8826394020192982
2024-12-16,441.0899963378906,463.19000244140625,436.1499938964844,463.0199890136719,114083800,463.0199890136719,0.906650581581246,0.9327211297310891,0.939949353005059,0.9547019665044203,0.2854849066338063,0.9547019665044203
2024-12-17,475.8999938964844,483.989990234375,457.510009765625,479.8599853515625,131223000,479.8599853515625,1.0,0.9879242596476535,1.0,1.0,0.3490993716200918,1.0
2024-12-18,466.5,488.5400085449219,427.010009765625,440.1300048828125,149340800,440.1300048828125,0.9747921854375418,1.0,0.9142535874239784,0.8931300250937231,0.4163460432108617,0.8931300250937231
2024-12-19,451.8800048828125,456.3599853515625,420.0199890136719,436.1700134277344,118566100,436.1700134277344,0.9355859763828804,0.9145942767494516,0.8946021381350628,0.8824780141327274,0.30212157091265407,0.8824780141327274
2024-12-20,425.510009765625,447.0799865722656,417.6400146484375,421.05999755859375,132216200,421.05999755859375,0.8648699786655201,0.8899651768029478,0.8879111786648418,0.8418334681823803,0.3527857681044306,0.8418334681823803
2024-12-23,431.0,434.510009765625,415.4100036621094,430.6000061035156,72698100,430.6000061035156,0.879592398414068,0.856604481132744,0.8816418199080303,0.8674952093101765,0.13187626891542295,0.8674952093101765
2024-12-24,435.8999938964844,462.7799987792969,435.1400146484375,462.2799987792969,59551800,462.2799987792969,0.8927326343397478,0.9316329807547065,0.9371099399789525,0.9527114611770706,0.08308199374218236,0.9527114611770706
2024-12-26,465.1600036621094,465.3299865722656,451.0199890136719,454.1300048828125,76366400,454.1300048828125,0.971198738508544,0.9384006437371094,0.9817542296057733,0.9307887309635815,0.14549166181061007,0.9307887309635815
2024-12-27,449.5199890136719,450.0,426.5,431.6600036621094,82666800,431.6600036621094,0.9292571592529029,0.8977148871495964,0.9128197674967299,0.8703465047588802,0.16887645078556768,0.8703465047588802
2024-12-30,419.3999938964844,427.0,415.75,417.4100036621094,64941000,417.4100036621094,0.8484848460048938,0.836672928821612,0.882597671260919,0.8320153219984885,0.10308474035253115,0.8320153219984885
2024-12-31,423.7900085449219,427.92999267578125,402.5400085449219,403.8399963378906,76825100,403.8399963378906,0.860257478668589,0.8391411276981499,0.8454596588860716,0.7955132566788757,0.1471941890632945,0.7955132566788757
2025-01-02,390.1000061035156,392.7300109863281,373.0400085449219,379.2799987792969,109710700,379.2799987792969,0.7699115333941612,0.7457204400706102,0.7625246040994278,0.7294491335200527,0.26925355296318426,0.7294491335200527
2025-01-03,381.4800109863281,411.8800048828125,379.45001220703125,410.44000244140625,95423300,410.44000244140625,0.7467954291885377,0.7965444891754082,0.7805454178248389,0.8132666630068447,0.2162239303994091,0.8132666630068447
2025-01-06,423.20001220703125,426.42999267578125,401.70001220703125,411.04998779296875,85516500,411.04998779296875,0.8586752948457209,0.83516013041589,0.843098128638494,0.8149074672168028,0.17945349877330444,0.8149074672168028
2025-01-07,405.8299865722656,414.3299865722656,390.0,394.3599853515625,75699500,394.3599853515625,0.812094372563412,0.8030467361402744,0.8102052081844419,0.7700129034376503,0.1430163720246601,0.7700129034376503
2025-01-08,392.95001220703125,402.5,387.3999938964844,394.94000244140625,73038800,394.94000244140625,0.7775543495651552,0.7716499732113677,0.8028956607728934,0.7715730957937872,0.1331408231665448,0.7715730957937872
2025-01-10,391.3999938964844,399.2799987792969,377.2900085449219,394.739990234375,62287300,394.739990234375,0.7733976900427172,0.763104095805706,0.7744728747042832,0.771035081445575,0.09323517294366108,0.771035081445575
2025-01-13,383.2099914550781,403.7900085449219,380.07000732421875,403.30999755859375,67580500,403.30999755859375,0.7514346903767002,0.7750736535523184,0.7822884459269202,0.794087608954524,0.11288160253578945,0.794087608954524
2025-01-14,414.3399963378906,422.6400146484375,394.5400085449219,396.3599853515625,84565000,396.3599853515625,0.8349155307959523,0.8251015355981033,0.8229687965710495,0.7753927185619157,0.17592187749375518,0.7753927185619157
2025-01-15,409.8999938964844,429.79998779296875,405.6600036621094,428.2200012207031,81375500,428.2200012207031,0.8230088466605839,0.8441040913510582,0.8542310814615972,0.8610932161779864,0.16408361572694238,0.8610932161779864
2025-01-16,423.489990234375,424.0,409.1300048828125,413.82000732421875,68335200,413.82000732421875,0.8594529243230339,0.8287109342570923,0.8639864964225712,0.8223585637011677,0.11568277392798684,0.8223585637011677
2025-01-17,421.5,439.739990234375,419.75,426.5,94991400,426.5,0.8541163990697581,0.8704848398209879,0.89384310241843,0.8564665718875395,0.21462087498097787,0.8564665718875395
2025-01-21,432.6400146484375,433.20001220703125,406.30999755859375,424.07000732421875,87320900,424.07000732421875,0.8839903996886208,0.8531277499857248,0.8560584468655266,0.8499301162130283,0.18615077406160574,0.8499301162130283
2025-01-22,416.80999755859375,428.0,414.5899963378906,415.1099853515625,60963300,415.1099853515625,0.841539293899013,0.8393269270097853,0.8793364859297411,0.8258284853519047,0.08832096740070447,0.8258284853519047
2025-01-23,416.05999755859375,420.7300109863281,408.95001220703125,412.3800048828125,50690600,412.3800048828125,0.8395280307928834,0.8200323893394608,0.8634804726114826,0.8184850902445394,0.05019244830619509,0.8184850902445394
2025-01-24,414.45001220703125,418.8800048828125,405.7799987792969,406.5799865722656,56427100,406.5799865722656,0.8352105586075408,0.8151224764926209,0.8545684306689896,0.802883577130491,0.07148424596266836,0.802883577130491
2025-01-27,394.79998779296875,406.69000244140625,389.0,397.1499938964844,58125500,397.1499938964844,0.7825153997561376,0.7827702320993014,0.8073938503950641,0.7775177685210506,0.07778808787668462,0.7775177685210506
2025-01-28,396.9100036621094,400.5899963378906,386.5,398.0899963378906,48910700,398.0899963378906,0.7881737958507387,0.7665808269527252,0.8003654559216197,0.7800462881966125,0.04358610809025213,0.7800462881966125
2025-01-29,395.2099914550781,398.5899963378906,384.4800109863281,389.1000061035156,68033600,389.1000061035156,0.7836149000747759,0.7612728305763787,0.7946865440735758,0.7558640454816676,0.11456334462907769,0.7558640454816676
2025-01-30,410.7799987792969,412.5,384.4100036621094,400.2799987792969,98092900,400.2799987792969,0.8253687417992703,0.7981899550931001,0.7944897284373199,0.7859371923248403,0.22613251281442193,0.7859371923248403
2025-01-31,401.5299987792969,419.989990234375,401.3399963378906,404.6000061035156,83283600,404.6000061035156,0.800563163490337,0.8180683756045666,0.8420859952204859,0.7975576126947251,0.17116578762763388,0.7975576126947251
2025-02-03,386.67999267578125,389.1700134277344,374.3599853515625,383.67999267578125,93732100,383.67999267578125,0.7607401376212672,0.7362722130002013,0.7662355311765748,0.7412847103755439,0.2099468122617594,0.7412847103755439
2025-02-04,382.6300048828125,394.0,381.3999938964844,392.2099914550781,57072200,392.2099914550781,0.7498793495835688,0.7490909886118953,0.786027514036627,0.7642296185969577,0.07387862209239746,0.7642296185969577
2025-02-05,387.510009765625,388.3900146484375,375.5299987792969,378.1700134277344,57223300,378.1700134277344,0.7629659812882805,0.73420209765317,0.7695248575403124,0.7264633755290281,0.07443945023253397,0.7264633755290281
2025-02-06,373.0299987792969,375.3999938964844,363.17999267578125,374.32000732421875,77918200,374.32000732421875,0.7241351654574073,0.6997266061131537,0.7348045716823309,0.7161072149969242,0.1512513779447189,0.7161072149969242
2025-02-07,370.19000244140625,380.54998779296875,360.3399963378906,361.6199951171875,70298300,361.6199951171875,0.71651919231615,0.7133946805835265,0.7268203258559979,0.6819453561220526,0.12296908578703378,0.6819453561220526
2025-02-10,356.2099914550781,362.70001220703125,350.510009765625,350.7300109863281,77514900,350.7300109863281,0.6790292185560299,0.6660208777195119,0.6991847165365802,0.6526523054569484,0.14975447530463248,0.6526523054569484
2025-02-11,345.79998779296875,349.3699951171875,325.1000061035156,328.5,118543400,328.5,0.6511128768223287,0.6306430365147483,0.6277481048129917,0.5928556307985304,0.3020373167843874,0.5928556307985304
2025-02-12,329.94000244140625,346.3999938964844,329.1199951171875,336.510009765625,105382700,336.510009765625,0.6085814056205212,0.62276065865613,0.6390497322397911,0.6144018166398422,0.25318959405841374,0.6144018166398422
2025-02-13,345.0,358.69000244140625,342.8500061035156,355.94000244140625,89441500,355.94000244140625,0.6489675622445258,0.6553783190669862,0.6776497055744468,0.6666667008706101,0.19402166852867053,0.6666667008706101
2025-02-14,360.6199951171875,362.0,347.5,355.8399963378906,68277300,355.8399963378906,0.6908554554406934,0.6641630465903517,0.6907225021358873,0.6663976936965039,0.11546787022637266,0.6663976936965039
2025-02-18,355.010009765625,359.1000061035156,350.0199890136719,354.1099853515625,51631700,354.1099853515625,0.6758112466893256,0.6564664680433688,0.69780709287862,0.6617441240618072,0.053685468575437136,0.6617441240618072
2025-02-19,354.0,367.3399963378906,353.6700134277344,360.55999755859375,67094400,360.55999755859375,0.6731027195180825,0.6783353871959652,0.7080686174465136,0.6790940606733491,0.11107737646748793,0.6790940606733491
2025-02-20,361.510009765625,362.29998779296875,348.0,354.3999938964844,45965400,354.3999938964844,0.6932421936091165,0.6649592136493649,0.692128181030576,0.6625242202398757,0.032654227738537545,0.6625242202398757
2025-02-21,353.44000244140625,354.9800109863281,334.4200134277344,337.79998779296875,74058600,337.79998779296875,0.6716009829459194,0.6455320084670706,0.6539499800009918,0.6178717382905793,0.13692594915801545,0.6178717382905793
2025-02-24,338.1400146484375,342.3999938964844,324.70001220703125,330.5299987792969,76052300,330.5299987792969,0.6305712483162751,0.612144665903437,0.6266235788564067,0.5983161398660813,0.14432583706662014,0.5983161398660813
2025-02-25,327.0199890136719,328.8900146484375,297.25,302.79998779296875,134228800,302.79998779296875,0.6007508519183805,0.5762892054568626,0.549451773219655,0.5237249736159332,0.36025580592599743,0.5237249736159332
2025-02-26,303.7099914550781,309.0,288.0400085449219,290.79998779296875,100118300,290.79998779296875,0.5382408011269489,0.5235011426171704,0.5235591920023186,0.4914460828703402,0.23365005957175147,0.4914460828703402
2025-02-27,291.1600036621094,297.2300109863281,280.8800048828125,281.95001220703125,101748200,281.95001220703125,0.5045856978864469,0.4922636131000664,0.5034298599348741,0.46764046661703673,0.23969965444672503,0.46764046661703673
2025-02-28,279.5,293.8800048828125,273.6000061035156,292.9800109863281,115697000,292.9800109863281,0.4733172509758628,0.48337270297096663,0.4829631786600373,0.49731014374378235,0.29147251719415196,0.49731014374378235
2025-03-03,300.3399963378906,303.94000244140625,277.29998779296875,284.6499938964844,115551400,284.6499938964844,0.5292035386642335,0.5100719182645016,0.4933651510032364,0.47490316778111663,0.29093210304985095,0.47490316778111663
2025-03-04,270.92999267578125,284.3500061035156,261.8399963378906,272.0400085449219,126706600,272.0400085449219,0.4503351982419125,0.4580801034774196,0.449901583602289,0.44098347282556555,0.3323361405670637,0.44098347282556555
2025-03-05,272.9200134277344,279.54998779296875,267.7099914550781,279.1000061035156,94042900,279.1000061035156,0.4556718053336936,0.4453408635780298,0.46640424009860343,0.4599742136470656,0.211100388608248,0.4599742136470656
2025-03-06,272.05999755859375,272.6499938964844,260.0199890136719,263.45001220703125,98451600,263.45001220703125,0.45336551441597545,0.4270282922783539,0.444784891834622,0.41787717671758096,0.2274638765064601,0.41787717671758096
2025-03-07,259.32000732421875,266.25,250.72999572753906,262.6700134277344,102369600,262.6700134277344,0.41920088464150684,0.41004272007276465,0.4186673968463855,0.41577905210269595,0.24200606481258097,0.41577905210269595
2025-03-10,252.5399932861328,253.3699951171875,220.0,222.14999389648438,189076900,222.14999389648438,0.40101902851638166,0.3758592104501179,0.3322743839902234,0.30678394514782004,0.5638319668328242,0.30678394514782004
2025-03-11,225.30999755859375,237.05999755859375,217.02000427246094,230.5800018310547,174896400,230.5800018310547,0.3279967808005557,0.3325725064805002,0.323896549789294,0.32945988723985975,0.5111991181153799,0.32945988723985975
2025-03-12,247.22000122070312,251.83999633789062,241.10000610351562,248.08999633789062,142215700,248.08999633789062,0.3867524901615795,0.3717985964619567,0.39159405050526025,0.3765601538767006,0.38990026835125435,0.3765601538767006
2025-03-13,248.1300048828125,248.2899932861328,232.60000610351562,240.67999267578125,114813500,240.67999267578125,0.38919283255097087,0.362376894794582,0.3676975092955493,0.3566279289905612,0.28819328713584214,0.3566279289905612
2025-03-14,247.30999755859375,251.5800018310547,240.72999572753906,249.97999572753906,100242300,249.97999572753906,0.3869938319136944,0.37110857151187915,0.39055381895260793,0.3816440775273422,0.23411030238695285,0.3816440775273422
2025-03-17,245.05999755859375,245.39999389648438,232.8000030517578,238.00999450683594,111900600,238.00999450683594,0.38096004259530525,0.3547068416506333,0.36825977227384177,0.3494458807250347,0.27738166377777695,0.3494458807250347
2025-03-18,228.16000366210938,230.10000610351562,222.27999877929688,225.30999755859375,111477600,225.30999755859375,0.33563959697154977,0.31410070176902166,0.33868427631817144,0.3152840628948952,0.27581164191624324,0.3152840628948952
2025-03-19,231.61000061035156,241.41000366210938,229.1999969482422,235.86000061035156,111993800,235.86000061035156,0.34489139907589594,0.34411741479777314,0.35813886707291565,0.3436625958843421,0.2777275882162993,0.3436625958843421
2025-03-20,233.35000610351562,238.0,230.0500030517578,236.25999450683594,99028300,236.25999450683594,0.3495575442130479,0.3350672712568708,0.36052853835305293,0.34473854249130237,0.22960437676070714,0.34473854249130237
2025-03-21,234.99000549316406,249.52000427246094,234.5500030517578,248.7100067138672,132728700,248.7100067138672,0.3539555045683481,0.36564134172373003,0.3731796484052528,0.37822792447564074,0.3546879813527427,0.37822792447564074
2025-03-24,258.0799865722656,278.6400146484375,256.3299865722656,278.3900146484375,169079900,278.3900146484375,0.4158755406558554,0.4429257965011576,0.4344109747281516,0.4580644022630013,0.4896103896103896,0.4580644022630013
2025-03-25,283.6000061035156,288.20001220703125,271.2799987792969,288.1400146484375,150361500,288.1400146484375,0.4843121723237397,0.46829801270060595,0.47644080799768146,0.4842910009937956,0.4201345096743782,0.4842910009937956
2025-03-26,282.6600036621094,284.8999938964844,266.510009765625,272.05999755859375,153629800,272.05999755859375,0.48179138268364335,0.4595397700834761,0.4630306622288487,0.4410372414246011,0.43226524832698027,0.4410372414246011
2025-03-27,272.4800109863281,291.8500061035156,271.82000732421875,273.1300048828125,162572100,273.1300048828125,0.45449185776435047,0.47798508988871885,0.4779589652267781,0.4439154622175545,0.4654558074106517,0.4439154622175545
2025-03-28,275.5799865722656,276.1000061035156,260.57000732421875,263.54998779296875,123809400,263.54998779296875,0.4628050131322157,0.4361846184249904,0.44633119009627836,0.4181461018022229,0.32158278988801997,0.4181461018022229
2025-03-31,249.30999755859375,260.55999755859375,243.36000061035156,259.1600036621094,134008900,259.1600036621094,0.39235720019670706,0.3949414639025712,0.3979477036660044,0.4063374502909815,0.35943961725613627,0.4063374502909815
2025-04-01,263.79998779296875,277.45001220703125,259.25,268.4599914550781,146486900,268.4599914550781,0.4312147772188117,0.43976753217774367,0.44262017722330027,0.43135355778303036,0.4057534063535778,0.43135355778303036
2025-04-02,254.60000610351562,284.989990234375,251.27000427246094,282.760009765625,212787800,282.760009765625,0.40654333222005684,0.45977862020118,0.42018555407548214,0.46981928517520716,0.6518381875341006,0.46981928517520716
2025-04-03,265.2900085449219,276.29998779296875,261.510009765625,267.2799987792969,136174300,267.2799987792969,0.4352105422398397,0.43671536946646683,0.4489738732819599,0.42817948656118515,0.3674767929983706,0.42817948656118515
2025-04-04,255.3800048828125,261.0,236.0,239.42999267578125,181229400,239.42999267578125,0.4086350425768916,0.39610922958485517,0.3772561086202675,0.3532655445378953,0.5347049064111082,0.3532655445378953
2025-04-07,223.77999877929688,252.0,214.25,233.2899932861328,183453800,233.2899932861328,0.32389380733759127,0.3722232458912961,0.3161090767013013,0.33674951374818957,0.5429610686541239,0.33674951374818957
2025-04-08,245.0,250.44000244140625,217.8000030517578,221.86000061035156,171603500,221.86000061035156,0.38079914809389526,0.3680830151972336,0.32608940543317544,0.30600389001448364,0.49897707322685886,0.30600389001448364
2025-04-09,224.69000244140625,274.69000244140625,223.8800048828125,272.20001220703125,219433400,272.20001220703125,0.32633414972698266,0.4324424712604345,0.343182465940342,0.4414138678862425,0.6765042331204092,0.4414138678862425
2025-04-10,260.0,262.489990234375,239.3300018310547,252.39999389648438,181722600,252.39999389648438,0.42102441021648984,0.40006366096728224,0.3866179352066453,0.3881536489023356,0.5365354850922156,0.3881536489023356
2025-04-11,251.83999633789062,257.739990234375,241.36000061035156,252.30999755859375,128948100,252.30999755859375,0.3991418578011778,0.3874571695734594,0.39232498808724886,0.38791156707247937,0.34065577177894985,0.38791156707247937
2025-04-14,258.3599853515625,261.79998779296875,245.92999267578125,252.35000610351562,100135200,252.35000610351562,0.416626408941937,0.39823239573795494,0.40517287087778914,0.38801918636001465,0.2337127862135007,0.38801918636001465
2025-04-15,249.91000366210938,258.75,247.5399932861328,254.11000061035156,79594300,254.11000061035156,0.3939662270493119,0.39013773366146537,0.409699158634604,0.3927534088932647,0.15747245038471103,0.3927534088932647
2025-04-16,247.61000061035156,251.97000122070312,233.88999938964844,241.5500030517578,112378700,241.5500030517578,0.38779834533999685,0.37214362918539473,0.3713241419687638,0.35896817648003454,0.27915619676122677,0.35896817648003454
2025-04-17,243.47000122070312,244.33999633789062,237.67999267578125,241.3699951171875,83404800,241.3699951171875,0.37669617463093086,0.35189361005065745,0.3819791691154227,0.35848397177559,0.17161563786313716,0.35848397177559
2025-04-21,230.25999450683594,232.2100067138672,222.7899932861328,227.5,97768000,227.5,0.3412711091171614,0.31970063956593914,0.3401180533475045,0.32117496702312304,0.2249266024058822,0.32117496702312304
2025-04-22,230.9600067138672,242.7899932861328,229.85000610351562,237.97000122070312,120858500,237.97000122070312,0.34314832075161794,0.3477799047596292,0.3599662753747605,0.34933830248223147,0.3106301243769092,0.34933830248223147
2025-04-23,254.86000061035156,259.45001220703125,244.42999267578125,250.74000549316406,150381900,250.74000549316406,0.4072405553659176,0.3919955647906255,0.40095583419372255,0.38368843354319165,0.42021022704075006,0.38368843354319165
2025-04-24,250.5,259.5400085449219,249.1999969482422,259.510009765625,94464200,259.510009765625,0.39554841087217996,0.39223441490832944,0.41436602286047075,0.4072789343556208,0.21266410068925073,0.4072789343556208
2025-04-25,261.69000244140625,286.8500061035156,259.6300048828125,284.95001220703125,167560700,284.95001220703125,0.42555646296271593,0.4647150989478527,0.4436885069105968,0.475710189303435,0.4839716727970515,0.475710189303435
2025-04-28,288.9800109863281,294.8599853515625,272.4200134277344,285.8800048828125,151731800,285.8800048828125,0.49873964609920446,0.4859735693594743,0.47964579705957094,0.47821178363474703,0.42522056394591407,0.47821178363474703
2025-04-29,285.5,293.32000732421875,279.4700012207031,292.0299987792969,108906600,292.0299987792969,0.48940735582490064,0.4818864704650774,0.49946583515635173,0.4947546987239706,0.26626902677202763,0.4947546987239706
2025-04-30,279.8999938964844,284.45001220703125,270.7799987792969,282.1600036621094,128961100,282.1600036621094,0.47438990826476424,0.45834551949495633,0.47503512910299256,0.46820532422003464,0.34070402304183384,0.46820532422003464
2025-05-01,280.010009765625,290.8699951171875,279.80999755859375,280.5199890136719,99659000,280.5199890136719,0.4746849360763527,0.47538414250661415,0.5004216865092405,0.46379383641519417,0.23194530533770316,0.46379383641519417
2025-05-02,284.8999938964844,294.7799987792969,279.80999755859375,287.2099914550781,114454700,287.2099914550781,0.4877983289722958,0.4857612851416031,0.5004216865092405,0.4817893245730194,0.28686155228024335,0.4817893245730194
2025-05-05,284.57000732421875,284.8500061035156,274.3999938964844,280.260009765625,94618900,280.260009765625,0.486913409214541,0.4594071025715062,0.4852122305732071,0.46309451626987524,0.2132382907175705,0.46309451626987524
2025-05-06,273.1099853515625,277.7300109863281,271.3500061035156,275.3500061035156,76715800,275.3500061035156,0.456181250029155,0.4405106484306883,0.47663762363393736,0.4498870602890678,0.14678850729150814,0.4498870602890678
2025-05-07,276.8800048828125,277.9200134277344,271.0,276.2200012207031,71592600,276.2200012207031,0.46629125161927715,0.441014914565929,0.4756536312484889,0.45222726673380903,0.12777305575247844,0.45222726673380903
2025-05-08,279.6300048828125,289.79998779296875,279.4100036621094,284.82000732421875,97539400,284.82000732421875,0.47366588300841944,0.4725443450068055,0.49929716055265555,0.4753604881860435,0.22407812250624481,0.4753604881860435
2025-05-09,290.2099914550781,307.0400085449219,290.0,298.260009765625,132387800,298.260009765625,0.5020380652166139,0.518299328846558,0.5290694292466662,0.5115128523882647,0.35342268477449956,0.5115128523882647
2025-05-12,321.989990234375,322.2099914550781,311.5,318.3800048828125,112826700,318.3800048828125,0.587261983960144,0.5585604360047316,0.589513621718288,0.5656337794040612,0.28081900951292205,0.5656337794040612
2025-05-13,320.0,337.5899963378906,316.79998779296875,334.07000732421875,136992600,334.07000732421875,0.5819254587068682,0.5993789410978115,0.6044137836836577,0.6078384356210812,0.37051402441513903,0.6078384356210812
2025-05-14,342.5,350.0,337.0,347.67999267578125,136997300,347.67999267578125,0.64226335189076,0.632315068332273,0.6612032453474208,0.6444480381387651,0.3705314691024894,0.6444480381387651
2025-05-15,340.3399963378906,346.1400146484375,334.7200012207031,342.82000732421875,97882600,342.82000732421875,0.6364709043244857,0.6220706742028509,0.6547933530194727,0.6313751267897427,0.22535195584638282,0.6313751267897427
2025-05-16,346.239990234375,351.6199951171875,342.3299865722656,349.9800109863281,95895700,349.9800109863281,0.6522928243916719,0.6366145324381381,0.6761877446146386,0.6506348747853489,0.2179773070599021,0.6506348747853489
2025-05-19,336.29998779296875,343.0,333.3699951171875,342.0899963378906,88869900,342.0899963378906,0.6256368774780188,0.6137370810150603,0.6509980028446466,0.6294114647171787,0.19190009761601645,0.6294114647171787
2025-05-20,347.8699951171875,354.989990234375,341.6300048828125,343.82000732421875,131715500,343.82000732421875,0.6566639826364881,0.6455584933733064,0.6742198456395727,0.6340650343518754,0.3509273521562747,0.6340650343518754
2025-05-21,344.42999267578125,347.3500061035156,332.20001220703125,334.6199951171875,102354800,334.6199951171875,0.6474389826426259,0.6252819893323334,0.6477087622767399,0.6093178519444685,0.2419511326056053,0.6093178519444685
2025-05-22,331.8999938964844,347.2699890136719,331.3900146484375,341.0400085449219,97113400,341.0400085449219,0.6138374836230921,0.6250696241208651,0.6454315693310104,0.626587094612725,0.2224969657378917,0.626587094612725
2025-05-23,337.9200134277344,343.17999267578125,333.2099914550781,339.3399963378906,84654800,339.3399963378906,0.6299812745316035,0.6142147812504682,0.6505481753028464,0.6220142189213137,0.1762551823712155,0.6220142189213137
2025-05-27,347.3500061035156,363.7900085449219,347.32000732421875,362.8900146484375,120146400,362.8900146484375,0.6552695363447666,0.668913726025389,0.6902164783247986,0.6853615912632183,0.30798706866154707,0.6853615912632183
2025-05-28,364.8399963378906,365.0,355.9100036621094,356.8999938964844,91404300,356.8999938964844,0.7021721657913902,0.6721250411548715,0.7143660314400538,0.6692489891452076,0.20130686689703553,0.6692489891452076
2025-05-29,365.2900085449219,367.7099914550781,356.0,358.42999267578125,88087800,358.42999267578125,0.7033789563904702,0.6793173535666138,0.7146190433455981,0.673364544431692,0.18899722740820196,0.673364544431692
2025-05-30,355.5199890136719,363.67999267578125,345.2900085449219,346.4599914550781,123474900,346.4599914550781,0.6771788499513102,0.6686217441080196,0.684509425444195,0.6411663476293845,0.32034124777765816,0.6411663476293845
2025-06-02,343.5,348.0199890136719,333.3299865722656,342.69000244140625,81873800,342.69000244140625,0.6449450360322663,0.6270601227619951,0.6508855245102387,0.6310254256723512,0.16593312374964275,0.6310254256723512
2025-06-03,346.6000061035156,355.3999938964844,343.0400085449219,344.2699890136719,99324500,344.2699890136719,0.6532582732386369,0.646646642349689,0.6781838704180951,0.6352754435011567,0.2307037632273414,0.6352754435011567
2025-06-04,345.1000061035156,345.6000061035156,327.3299865722656,332.04998779296875,98912100,332.04998779296875,0.6492357470263774,0.6206374925030301,0.6340173777739723,0.6024047698083159,0.22917308470323616,0.6024047698083159
2025-06-05,322.489990234375,324.54998779296875,273.2099914550781,284.70001220703125,287499800,284.70001220703125,0.5886028260308972,0.5647707820458253,0.4818667079401811,0.47503771241290177,0.9291419069641419,0.47503771241290177
2025-06-06,298.8299865722656,305.5,291.1400146484375,295.1400146484375,164747700,295.1400146484375,0.5251541694222374,0.514212148958564,0.5322744183085558,0.5031203539287248,0.4735308418360719,0.5031203539287248
2025-06-09,285.9599914550781,309.8299865722656,281.8500061035156,308.5799865722656,140908900,308.5799865722656,0.49064090761521206,0.5257039254761715,0.5061568804224038,0.5392726360414819,0.3850499029407289,0.5392726360414819
2025-06-10,314.94000244140625,327.8299865722656,310.6700134277344,326.0899963378906,151256500,326.0899963378906,0.5683561434979266,0.5734758928632897,0.5871802325032701,0.5863729437230548,0.42345642354216234,0.5863729437230548
2025-06-11,334.3999938964844,335.5,322.5,326.42999267578125,122611400,326.42999267578125,0.6205416939768579,0.5938320946037611,0.6204385574014434,0.5872875024434442,0.31713625043147764,0.5872875024434442
2025-06-12,323.0799865722656,332.55999755859375,316.8599853515625,319.1099853515625,105127500,319.1099853515625,0.5901850098537652,0.586029333451044,0.6045824582873539,0.5675973593871612,0.25224238465164445,0.5675973593871612
2025-06-13,313.9700012207031,332.989990234375,313.29998779296875,325.30999755859375,128964300,325.30999755859375,0.5657549066071254,0.5871705332334952,0.5945740314208355,0.5842748191081698,0.34071590027577453,0.5842748191081698
2025-06-16,331.2900085449219,332.04998779296875,326.4100036621094,329.1300048828125,83925900,329.1300048828125,0.6122016955792559,0.5846757684571247,0.6314309766534101,0.5945502856969883,0.17354977117766487,0.5945502856969883
2025-06-17,326.0899963378906,327.260009765625,314.739990234375,316.3500061035156,88282700,316.3500061035156,0.5982569053080209,0.5719631754511647,0.598622393501206,0.5601732703365103,0.18972062518790156,0.5601732703365103
2025-06-18,317.30999755859375,329.32000732421875,315.45001220703125,322.04998779296875,95137700,322.04998779296875,0.5747117218191358,0.5774304052393138,0.6006185193046626,0.5755056941869885,0.21516388727020336,0.5755056941869885
2025-06-20,327.95001220703125,332.3599853515625,317.7799987792969,322.1600036621094,108688000,322.1600036621094,0.6032448803672453,0.5854985014159706,0.6071689452037471,0.5758016267053445,0.2654576632284549,0.5758016267053445
2025-06-23,327.5400085449219,357.5400085449219,327.4800109863281,348.67999267578125,190716800,348.67999267578125,0.6021453800486072,0.6523262373493064,0.6344391500790437,0.6471379457008978,0.5699186780638624,0.6471379457008978
2025-06-24,356.1700134277344,356.260009765625,340.44000244140625,340.4700012207031,114736200,340.4700012207031,0.6789220101140935,0.6489291229081885,0.6708743230065467,0.6250538276008379,0.2879063777034626,0.6250538276008379
2025-06-25,342.70001220703125,343.0,320.3999938964844,327.54998779296875,119845100,327.54998779296875,0.6427997214544634,0.6137370810150603,0.6145346888845838,0.5903001857787186,0.3068687528533199,0.5903001857787186
2025-06-26,324.6099853515625,331.04998779296875,323.6099853515625,325.7799987792969,80440900,325.7799987792969,0.5942879833167297,0.5820217702689514,0.6235591233656538,0.5855390789459508,0.16061472108914235,0.5855390789459508
2025-06-27,324.510009765625,329.3399963378906,317.5,323.6300048828125,89067000,323.6300048828125,0.5940198803733833,0.5774834560453823,0.6063817684545546,0.5797557941052582,0.19263166099405024,0.5797557941052582
2025-06-30,319.8999938964844,325.5799865722656,316.6000061035156,317.6600036621094,76695100,317.6600036621094,0.5816572739250164,0.5675043969399,0.6038515636032807,0.5636970426757472,0.14671167643445437,0.5636970426757472
2025-07-01,298.4599914550781,305.8900146484375,293.2099914550781,300.7099914550781,145085700,300.7099914550781,0.5241619593840409,0.5152472471288783,0.5380938637277362,0.5181030766618114,0.4005526625418023,0.5181030766618114
2025-07-02,312.6300048828125,316.8299865722656,303.82000732421875,315.6499938964844,119483700,315.6499938964844,0.5621614596781275,0.5442819127933841,0.5679224144868663,0.5582903022072317,0.3055273677451443,0.5582903022072317
2025-07-03,317.989990234375,318.45001220703125,312.760009765625,315.3500061035156,58042300,315.3500061035156,0.5765352473941188,0.5485814578928463,0.5930559599875699,0.5574833627743776,0.07747927979422692,0.5574833627743776
2025-07-07,291.3699951171875,296.1499938964844,288.7699890136719,293.94000244140625,131177900,293.94000244140625,0.5051488286413818,0.4893972497004249,0.5256114282792325,0.49989243201837985,0.3489319768542404,0.49989243201837985
2025-07-08,297.0,304.04998779296875,294.3500061035156,297.80999755859375,103246700,297.80999755859375,0.5202467234522231,0.5103638191882741,0.5412988527896258,0.5103023611495193,0.2452615404030094,0.5103023611495193
2025-07-09,297.54998779296875,300.1499938964844,293.54998779296875,295.8800048828125,75586800,295.8800048828125,0.5217216169946495,0.5000132424531178,0.5390497150806249,0.5051108592560745,0.14259807069181177,0.5051108592560745
2025-07-10,300.04998779296875,310.4800109863281,300.0,309.8699951171875,104365300,309.8699951171875,0.5284258273484153,0.5274290890933617,0.5571830071404438,0.542742639781683,0.24941337599239857,0.542742639781683
2025-07-11,307.8900146484375,314.0899963378906,305.6499938964844,313.510009765625,79236400,313.510009765625,0.5494503030357093,0.5370099836757405,0.5730671614912619,0.552533942710789,0.15614405600115802,0.552533942710789
2025-07-14,317.7300109863281,322.6000061035156,312.6700134277344,316.8999938964844,78043400,316.8999938964844,0.5758380651675107,0.5595955341750458,0.5928029480820256,0.5616526866598978,0.15171607472264803,0.5616526866598978
2025-07-15,319.67999267578125,321.20001220703125,310.5,310.7799987792969,77556300,310.7799987792969,0.5810673001403448,0.5558799529103227,0.5867022639289102,0.5451904655139596,0.14990813701874006,0.5451904655139596
2025-07-16,312.79998779296875,323.5,312.6199951171875,321.6700134277344,97284800,321.6700134277344,0.5626173001526207,0.5619841163456822,0.5926623287150582,0.574483598268528,0.22313314008083943,0.574483598268528
2025-07-17,323.1499938964844,324.3399963378906,317.05999755859375,319.4100036621094,73922900,319.4100036621094,0.590372747384912,0.5642134651045162,0.6051447641635619,0.5684043809094794,0.13642228020621847,0.5684043809094794
2025-07-18,321.6600036621094,330.8999938964844,321.4200134277344,329.6499938964844,94255000,329.6499938964844,0.5863770642023892,0.5816236867394449,0.617402328739081,0.5959490080770902,0.21188762652037874,0.5959490080770902
2025-07-21,334.3999938964844,338.0,326.8800048828125,328.489990234375,75768800,328.489990234375,0.6205416939768579,0.6004670900741942,0.6327523182462509,0.5928287054542806,0.14327358837218798,0.5928287054542806
2025-07-22,329.739990234375,335.4100036621094,321.54998779296875,332.1099853515625,77370400,332.1099853515625,0.6080450360568178,0.5935932444860571,0.6177677331832021,0.6025661576948868,0.14921814395949864,0.6025661576948868
2025-07-23,330.8999938964844,336.20001220703125,328.6700134277344,332.55999755859375,92553800,332.55999755859375,0.6111557994815858,0.5956899257329212,0.6377846727120697,0.6037766489336323,0.2055733920266644,0.6037766489336323
2025-07-24,310.0,310.1499938964844,300.4100036621094,305.29998779296875,156966000,305.29998779296875,0.555108617291805,0.5265532243348502,0.5583356741295884,0.530449742521265,0.4446480070372611,0.530449742521265
2025-07-25,308.739990234375,323.6300048828125,308.010009765625,316.05999755859375,148227000,316.05999755859375,0.5517296690851855,0.5623291490691203,0.5797020104880256,0.5593931741584419,0.41221202347238356,0.5593931741584419
2025-07-28,318.45001220703125,330.489990234375,315.69000244140625,325.5899963378906,112673800,325.5899963378906,0.5777688810229354,0.5805355377630621,0.6012932177194473,0.5850279899419883,0.2802515004286939,0.5850279899419883
2025-07-29,325.54998779296875,326.25,318.25,321.20001220703125,87358900,321.20001220703125,0.596808772956826,0.5692826113631587,0.6084902867965879,0.573219338430747,0.18629181621465132,0.573219338430747
2025-07-30,322.17999267578125,324.45001220703125,311.6199951171875,319.0400085449219,83931900,319.0400085449219,0.5877715104941106,0.5645054470218857,0.5898509709256804,0.5674091282458046,0.17357204099130363,0.5674091282458046
2025-07-31,319.6099853515625,321.3699951171875,306.1000061035156,308.2699890136719,85270900,308.2699890136719,0.5808795626091982,0.5563310872458977,0.5743323068148143,0.5384387712643779,0.1785419210683572,0.5384387712643779
2025-08-01,306.2099914550781,309.30999755859375,297.82000732421875,302.6300048828125,89121400,302.6300048828125,0.5449450114807147,0.5243238755760163,0.5510542677505997,0.5232677353004705,0.1928335739710418,0.5232677353004705
2025-08-04,309.0799865722656,312.1199951171875,303.0,309.260009765625,78683900,309.260009765625,0.552641431872677,0.5317816040052954,0.5656170805085771,0.5411018355717249,0.15409337732858738,0.5411018355717249
2025-08-05,308.95001220703125,312.45001220703125,305.5,308.7200012207031,57961300,308.7200012207031,0.5522928816786256,0.5326574687638069,0.5726454749820215,0.5396492625031233,0.07717863731010344,0.5396492625031233
2025-08-06,307.8900146484375,320.4700012207031,306.92999267578125,319.9100036621094,78523600,319.9100036621094,0.5494503030357093,0.5539425050752613,0.5766656960298322,0.5697493346905458,0.15349840214087143,0.5697493346905458
2025-08-07,319.7900085449219,322.3999938964844,316.1600036621094,322.2699890136719,66658700,322.2699890136719,0.5813623279519333,0.5590647021399723,0.602614559312288,0.5760974771342363,0.10946021683375214,0.5760974771342363
2025-08-08,321.42999267578125,335.1499938964844,320.9800109863281,329.6499938964844,91200300,329.6499938964844,0.5857602473879809,0.5929031790391811,0.6161653244480882,0.5959490080770902,0.20054969323331712,0.5959490080770902
2025-08-11,335.0,346.6400146484375,334.1499938964844,339.0299987792969,105320200,339.0299987792969,0.6221507208294628,0.6233976732969375,0.653190858488528,0.6211803541442097,0.2529576168330098,0.6211803541442097
2025-08-12,345.0,345.260009765625,332.94000244140625,340.8399963378906,80522100,340.8399963378906,0.6489675622445258,0.6197351428382829,0.6497891395862135,0.6260490802645128,0.16091610590038713,0.6260490802645128
2025-08-13,341.5,348.9800109863281,338.20001220703125,339.3800048828125,67838900,339.3800048828125,0.6395816677492537,0.6296080193380312,0.6645769090130065,0.6221218382088489,0.11384068917649941,0.6221218382088489
2025-08-14,335.760009765625,340.4700012207031,330.3999938964844,335.5799865722656,75000700,335.5799865722656,0.6241888269653292,0.6070224688387259,0.6426482667783614,0.611900140219066,0.14042268106286399,0.611900140219066
2025-08-15,337.6600036621094,339.29998779296875,327.0199890136719,330.55999755859375,74319800,330.55999755859375,0.6292840104664901,0.6039172553213805,0.6331458637229316,0.5983968338093667,0.13789542837842353,0.5983968338093667
2025-08-18,329.6199951171875,336.2699890136719,329.5899963378906,335.1600036621094,56956600,335.1600036621094,0.6077232470539979,0.5958756440509595,0.6403710738326319,0.6107704250130702,0.07344955701629037,0.6107704250130702
2025-08-19,335.7900085449219,340.54998779296875,327.8500061035156,329.30999755859375,75956000,329.30999755859375,0.6242692742160342,0.6072347530565971,0.6354793387337805,0.5950344493567008,0.14396840655771778,0.5950344493567008
2025-08-20,329.2200012207031,331.3699951171875,314.6000061035156,323.8999938964844,77481800,323.8999938964844,0.6066505897650964,0.5828710691276301,0.5982288480245253,0.5804820395948269,0.14963162016605858,0.5804820395948269
2025-08-21,322.0799865722656,324.8999938964844,318.67999267578125,320.1099853515625,55744400,320.1099853515625,0.5875033257122589,0.5656996976104054,0.6096991500550208,0.5702872669492939,0.06895031233413629,0.5702872669492939
2025-08-22,321.6600036621094,340.25,319.69000244140625,340.010009765625,94016300,340.010009765625,0.5863770642023892,0.6064385859975839,0.6125386488769583,0.6238164931073068,0.2110016591011161,0.6238164931073068
2025-08-25,338.8999938964844,349.5299987792969,335.0299987792969,346.6000061035156,86670000,346.6000061035156,0.6326092726136362,0.6310676859440877,0.6556648670705134,0.6415429740910259,0.18373487044535916,0.6415429740910259
2025-08-26,344.92999267578125,351.8999938964844,343.7200012207031,351.6700134277344,76651600,351.6700134277344,0.648779824713379,0.6373576486910827,0.6800955731238726,0.6551808251325103,0.14655022028557324,0.6551808251325103
2025-08-27,351.94000244140625,355.3900146484375,349.1600036621094,349.6000061035156,65519000,349.6000061035156,0.6675784567336599,0.6466201574434534,0.695389366361754,0.6496126967774242,0.10523006573306659,0.6496126967774242
2025-08-28,350.9100036621094,353.54998779296875,340.260009765625,345.9800109863281,67903200,345.9800109863281,0.6648163253414486,0.6417367295028491,0.6703682991954582,0.6398752445368179,0.11407934734599497,0.6398752445368179
2025-08-29,347.2300109863281,348.75,331.70001220703125,333.8699951171875,81145700,333.8699951171875,0.6549477473419467,0.6289975705970564,0.6463030833820511,0.607300421272869,0.16323068186457726,0.607300421272869
2025-09-02,328.2300109863281,333.3299865722656,325.6000061035156,329.3599853515625,58392000,329.3599853515625,0.603995748653327,0.5880728828982424,0.6291537837076806,0.5951689118990218,0.07877723876580693,0.5951689118990218
2025-09-03,335.20001220703125,343.3299865722656,328.510009765625,334.0899963378906,88733300,334.0899963378906,0.622687090393166,0.6146128647799748,0.6373348451702695,0.6078922042201167,0.19139308819217365,0.6078922042201167
2025-09-04,336.1499938964844,338.8900146484375,331.4800109863281,338.5299987792969,60711000,338.5299987792969,0.6252346412244939,0.6028291873385949,0.6456845812365547,0.6198354003631432,0.08738452173719392,0.6198354003631432
2025-09-05,348.0,355.8699951171875,344.67999267578125,350.8399963378906,108989800,350.8399963378906,0.6570126146690447,0.6478940247378744,0.6827944525788425,0.6529481558858402,0.26657783485448533,0.6529481558858402
2025-09-08,354.6400146484375,358.44000244140625,344.8399963378906,346.3999938964844,75208300,346.3999938964844,0.6748190366511291,0.6547148195199428,0.6832442801206426,0.6410049597428137,0.14119321661476564,0.6410049597428137
2025-09-09,348.44000244140625,350.7699890136719,343.82000732421875,346.9700012207031,53816000,346.9700012207031,0.6581925622383878,0.6343586177794714,0.6803767260619765,0.6425382267547007,0.061792794230633614,0.6425382267547007
2025-09-10,350.54998779296875,356.3299865722656,346.07000732421875,347.7900085449219,72121700,347.7900085449219,0.6638508764944836,0.6491148412262269,0.6867022810880764,0.6447439706571211,0.12973688215185786,0.6447439706571211
2025-09-11,350.1700134277344,368.989990234375,347.6000061035156,368.80999755859375,103756000,368.80999755859375,0.6628319052650556,0.6827144680077316,0.6910036550739912,0.7012857980609443,0.24715187641738084,0.7012857980609443
2025-09-12,370.94000244140625,396.69000244140625,370.239990234375,395.94000244140625,168156400,395.94000244140625,0.7185304554222798,0.7562302502175691,0.7546527508116715,0.7742630033559199,0.4861826941278213,0.7742630033559199
2025-09-15,423.1300048828125,425.70001220703125,402.42999267578125,410.0400085449219,163823700,410.0400085449219,0.8584875573145742,0.8332227635744256,0.8451503649154078,0.8121907163998845,0.4701012905357004,0.8121907163998845
2025-09-16,414.5,423.25,411.42999267578125,421.6199951171875,104285700,421.6199951171875,0.8353446100792139,0.8267204356159624,0.8704525850198077,0.8433398098500174,0.24911792979812414,0.8433398098500174
2025-09-17,415.75,428.30999755859375,409.6700134277344,425.8599853515625,106133500,425.8599853515625,0.8386967152560968,0.8401496599686312,0.8655046536516678,0.8547449916448318,0.25597629007174594,0.8547449916448318
2025-09-18,428.8699951171875,432.2200012207031,416.55999755859375,416.8500061035156,90454500,416.8500061035156,0.8738803980984987,0.8505268026036201,0.8848748642066485,0.8305089803308513,0.19778155539801726,0.8305089803308513
2025-09-19,421.82000732421875,429.4700012207031,421.7200012207031,426.07000732421875,93131000,426.07000732421875,0.8549745576362814,0.8432283075861438,0.8993814806953374,0.8553099313372938,0.20771574809871465,0.8553099313372938
2025-09-22,431.1099853515625,444.9800109863281,429.1300048828125,434.2099914550781,96600900,434.2099914550781,0.8798873443871511,0.8843918454026617,0.9202136522101263,0.877205736206533,0.22059475248957958,0.877205736206533
