date,open,high,low,close,volume,price,open_norm,high_norm,low_norm,close_norm,volume_norm,price_norm
2023-01-03,89.58999633789062,91.05000305175781,88.5199966430664,89.12000274658203,28131200,89.12000274658203,0.021430651290359648,0.02066142225629774,0.021922707994115838,0.01732735416751365,0.15257488400655023,0.01732735416751365
2023-01-04,90.3499984741211,90.6500015258789,87.2699966430664,88.08000183105469,34854800,88.08000183105469,0.02594238880547407,0.018286539366348505,0.01443543621903743,0.011155974573635381,0.20991999863537117,0.011155974573635381
2023-01-05,87.47000122070312,87.56999969482422,85.9000015258789,86.19999694824219,27194400,86.19999694824219,0.008845342583840801,0.0,0.006229415600706867,0.0,0.14458498225982533,0.0
2023-01-06,86.79000091552734,87.69000244140625,84.86000061035156,87.33999633789062,41381500,87.33999633789062,0.004808534342264398,0.0007124784561218315,0.0,0.006764771900938843,0.2655857669213974,0.006764771900938843
2023-01-09,88.36000061035156,90.05000305175781,87.86000061035156,88.0199966430664,29003900,88.0199966430664,0.01412880619964322,0.014724237679986422,0.017969452260188177,0.010799902971054208,0.16001808133187773,0.010799902971054208
2023-01-10,85.9800033569336,88.66999816894531,85.83000183105469,88.41999816894531,30467800,88.41999816894531,0.0,0.006530893974517741,0.005810130209249687,0.013173517472227546,0.17250358215065503,0.013173517472227546
2023-01-11,89.18000030517578,91.5999984741211,89.01000213623047,91.5199966430664,26862000,91.5199966430664,0.018996718024036966,0.02392684659499484,0.024857751432996365,0.03156895062869161,0.1417499658842795,0.03156895062869161
2023-01-12,91.4800033569336,91.87000274658203,89.75,91.12999725341797,30258100,91.12999725341797,0.032650640241890544,0.025529911796988075,0.029290203528212308,0.02925468894010364,0.1707150655021834,0.02925468894010364
2023-01-13,90.8499984741211,92.19000244140625,90.12999725341797,92.12000274658203,26329200,92.12000274658203,0.02891062882746412,0.027429809049522757,0.03156631769631125,0.035129395016917135,0.13720575191048034,0.035129395016917135
2023-01-17,92.05999755859375,92.25,90.05000305175781,91.29000091552734,32602400,91.29000091552734,0.036093764245670235,0.027786025629021903,0.031087167033703234,0.03020415284974539,0.19070943640829693,0.03020415284974539
2023-01-18,92.13999938964844,92.80000305175781,90.63999938964844,91.12000274658203,29116700,91.12000274658203,0.03656869351920825,0.031051495264842542,0.03462113737617371,0.029195381400449305,0.16098014465065502,0.029195381400449305
2023-01-19,90.72000122070312,93.61000061035156,90.62999725341797,93.05000305175781,37000400,93.05000305175781,0.028138902726776122,0.03586060027657518,0.03456122640634261,0.04064802949114946,0.22821967112445415,0.04064802949114946
2023-01-20,95.0999984741211,98.30000305175781,95.0199966430664,98.0199966430664,63191100,98.0199966430664,0.05414066901437954,0.06370601043455479,0.060856521224523556,0.07014003913573251,0.4515983215065502,0.07014003913573251
2023-01-23,97.94999694824219,100.04000091552734,97.5,99.79000091552734,40005100,99.79000091552734,0.07105962808137314,0.07403669891414189,0.07571128853369843,0.08064326858972194,0.253846547489083,0.08064326858972194
2023-01-24,98.0999984741211,99.61000061035156,97.19999694824219,97.69999694824219,33078500,97.69999694824219,0.07195010914631984,0.07148370773444308,0.07391432502820751,0.06824115658938004,0.19477006004366812,0.06824115658938004
2023-01-25,95.56999969482422,96.16000366210938,93.76000213623047,95.22000122070312,42330000,95.22000122070312,0.05693082188172993,0.05100043906501845,0.05330938417829432,0.0535248281733812,0.273675457150655,0.0535248281733812
2023-01-26,96.5,97.56999969482422,95.37999725341797,97.5199966430664,30114000,97.5199966430664,0.062451750134301355,0.05937184576311317,0.06301285915164057,0.06717303232749859,0.16948604667030567,0.06717303232749859
2023-01-27,97.30999755859375,100.31999969482422,97.30999755859375,99.37000274658203,33879800,99.37000274658203,0.06726028447656575,0.07569910334796928,0.07457320860030883,0.0781509937363089,0.2016042917576419,0.0781509937363089
2023-01-30,97.4800033569336,98.29000091552734,96.4000015258789,96.94000244140625,27226200,96.94000244140625,0.06826952050577115,0.06364662590559708,0.0691224985113655,0.06373133883737483,0.14485620223799126,0.06373133883737483
2023-01-31,96.87000274658203,98.87999725341797,96.81999969482422,98.83999633789062,29870700,98.83999633789062,0.06464826405560341,0.06714954306300146,0.07163821086010858,0.07500592849031888,0.1674109579694323,0.07500592849031888
2023-02-01,98.70999908447266,101.19000244140625,97.58000183105469,100.43000030517578,35531100,100.43000030517578,0.07557136559648757,0.0808644702363246,0.07619048489498671,0.08444103368242686,0.21568811408296942,0.08444103368242686
2023-02-02,105.80000305175781,107.8499984741211,105.61000061035156,107.73999786376953,69883800,107.73999786376953,0.11766103266001564,0.12040609596005374,0.12428871146630156,0.12781865873146878,0.5086798921943232,0.12781865873146878
2023-02-03,102.93000030517578,107.80999755859375,102.58000183105469,104.77999877929688,65309300,104.77999877929688,0.10062331862876334,0.12016860314134646,0.10613957199530034,0.11025398385947571,0.46966430131004366,0.11025398385947571
2023-02-06,102.4000015258789,104.36000061035156,101.87999725341797,102.9000015258789,31999600,102.9000015258789,0.09747699145213362,0.09968533447192184,0.10194667238204828,0.09909805455877137,0.1855681973253275,0.09909805455877137
2023-02-07,103.22000122070312,108.18000030517578,103.12000274658203,107.63999938964844,49010200,107.63999938964844,0.10234490327652737,0.12236537774154611,0.10937407888597585,0.1272252664244082,0.33065041621179037,0.1272252664244082
2023-02-08,102.05000305175781,103.13999938964844,98.04000091552734,99.37000274658203,94743500,99.37000274658203,0.09539923249509026,0.09244196204128226,0.07894579542437394,0.0781509937363089,0.7207065365720524,0.0781509937363089
2023-02-09,100.0,100.02999877929688,93.62999725341797,95.01000213623047,119455000,95.01000213623047,0.08322943028823171,0.07397731438518418,0.052530678666530786,0.05227869074667468,0.9314691935043669,0.05227869074667468
2023-02-10,95.44999694824219,96.75,94.25,94.56999969482422,54980700,94.56999969482422,0.0562184279714229,0.054503356222422826,0.056244381918494575,0.04966771026809091,0.38157239355895195,0.04966771026809091
2023-02-13,94.73999786376953,95.19999694824219,93.83999633789062,94.61000061035156,50076100,94.61000061035156,0.05200353257520683,0.04530070201029087,0.05378853484090233,0.04990507624550134,0.33974140283842796,0.04990507624550134
2023-02-14,94.43000030517578,94.8499984741211,92.26000213623047,94.68000030517578,54726100,94.68000030517578,0.050163238254932484,0.04322269646800662,0.044324658048200224,0.05032045538773685,0.3794009279475983,0.05032045538773685
2023-02-15,94.48999786376953,97.12000274658203,94.1500015258789,96.94000244140625,50169000,96.94000244140625,0.05051941256421181,0.056700130822622485,0.05564540931622436,0.06373133883737483,0.34053374044759827,0.06373133883737483
2023-02-16,95.37000274658203,97.68000030517578,94.73999786376953,95.51000213623047,42462600,95.51000213623047,0.055743543989633264,0.06002493969027729,0.05917937965869484,0.055245697554908595,0.2748063932860262,0.055245697554908595
2023-02-17,94.8499984741211,95.55999755859375,93.20999908447266,94.3499984741211,34284100,94.3499984741211,0.05265654900338452,0.04743809208153283,0.05001496631778771,0.048362220028799016,0.20505253820960698,0.048362220028799016
2023-02-21,93.0,93.0999984741211,91.72000122070312,91.79000091552734,33629300,91.79000091552734,0.04167406998037101,0.032832623459461814,0.04109015115752472,0.0331711596579793,0.19946779475982532,0.0331711596579793
2023-02-22,91.69999694824219,92.11000061035156,90.61000061035156,91.6500015258789,30884000,91.6500015258789,0.033956627806497525,0.0269548234121082,0.034441450165360675,0.03234040137350829,0.17605332287117903,0.03234040137350829
2023-02-23,91.91999816894531,91.94000244140625,89.76000213623047,90.88999938964844,41206400,90.88999938964844,0.03526266066285289,0.025945512905444928,0.029350114498043412,0.02783053834857205,0.2640923512554585,0.02783053834857205
2023-02-24,89.44000244140625,89.88999938964844,88.58000183105469,89.12999725341797,36585100,89.12999725341797,0.02054021551716134,0.013774266405157313,0.022282128114422185,0.01738666170716798,0.22467760644104803,0.01738666170716798
2023-02-27,89.87000274658203,90.16000366210938,89.33999633789062,89.87000274658203,27502300,89.87000274658203,0.023092903747742716,0.01537733160715055,0.026834356450620062,0.02177786437986452,0.14721103984716158,0.02177786437986452
2023-02-28,89.33000183105469,91.2300033569336,89.31999969482422,90.05999755859375,30142000,90.05999755859375,0.019887199088983655,0.02173011729191872,0.026714580209638124,0.022905296181400303,0.1697248567139738,0.022905296181400303
2023-03-01,89.9800033569336,91.02999877929688,89.66999816894531,90.36000061035156,31111200,90.36000061035156,0.023745920175920397,0.020542653198382332,0.028811007166924026,0.024685518375513065,0.17799109579694322,0.024685518375513065
2023-03-02,89.66000366210938,92.27999877929688,89.58999633789062,92.0,32204400,92.0,0.021846248373516702,0.027964133918771478,0.028331810805635745,0.03441729708468583,0.1873149222161572,0.03441729708468583
2023-03-03,92.4800033569336,93.7300033569336,92.44999694824219,93.6500015258789,35160100,93.6500015258789,0.03858712028587065,0.03657307873269701,0.04546269228290956,0.04420842860644395,0.2125238810043668,0.04420842860644395
2023-03-06,94.0199966430664,95.97000122070312,94.0,95.12999725341797,32639300,95.12999725341797,0.04772925969686142,0.049872359500439764,0.054746927563478896,0.05299074340597496,0.191024153930131,0.05299074340597496
2023-03-07,94.9800033569336,95.66999816894531,93.52999877929688,93.86000061035156,27835500,93.86000061035156,0.05342832039582089,0.048091186008696954,0.05193170606426057,0.04545456603315047,0.15005287936681222,0.04545456603315047
2023-03-08,94.12000274658203,95.95999908447266,94.0,94.25,34103300,94.25,0.048322943934658136,0.049812974971482064,0.054746927563478896,0.04776882772173844,0.20351050764192138,0.04776882772173844
2023-03-09,94.05000305175781,95.52999877929688,91.9000015258789,92.31999969482422,28813500,92.31999969482422,0.04790739214324947,0.047259983791783255,0.04216832012108322,0.03631617963103829,0.1583941730349345,0.03631617963103829
2023-03-10,92.16999816894531,92.79000091552734,90.4000015258789,90.62999725341797,35941000,90.62999725341797,0.036746780673847915,0.03099211073588484,0.033183593990989135,0.026287682131869727,0.21918412254366812,0.026287682131869727
2023-03-13,90.08999633789062,92.56999969482422,89.41999816894531,91.11000061035156,37335600,91.11000061035156,0.024398891312349697,0.029685922881556585,0.027313552811908344,0.02913602858786394,0.2310785685043668,0.02913602858786394
2023-03-14,92.55999755859375,94.36000061035156,92.44000244140625,93.97000122070312,36050200,93.97000122070312,0.03906200426766028,0.040313488708808666,0.045402827011758726,0.04610731115279641,0.2201154817139738,0.04610731115279641
2023-03-15,93.22000122070312,96.93000030517578,92.63999938964844,96.11000061035156,50622100,96.11000061035156,0.042980102836726375,0.055572051258043806,0.046600772216299165,0.05880609667020309,0.34439819868995636,0.05880609667020309
2023-03-16,96.19999694824219,101.19000244140625,95.5,100.31999969482422,65492000,100.31999969482422,0.06067078800440798,0.0808644702363246,0.06373165369357299,0.08378828856278092,0.47122253684497817,0.08378828856278092
2023-03-17,100.26000213623047,102.83999633789062,100.0999984741211,101.62000274658203,61028500,101.62000274658203,0.08477292778135607,0.09066078854953945,0.09128480468612547,0.09150252437336151,0.4331536572052402,0.09150252437336151
2023-03-20,100.12000274658203,101.75,99.87000274658203,101.22000122070312,32960400,101.22000122070312,0.08394182419853874,0.08418927910397941,0.089907172270772,0.08912890987218818,0.1937627933951965,0.08912890987218818
2023-03-21,101.25,105.0999984741211,101.22000122070312,104.91999816894531,42110300,104.91999816894531,0.09065003034320683,0.10407883837519762,0.09799341664812061,0.11108474214394673,0.27180165120087335,0.11108474214394673
2023-03-22,104.2699966430664,106.58999633789062,103.33000183105469,103.37000274658203,43427400,103.37000274658203,0.10857818014765744,0.11292523071070688,0.1106319350603474,0.10188704820218021,0.2830351050764192,0.10188704820218021
2023-03-23,105.05999755859375,106.30000305175781,104.45999908447266,105.5999984741211,40797800,105.5999984741211,0.11326800481741152,0.11120348704504532,0.11740041229349338,0.1151198732140621,0.26060743040393014,0.1151198732140621
2023-03-24,104.98999786376953,105.48999786376953,103.83999633789062,105.44000244140625,30393300,105.44000244140625,0.11285245302600286,0.10639433673618914,0.1136867090415296,0.11417045457735138,0.1718681768558952,0.11417045457735138
2023-03-27,104.62000274658203,104.76000213623047,101.93000030517578,102.45999908447266,31120900,102.45999908447266,0.11065598439644918,0.10206021736187107,0.10224618153252352,0.0964870740801876,0.178073826419214,0.0964870740801876
2023-03-28,102.44000244140625,102.44999694824219,99.73999786376953,101.02999877929688,32057900,101.02999877929688,0.09771445608890263,0.08834529018854792,0.08912846675900847,0.08800143279772137,0.18606543395196506,0.08800143279772137
2023-03-29,102.27999877929688,102.48999786376953,100.6500015258789,101.38999938964844,28779600,101.38999938964844,0.09676459754182659,0.0885827830072552,0.09457922254663208,0.09013768132148427,0.15810504230349345,0.09013768132148427
2023-03-30,100.91000366210938,101.16000366210938,99.77999877929688,100.88999938964844,33086200,100.88999938964844,0.08863164886829282,0.08068636194657504,0.0893680649396526,0.08717067451325035,0.19483573280567684,0.08717067451325035
2023-03-31,101.30000305175781,103.88999938964844,101.04000091552734,103.7300033569336,36863400,103.7300033569336,0.09094687246210519,0.09689485047351575,0.09691524768456211,0.10402329672594311,0.22705120769650655,0.10402329672594311
2023-04-03,102.38999938964844,104.52999877929688,101.93000030517578,104.36000061035156,25035400,104.36000061035156,0.09741761397000427,0.1006946449785851,0.10224618153252352,0.10776170900606268,0.1261710221069869,0.10776170900606268
2023-04-04,104.33000183105469,105.58000183105469,104.04000091552734,104.72000122070312,24420100,104.72000122070312,0.10893439974868514,0.1069287069025614,0.1148846999447503,0.10989795752982558,0.12092317139737992,0.10989795752982558
2023-04-05,105.77999877929688,106.0999984741211,103.66000366210938,104.47000122070312,28290500,104.47000122070312,0.11754227769575694,0.11001602295150893,0.11260858577665135,0.10841445412570862,0.15393354257641922,0.10841445412570862
2023-04-06,105.26000213623047,109.16999816894531,104.33000183105469,108.41999816894531,48711500,108.41999816894531,0.11445532800125657,0.12824317778889974,0.11662175248041012,0.13185378980158413,0.32810282478165936,0.13185378980158413
2023-04-10,106.9800033569336,107.58999633789062,105.12000274658203,106.44000244140625,27067400,106.44000244140625,0.12466608092358208,0.1188624152870182,0.1213537137261013,0.12010446819381922,0.14350180813318777,0.12010446819381922
2023-04-11,106.55000305175781,106.7300033569336,104.68000030517578,105.3499984741211,26311800,105.3499984741211,0.12211339269300071,0.11375647822474412,0.11871817943769603,0.11363636980994514,0.13705734852620088,0.11363636980994514
2023-04-12,106.58000183105469,106.75,104.33999633789062,104.63999938964844,24370300,104.63999938964844,0.12229147984764037,0.113875201985536,0.11668161775156095,0.10942322557500471,0.1204984306768559,0.10942322557500471
2023-04-13,105.83999633789062,107.48999786376953,105.83999633789062,107.43000030517578,24843600,107.43000030517578,0.11789845200503626,0.11826870588881178,0.12566634388165504,0.12597912899770167,0.12453517330786026,0.12597912899770167
2023-04-14,106.88999938964844,108.94000244140625,106.83999633789062,108.87000274658203,26578000,108.87000274658203,0.12413177416791472,0.12687765070273732,0.13165616130171776,0.13452412309275327,0.13932774972707423,0.13452412309275327
2023-04-17,104.66000366210938,106.16000366210938,104.5199966430664,105.97000122070312,37571200,105.97000122070312,0.1108934490332182,0.11037228482813162,0.11775978671511945,0.11731547455041037,0.23308798444323145,0.11731547455041037
2023-04-18,106.48999786376953,106.54000091552734,104.06999969482422,104.5,26596400,104.5,0.12175717309197301,0.11262839866016544,0.11506438715556333,0.10859246729053369,0.1394846820414847,0.10859246729053369
2023-04-19,103.58000183105469,104.9800033569336,103.06999969482422,104.18000030517578,20905700,104.18000030517578,0.10448203971570007,0.10336640521619932,0.10907456973550061,0.10669358474418122,0.09094909934497816,0.10669358474418122
2023-04-20,103.91000366210938,106.25,103.87000274658203,105.29000091552734,27820800,105.29000091552734,0.10644108900023312,0.11090660969738034,0.1138664419510229,0.113280343480295,0.14992750409388647,0.113280343480295
2023-04-21,105.47000122070312,106.0,104.77999877929688,105.41000366210938,25800100,105.41000366210938,0.11570198337548258,0.10942231355330251,0.11931715203996623,0.11399244141252632,0.13269309497816595,0.11399244141252632
2023-04-24,105.48999786376953,106.62999725341797,104.69999694824219,105.97000122070312,23542800,105.97000122070312,0.1158206930479929,0.11316272352941416,0.11883795567867796,0.11731547455041037,0.11344074099344978,0.11731547455041037
2023-04-25,105.83000183105469,106.69000244140625,103.83999633789062,103.8499984741211,46664100,103.8499984741211,0.1178391198146553,0.11351898540603685,0.1136867090415296,0.1047353493852434,0.31064069323144106,0.1047353493852434
2023-04-26,104.91999816894531,106.3499984741211,102.62999725341797,103.70999908447266,53347600,103.70999908447266,0.11243690123459418,0.11150031909558676,0.10643903544709532,0.10390459110077238,0.36764379776200873,0.10390459110077238
2023-04-27,104.44999694824219,108.37000274658203,103.54000091552734,107.58999633789062,50089200,107.58999633789062,0.1096467483672438,0.12349345730612481,0.11188979123471893,0.1269285476344124,0.3398531318231441,0.1269285476344124
2023-04-28,107.04000091552734,107.3499984741211,105.08999633789062,107.33999633789062,36139800,107.33999633789062,0.12502225523286142,0.11743750367189808,0.121173980816608,0.12544504423029543,0.2208796738537118,0.12544504423029543
2023-05-01,106.83999633789062,107.98999786376953,106.81999969482422,107.19999694824219,26681700,107.19999694824219,0.12383493204901636,0.12123729817696743,0.13153638506073584,0.12461428594582442,0.14021219978165939,0.12461428594582442
2023-05-02,107.13999938964844,107.19999694824219,103.70999908447266,105.31999969482422,30997200,105.31999969482422,0.12561589417890975,0.11654691692602667,0.11290804922844633,0.11345835664512006,0.17701879776200874,0.11345835664512006
2023-05-03,105.52999877929688,107.48999786376953,104.95999908447266,105.41000366210938,21795400,105.41000366210938,0.11605815768476191,0.11826870588881178,0.12039532100352474,0.11399244141252632,0.09853728848253275,0.11399244141252632
2023-05-04,105.48999786376953,105.5999984741211,103.97000122070312,104.69000244140625,23419500,104.69000244140625,0.1158206930479929,0.10704743066335327,0.11446541455329312,0.10971994436500052,0.11238912390829695,0.10971994436500052
2023-05-05,104.81999969482422,105.87999725341797,104.11000061035156,105.56999969482422,26639300,105.56999969482422,0.11184326228854585,0.10870983509718067,0.11530398533620748,0.11494186004923702,0.13985057314410482,0.11494186004923702
2023-05-08,105.18000030517578,107.95999908447266,105.16000366210938,107.7699966430664,26511400,107.7699966430664,0.11398039872771855,0.12105918988721787,0.12159331190674544,0.12799667189629385,0.13875972298034933,0.12799667189629385
2023-05-09,108.38999938964844,110.1500015258789,107.19000244140625,107.3499984741211,36360100,107.3499984741211,0.13303649423388486,0.1340616386044192,0.13375263395768394,0.1255043970428808,0.22275859716157206,0.1255043970428808
2023-05-10,107.97000122070312,112.94000244140625,107.93000030517578,111.75,63153400,111.75,0.13054318348543284,0.1506263890079826,0.1381850860528999,0.15161406600992547,0.45127678084061135,0.15161406600992547
2023-05-11,115.4000015258789,117.91999816894531,114.41000366210938,116.56999969482422,78900000,116.56999969482422,0.17465123202387492,0.18019354283162375,0.17699912304232565,0.18021600983038316,0.5855784320414847,0.18021600983038316
2023-05-12,116.68000030517578,118.02999877929688,116.11000061035156,117.51000213623047,41102300,117.51000213623047,0.1822499192334897,0.18084663675878787,0.1871817943769602,0.18579399711720085,0.263204489628821,0.18579399711720085
2023-05-15,116.11000061035156,118.4800033569336,116.01000213623047,116.51000213623047,36266800,116.51000213623047,0.17886612742009098,0.1835183969964021,0.18658282177468996,0.179859983500733,0.22196284798034935,0.179859983500733
2023-05-16,116.48999786376953,120.75,116.43000030517578,119.51000213623047,45035600,119.51000213623047,0.181121973531774,0.19699578605389442,0.18909853412343305,0.1976620243501365,0.29675133051310043,0.1976620243501365
2023-05-17,119.61000061035156,121.66999816894531,118.88999938964844,120.83999633789062,33323600,120.83999633789062,0.19964380757402134,0.2024579849927912,0.20383347949294572,0.20555422805261114,0.1968605008187773,0.20555422805261114
2023-05-18,120.94999694824219,123.30999755859375,120.83000183105469,122.83000183105469,35234200,122.83000183105469,0.20759866909291544,0.21219496407417188,0.2154537399114451,0.21736294774589246,0.21315587472707423,0.21736294774589246
2023-05-19,123.55000305175781,125.97000122070312,122.1500015258789,122.76000213623047,41353400,122.76000213623047,0.2230335534406624,0.22798789678977927,0.2233602970779807,0.21694756860365694,0.26534610398471614,0.21694756860365694
2023-05-22,122.94000244140625,126.43000030517578,122.73999786376953,125.05000305175781,35253000,125.05000305175781,0.21941229699049467,0.23071899625922765,0.22689426742045116,0.23053646521812,0.2133162186135371,0.23053646521812
2023-05-23,124.16000366210938,124.62999725341797,122.20999908447266,122.55999755859375,34046300,122.55999755859375,0.22665480989083012,0.22003204590301786,0.22371967149960675,0.21576073871660476,0.20302435862445414,0.21576073871660476
2023-05-24,121.12000274658203,121.91000366210938,119.86000061035156,120.9000015258789,34182600,120.9000015258789,0.20860790512212082,0.20388294190503486,0.20964360970219542,0.2059102996551923,0.20418685180131005,0.2059102996551923
2023-05-25,124.5199966430664,125.31999969482422,121.95999908447266,123.4800033569336,42317000,123.4800033569336,0.22879190103825445,0.22412871775575222,0.2222222171445911,0.22122006565118274,0.273564581058952,0.22122006565118274
2023-05-26,123.16999816894531,125.26000213623047,122.44999694824219,124.61000061035156,35635900,124.61000061035156,0.22077766203723098,0.22377250117625305,0.22515721488479135,0.22792548473953622,0.21658194596069869,0.22792548473953622
2023-05-30,125.63999938964844,125.66000366210938,122.0,123.66999816894531,35076700,123.66999816894531,0.23544077499254157,0.2261473840662023,0.22246181532523523,0.22234749745271853,0.21181256823144104,0.22234749745271853
2023-05-31,122.75,124.05999755859375,122.5,122.87000274658203,37325800,122.87000274658203,0.21828435128877896,0.21664785250640536,0.2254567240352666,0.21760031372330288,0.23099498498908297,0.21760031372330288
2023-06-01,122.81999969482422,124.41999816894531,122.62000274658203,123.72000122070312,30772700,123.72000122070312,0.21869990308018764,0.2187852425776473,0.226175518577199,0.22264421624271433,0.17510405294759826,0.22264421624271433
2023-06-02,123.98999786376953,126.1500015258789,123.76000213623047,124.66999816894531,26980100,124.66999816894531,0.22564557386162473,0.22905659182540025,0.2330039067801761,0.22828151106918637,0.1427572325327511,0.22828151106918637
2023-06-05,124.01000213623047,127.43000030517578,123.83999633789062,126.01000213623047,32305500,126.01000213623047,0.22576432882588343,0.23665618083553897,0.2334830574427841,0.2362331128571774,0.18817719705240174,0.2362331128571774
2023-06-06,126.01000213623047,128.2899932861328,125.36000061035156,127.30999755859375,26638300,127.30999755859375,0.23763728891384364,0.24176211789781304,0.2425876055125404,0.24394730339482695,0.1398420442139738,0.24394730339482695
2023-06-07,126.97000122070312,129.0399932861328,122.12000274658203,122.5,52539000,122.5,0.2433363043210547,0.24621500633004653,0.22318060986716765,0.21540471238695463,0.3607473048580786,0.21540471238695463
2023-06-08,122.2300033569336,123.2300033569336,121.23999786376953,122.13999938964844,29389200,122.13999938964844,0.2151974015942786,0.21172002373388085,0.21790954129035708,0.21326846386319173,0.1633042781113537,0.21326846386319173
2023-06-09,122.25,123.76000213623047,121.91000366210938,122.2300033569336,23778300,122.2300033569336,0.21531611126678893,0.21486672431178608,0.2219227536927961,0.21380254863059797,0.11544930403930131,0.21380254863059797
2023-06-12,122.79000091552734,124.05000305175781,121.66000366210938,123.63999938964844,28306400,123.63999938964844,0.21852181592554798,0.21658851327457118,0.22042529933778043,0.22216948428789346,0.1540691525655022,0.22216948428789346
2023-06-13,124.9800033569336,125.16000366210938,123.18000030517578,123.83000183105469,22278300,123.83000183105469,0.23152272171522387,0.22317879177804664,0.22952980170885645,0.2232969613623603,0.10265590884279475,0.2232969613623603
2023-06-14,123.0999984741211,124.05000305175781,121.44999694824219,123.66999816894531,30592300,123.66999816894531,0.22036211024582233,0.21658851327457118,0.2191673974647286,0.22234749745271853,0.17356543395196505,0.22234749745271853
2023-06-15,123.13999938964844,125.45999908447266,122.4000015258789,125.08999633789062,35246300,125.08999633789062,0.22059957488259133,0.2249599199726659,0.22485775143299636,0.2307737859225994,0.2132590747816594,0.2307737859225994
2023-06-16,125.93000030517578,126.11000061035156,123.27999877929688,123.52999877929688,45535600,123.52999877929688,0.2371623596403056,0.22881909900669298,0.23012877431112666,0.22151673916824752,0.30101579557860264,0.22151673916824752
2023-06-20,122.93000030517578,124.56999969482422,122.13999938964844,123.0999984741211,26097500,123.0999984741211,0.21935291950836533,0.21967582932351873,0.2233003861081496,0.21896511150224912,0.13522959879912663,0.21896511150224912
2023-06-21,122.4000015258789,122.66000366210938,120.0999984741211,120.55000305175781,30306300,120.55000305175781,0.21620659233173561,0.20833583033726835,0.21108115308737999,0.20383340394401478,0.1711261599344978,0.20383340394401478
2023-06-22,120.0,123.23999786376953,118.83000183105469,123.1500015258789,26952200,123.1500015258789,0.2019590311678337,0.211779362965715,0.20347410507131963,0.2192618302922449,0.14251927538209608,0.2192618302922449
2023-06-23,121.37999725341797,122.79000091552734,121.05999755859375,122.33999633789062,34913600,122.33999633789062,0.21015135732349682,0.20910764802522433,0.21683137232679858,0.21445524847731287,0.21042149972707425,0.21445524847731287
2023-06-26,120.76000213623047,122.0,118.2699966430664,118.33999633789062,33969900,118.33999633789062,0.2064707686829481,0.20441726677428357,0.20011977624098193,0.19071919401144155,0.20237274836244543,0.19071919401144155
2023-06-27,117.08000183105469,119.08000183105469,116.0999984741211,118.33000183105469,39535900,118.33000183105469,0.1846245203094314,0.18708069868276417,0.1871218834071291,0.19065988647178722,0.2498447734716157,0.19065988647178722
2023-06-28,117.08999633789062,120.38999938964844,116.8499984741211,120.18000030517578,27091400,120.18000030517578,0.18468385249981237,0.19485839598265248,0.19161424647217612,0.2016378026076665,0.14370650245633187,0.2016378026076665
2023-06-29,119.23999786376953,120.05999755859375,118.30000305175781,119.0999984741211,24090900,119.0999984741211,0.19744729365271926,0.1928991142011601,0.20029950915047523,0.1952290570363778,0.11811544759825328,0.1952290570363778
2023-06-30,120.16999816894531,121.08000183105469,119.69000244140625,119.69999694824219,29532200,119.69999694824219,0.2029682219052907,0.1989550678353868,0.20862535170846802,0.1987894561516723,0.16452391512008735,0.1987894561516723
2023-07-03,119.23999786376953,120.19000244140625,118.81999969482422,119.9000015258789,14467900,119.9000015258789,0.19744729365271926,0.19367097718623963,0.20341419410148853,0.19997628603872447,0.036041552947598254,0.19997628603872447
2023-07-05,119.23999786376953,122.61000061035156,119.2300033569336,121.75,27584800,121.75,0.19744729365271926,0.20803895298960337,0.20587004117908078,0.21095420217460376,0.14791467658296945,0.21095420217460376
2023-07-06,119.80000305175781,120.30000305175781,118.4000015258789,120.11000061035156,24745200,120.11000061035156,0.200771753275737,0.19432407111340375,0.20089848175274547,0.20122242346543098,0.12369592658296943,0.20122242346543098
2023-07-07,120.0999984741211,121.05000305175781,119.4000015258789,119.4800033569336,21709500,119.4800033569336,0.20255267011388203,0.19877695954563723,0.20688829917280818,0.19748401118531142,0.09780465338427947,0.19748401118531142
2023-07-10,118.30000305175781,118.30999755859375,116.13999938964844,116.44999694824219,35315200,116.44999694824219,0.19186703320976686,0.1825090411926153,0.18736148158777322,0.17950391189815185,0.2138467180676856,0.17950391189815185
2023-07-11,116.29000091552734,117.70999908447266,115.3499984741211,117.13999938964844,23078800,117.13999938964844,0.17993469563967732,0.1789467395062532,0.18262952034208205,0.18359839578085257,0.10948331741266376,0.18359839578085257
2023-07-12,118.80000305175781,120.33000183105469,118.41000366210938,118.93000030517578,30404400,118.93000030517578,0.19483527323175692,0.1945021794031533,0.20095839272257657,0.1942202855870817,0.17196284798034933,0.1942202855870817
2023-07-13,120.93000030517578,124.83000183105469,120.44999694824219,124.54000091552734,44297900,124.54000091552734,0.20747995942040512,0.22121950999655424,0.2131775800446659,0.22751010559730073,0.2904595387554585,0.22751010559730073
2023-07-14,124.80000305175781,126.77999877929688,123.48999786376953,125.41999816894531,33283100,125.41999816894531,0.23045415349563753,0.2327970018015119,0.2313866304854982,0.23273202128153725,0.1965150791484716,0.23273202128153725
2023-07-17,125.94000244140625,127.0999984741211,124.19999694824219,124.6500015258789,25716200,124.6500015258789,0.23722173712243497,0.2346968990540466,0.2356393953699011,0.22816285071694667,0.13197751774017466,0.22816285071694667
2023-07-18,124.5999984741211,124.68000030517578,122.95999908447266,123.76000213623047,26193600,123.76000213623047,0.22926683031179249,0.22032892325068285,0.2282120345646538,0.22288158222012477,0.13604922898471616,0.22288158222012477
2023-07-19,124.5999984741211,125.18000030517578,121.80000305175781,122.02999877929688,37224000,122.02999877929688,0.22926683031179249,0.2232975155388385,0.2212638701206948,0.2126157187435458,0.23012673990174673,0.2126157187435458
2023-07-20,121.41999816894531,124.08999633789062,118.22000122070312,119.19999694824219,37906800,119.19999694824219,0.21038882196026581,0.21682596079615493,0.19982031278918697,0.19582244934343837,0.23595029339519652,0.19582244934343837
2023-07-21,120.62000274658203,120.98999786376953,118.7300033569336,120.0199966430664,72937900,120.0199966430664,0.20563966510013076,0.19842069766901455,0.20287513246904942,0.20068833869802474,0.5347280977074236,0.20068833869802474
2023-07-24,121.66000366210938,123.0,120.9800033569336,121.52999877929688,29686100,121.52999877929688,0.21181360978087987,0.21035445135059488,0.21635222166419055,0.20964871193531187,0.1658365174672489,0.20964871193531187
2023-07-25,121.36000061035156,123.1500015258789,121.0199966430664,122.20999908447266,52509600,122.20999908447266,0.2100326476509865,0.2112450380964663,0.21659177414615444,0.21368384300542723,0.36049655431222705,0.21368384300542723
2023-07-26,130.07000732421875,130.97999572753906,128.32000732421875,129.27000427246094,61682100,129.27000427246094,0.26173942869079175,0.25773315890317,0.2603175052907647,0.2555780099232832,0.43872816593886466,0.2555780099232832
2023-07-27,131.6699981689453,133.24000549316406,128.7899932861328,129.39999389648438,44952100,129.39999389648438,0.27123774241106186,0.2711512540259517,0.2631326353926225,0.2563493701222378,0.2960391648471616,0.2563493701222378
2023-07-28,130.77999877929688,133.74000549316406,130.57000732421875,132.5800018310547,36591200,132.5800018310547,0.2659542787952594,0.27411984631410735,0.2737945944859058,0.2752195805064538,0.22472963291484715,0.2752195805064538
2023-07-31,132.72999572753906,133.52999877929688,131.77999877929688,132.72000122070312,28055500,132.72000122070312,0.2775303967643213,0.2728729976916133,0.2810422223816598,0.27605033879092483,0.15192924399563318,0.27605033879092483
2023-08-01,130.77999877929688,132.6300048828125,130.67999267578125,131.5500030517578,23166800,131.5500030517578,0.2659542787952594,0.2675295678106319,0.2744533866606466,0.2691075537251609,0.11023386326419214,0.2691075537251609
2023-08-02,129.4499969482422,130.08999633789062,127.55999755859375,128.3800048828125,26273300,128.3800048828125,0.2580587494667463,0.2524490682540228,0.2557651855572063,0.2502967414264613,0.13672898471615721,0.2502967414264613
2023-08-03,127.97000122070312,129.38999938964844,127.41999816894531,128.4499969482422,20089500,128.4499969482422,0.24927278436503483,0.24829305716945432,0.25492661477429196,0.2507120752957658,0.0839877865720524,0.2507120752957658
2023-08-04,129.27999877929688,131.50999450683594,127.91000366210938,128.11000061035156,26147200,128.11000061035156,0.25704955872928925,0.2608798594810752,0.2578616582131725,0.24869453239717362,0.13565348662663756,0.24869453239717362
2023-08-07,129.16000366210938,131.61000061035156,129.02000427246094,131.52999877929688,22746300,131.52999877929688,0.25633721011073063,0.2614736141764052,0.2645103592053365,0.2689888480999902,0.1066474481441048,0.2689888480999902
2023-08-08,130.6199951171875,131.50999450683594,129.5399932861328,131.39999389648438,23535200,131.39999389648438,0.2650044202481834,0.2608798594810752,0.2676249984576695,0.26821739735517347,0.11337592112445415,0.26821739735517347
2023-08-09,131.66000366210938,132.0399932861328,129.0,129.66000366210938,24912900,129.66000366210938,0.2711784102206809,0.26402656005898045,0.2643905372656743,0.25789227161187117,0.12512622816593885,0.25789227161187117
2023-08-10,131.32000732421875,132.0500030517578,129.4499969482422,129.69000244140625,20857800,129.69000244140625,0.2691600287457669,0.2640859898850617,0.2670859368252304,0.25807028477669625,0.09054056359170305,0.25807028477669625
2023-08-11,128.66000366210938,129.92999267578125,128.1699981689453,129.55999755859375,19591100,129.55999755859375,0.2533689700887406,0.2514990969791937,0.259418977839339,0.2572988340318796,0.07973696779475982,0.2572988340318796
2023-08-14,129.38999938964844,131.3699951171875,128.9600067138672,131.3300018310547,24695600,131.3300018310547,0.257702575157467,0.26004865726416154,0.2641509847837104,0.267802063485869,0.12327289164847162,0.267802063485869
2023-08-15,131.10000610351562,131.4199981689453,129.27999877929688,129.77999877929688,19770700,129.77999877929688,0.2678539958894115,0.2603455346118265,0.266067678831503,0.25860432427117147,0.08126876364628821,0.25860432427117147
2023-08-16,128.6999969482422,130.27999877929688,127.87000274658203,128.6999969482422,25216100,128.6999969482422,0.2536063894337612,0.2535771478186015,0.2576220600325283,0.25219557869988274,0.1277121997816594,0.25219557869988274
2023-08-17,129.8000030517578,131.99000549316406,129.2899932861328,129.9199981689453,33446300,129.9199981689453,0.260136553715538,0.2637297733055626,0.2661275441026539,0.25943508255564246,0.19790700054585153,0.25943508255564246
2023-08-18,128.50999450683594,129.25,126.37999725341797,127.45999908447266,30504800,127.45999908447266,0.2524784437320455,0.2474618549525406,0.24869719917358507,0.24483741449188334,0.17281915256550218,0.24483741449188334
2023-08-21,127.18000030517578,128.72999572753906,126.55999755859375,128.3699951171875,25248700,128.3699951171875,0.24458295969528074,0.24437449360646954,0.24977536813714357,0.25023734334094494,0.12799024290393013,0.25023734334094494
2023-08-22,128.50999450683594,130.27999877929688,128.32000732421875,129.0800018310547,22054900,129.0800018310547,0.2524784437320455,0.2535771478186015,0.2603175052907647,0.2544505328488164,0.10075054585152839,0.2544505328488164
2023-08-23,130.17999267578125,133.41000366210938,129.8699951171875,132.3699951171875,27819700,132.3699951171875,0.26239235453547266,0.272160564532615,0.2696016491739735,0.27397339780681623,0.14991812227074236,0.27397339780681623
2023-08-24,133.9499969482422,134.25,129.57000732421875,129.77999877929688,28500700,129.77999877929688,0.28477290966465674,0.2771477778340972,0.2678047770658431,0.25860432427117147,0.15572632368995634,0.25860432427117147
2023-08-25,129.5399932861328,130.75999450683594,127.25,129.8800048828125,26762900,129.8800048828125,0.2585930109306653,0.25642697104884177,0.25390835678056456,0.25919776185116306,0.14090474890829693,0.25919776185116306
2023-08-28,131.30999755859375,132.5399932861328,130.13999938964844,131.00999450683594,20543300,131.00999450683594,0.2691006059718891,0.2669951523471361,0.2712189254686514,0.2659031356665855,0.08785821506550218,0.2659031356665855
2023-08-29,132.24000549316406,136.57000732421875,132.24000549316406,134.57000732421875,43075600,134.57000732421875,0.27462157951620897,0.29092208953637805,0.2837975786097273,0.28702830019973513,0.2800346274563319,0.28702830019973513
2023-08-30,134.77999877929688,136.27999877929688,134.07000732421875,135.8800048828125,28315800,135.8800048828125,0.2897001989711798,0.2892002552764694,0.2947589554561254,0.29480184354997,0.15414932450873362,0.29480184354997
2023-08-31,136.00999450683594,138.0,135.7899932861328,136.1699981689453,30053800,136.1699981689453,0.29700204406189623,0.29941221999526463,0.30506135733306156,0.2965226676585664,0.1689726050764192,0.2965226676585664
2023-09-01,137.4600067138672,137.4600067138672,134.85000610351562,135.66000366210938,21543700,135.66000366210938,0.3056100125924648,0.29620618018552525,0.29943100573198544,0.29349635331067814,0.09639055676855895,0.29349635331067814
2023-09-05,135.44000244140625,136.4199981689453,134.5800018310547,135.77000427246094,19403100,135.77000427246094,0.29361829754024593,0.2900314574933831,0.2978137294373076,0.2941490984303241,0.07813352893013101,0.2941490984303241
2023-09-06,136.02000427246094,136.52999877929688,133.6699981689453,134.4600067138672,18684500,134.4600067138672,0.297061466835774,0.2906845514205472,0.29236297364968394,0.28637555508008916,0.07200463973799126,0.28637555508008916
2023-09-07,133.58999633789062,135.5800018310547,132.9499969482422,135.25999450683594,18844300,135.25999450683594,0.282635773225484,0.2850442441919009,0.28805029779544994,0.2911226935365738,0.07336756277292576,0.2911226935365738
2023-09-08,134.91000366210938,136.66000366210938,134.85000610351562,136.3800048828125,23558300,136.3800048828125,0.2904719703636162,0.29145641440562675,0.29943100573198544,0.29776885035820394,0.11357293941048036,0.29776885035820394
2023-09-11,136.5399932861328,137.47999572753906,135.7899932861328,136.9199981689453,20763400,136.9199981689453,0.30014837123852595,0.29632485864919356,0.30506135733306156,0.30097317787091726,0.08973543258733624,0.30097317787091726
2023-09-12,136.25999450683594,136.8699951171875,135.19000244140625,135.33999633789062,18405500,135.33999633789062,0.29848616407289125,0.2927031724338738,0.30146752171944025,0.29159742549139467,0.06962506823144105,0.29159742549139467
2023-09-13,135.08999633789062,136.89999389648438,134.14999389648438,136.7100067138672,20749500,136.7100067138672,0.29154049329145415,0.29288128072362335,0.29523806042005313,0.2997270857171418,0.08961688045851528,0.2997270857171418
2023-09-14,137.60000610351562,138.6999969482422,136.24000549316406,138.10000610351562,24751000,138.10000610351562,0.30644111617528214,0.30356823107983316,0.30775684828997824,0.3079753610221976,0.12374539437772926,0.3079753610221976
2023-09-15,137.97999572753906,138.52000427246094,136.47999572753906,137.39999389648438,38919600,137.39999389648438,0.3086969169952168,0.3024995813413357,0.30919434597648254,0.30382147905398044,0.24458839383187772,0.30382147905398044
2023-09-18,136.61000061035156,139.16000366210938,136.61000061035156,138.2100067138672,21861300,138.2100067138672,0.30056396832168303,0.30629937584640504,0.30997305148824605,0.30862810614184355,0.09909934497816594,0.30862810614184355
2023-09-19,137.4199981689453,138.41000366210938,136.6199951171875,138.0399932861328,20353700,138.0399932861328,0.3053725026639474,0.3018464874141716,0.3100329167593969,0.3076192441466854,0.08624112991266375,0.3076192441466854
2023-09-20,138.0800018310547,138.0800018310547,133.6199951171875,133.74000549316406,29927500,133.74000549316406,0.3092906012330135,0.2998872056326792,0.2920634644992087,0.28210305803256336,0.16789540120087337,0.28210305803256336
2023-09-21,131.44000244140625,132.22999572753906,130.07000732421875,130.44000244140625,31503900,130.44000244140625,0.2698723773643255,0.2651546396235592,0.2707996857758745,0.2625207949890471,0.18134040665938864,0.2625207949890471
2023-09-22,130.75999450683594,132.02999877929688,129.60000610351562,130.25,26397300,130.25,0.26583552383100073,0.2639672208271463,0.2679844642766562,0.2613933179145803,0.13778657205240175,0.2613933179145803
2023-09-25,129.8300018310547,131.1699981689453,128.9600067138672,131.11000061035156,20094600,131.11000061035156,0.2603146408701777,0.2588612384677487,0.2641509847837104,0.2664965732465771,0.08403128411572053,0.2664965732465771
2023-09-26,129.77000427246094,130.36000061035156,127.22000122070312,128.57000732421875,25718700,128.57000732421875,0.2599584665608984,0.25405213345601607,0.2537286695697515,0.25142421850092816,0.1319988400655022,0.25142421850092816
2023-09-27,128.57000732421875,130.89999389648438,128.57000732421875,130.5399932861328,22746500,130.5399932861328,0.2528347086248216,0.25725817326575545,0.2618149596457804,0.2631141420231767,0.10664915393013101,0.2631141420231767
2023-09-28,129.83999633789062,133.3000030517578,129.7899932861328,132.30999755859375,22513100,132.30999755859375,0.26037397306055865,0.2715074706054509,0.2691224528126852,0.2736173714771661,0.10465850163755458,0.2736173714771661
2023-09-29,133.27999877929688,134.0500030517578,130.36000061035156,130.86000061035156,30859800,130.86000061035156,0.28079547890520967,0.27596035903768434,0.272536692612854,0.26501306984246015,0.17584692276200872,0.26501306984246015
2023-10-02,131.2100067138672,134.4199981689453,131.1699981689453,134.1699981689453,22288000,134.1699981689453,0.26850701231758917,0.27815708834076047,0.2773884300995272,0.28465464042563077,0.1027386394650655,0.28465464042563077
2023-10-03,133.94000244140625,134.25999450683594,131.83999633789062,132.42999267578125,22989400,132.42999267578125,0.2847135774742758,0.2772071170659314,0.2814015968032859,0.2743294241364664,0.10872083105895196,0.2743294241364664
2023-10-04,132.7899932861328,135.57000732421875,132.52999877929688,135.24000549316406,26752300,135.24000549316406,0.2778865710736006,0.28498490496006673,0.2855345854467069,0.2910040784572651,0.1408143422489083,0.2910040784572651
2023-10-05,135.07000732421875,135.49000549316406,133.4499969482422,135.07000732421875,19832600,135.07000732421875,0.29142182891069224,0.2845099193226522,0.2910452065054813,0.28999530700796905,0.08179670442139737,0.28999530700796905
2023-10-06,134.00999450683594,138.16000366210938,134.00999450683594,137.5800018310547,27597600,137.5800018310547,0.28512908397393605,0.3003621912700937,0.29439948963713874,0.3048896485887929,0.14802384688864628,0.3048896485887929
2023-10-09,136.94000244140625,138.94000244140625,135.61000061035156,138.4199981689453,19278100,138.4199981689453,0.3025230176062161,0.3049931879920768,0.30398323406818334,0.309874198295619,0.07706741266375546,0.309874198295619
2023-10-10,138.5,139.72000122070312,137.3300018310547,138.05999755859375,27786600,138.05999755859375,0.31178391198146554,0.3096241847140599,0.31428572734248006,0.30773794977185615,0.14963581468340612,0.30773794977185615
2023-10-11,138.5800018310547,141.11000061035156,138.5800018310547,140.5500030517578,25884300,140.5500030517578,0.3122588412550035,0.3178768676513627,0.32177299911755847,0.32251367627337135,0.13341123089519652,0.32251367627337135
2023-10-12,141.0500030517578,141.22000122070312,138.25999450683594,138.97000122070312,24765500,138.97000122070312,0.3269219542103141,0.31852996157852687,0.31985621367240535,0.31313792389384876,0.12386906386462881,0.31313792389384876
2023-10-13,139.3800048828125,140.0,136.6199951171875,137.36000061035156,23420500,137.36000061035156,0.317008043406887,0.31128658914788726,0.3100329167593969,0.30358415834950103,0.11239765283842795,0.30358415834950103
2023-10-16,138.1699981689453,139.6300048828125,137.99000549316406,139.10000610351562,28501900,139.10000610351562,0.3098248626969325,0.30908985984481113,0.31823902877508803,0.3139093746386654,0.15573655840611353,0.3139093746386654
2023-10-17,138.6300048828125,139.89999389648438,137.17999267578125,139.72000122070312,23515800,139.72000122070312,0.3125556833739019,0.3106928344525573,0.31338719989105435,0.31758843410619964,0.11321045987991267,0.31758843410619964
2023-10-18,139.4499969482422,140.72000122070312,137.3800048828125,137.9600067138672,23375000,137.9600067138672,0.31742354990654725,0.3155613692903712,0.31458523649295533,0.3071446027377266,0.11200958651746724,0.3071446027377266
2023-10-19,138.5,139.66000366210938,137.3800048828125,137.75,26066000,137.75,0.31178391198146554,0.3092679681345607,0.31458523649295533,0.30589842003808904,0.1349609375,0.30589842003808904
2023-10-20,137.3300018310547,137.8699951171875,135.0800018310547,135.60000610351562,26335700,135.60000610351562,0.30483824120002845,0.2986403570101851,0.30080863814733894,0.29314032698102804,0.13726118995633188,0.29314032698102804
2023-10-23,135.0399932861328,137.66000366210938,133.9499969482422,136.5,26317900,136.5,0.2912436511725558,0.29739359898193807,0.2940401152155127,0.29848090301750424,0.137109375,0.29848090301750424
2023-10-24,137.8300018310547,139.36000061035156,137.4199981689453,138.80999755859375,44814300,138.80999755859375,0.3078064812220185,0.3074867946428179,0.31482478897491917,0.31218845998420697,0.2948638782751092,0.31218845998420697
2023-10-25,128.16000366210938,128.30999755859375,125.06999969482422,125.61000061035156,84366200,125.61000061035156,0.2504007300667505,0.24188088695572846,0.24085055297688057,0.23385949835600406,0.6321992699235808,0.23385949835600406
2023-10-26,123.2699966430664,124.33000183105469,121.2699966430664,122.27999877929688,57061100,122.27999877929688,0.22137130098327934,0.21825091770839858,0.2180892285011701,0.21409922214766275,0.3993159798034934,0.21409922214766275
2023-10-27,122.87999725341797,123.30999755859375,120.20999908447266,122.16999816894531,44566500,122.16999816894531,0.21905607738946695,0.21219496407417188,0.21174003665948132,0.21344647702801678,0.29275040938864627,0.21344647702801678
2023-10-30,123.20999908447266,125.4000015258789,122.75,124.45999908447266,28940100,124.45999908447266,0.221015126674,0.22460370339316676,0.22695417839028226,0.22703537364247983,0.15947393558951964,0.22703537364247983
2023-10-31,125.05999755859375,125.37000274658203,122.69000244140625,124.08000183105469,26292300,124.08000183105469,0.2319976056970135,0.2244255951034172,0.2265948039686562,0.22478046476647723,0.13689103438864628,0.22478046476647723
2023-11-01,124.06999969482422,126.48999786376953,123.72000122070312,126.44999694824219,30082400,126.44999694824219,0.22612050313516277,0.23107521283872678,0.23276430859953195,0.23884404806283013,0.16921653247816593,0.23884404806283013
2023-11-02,128.4199981689453,128.97999572753906,126.93000030517578,127.48999786376953,27124600,127.48999786376953,0.25194418226812654,0.24585878975054737,0.2519916170340917,0.2450154276567084,0.14398966293668122,0.2450154276567084
2023-11-03,128.02000427246094,129.52999877929688,127.86000061035156,129.10000610351562,26393100,129.10000610351562,0.2495696264839332,0.249124259386368,0.2575621490626972,0.2545692384739871,0.13775075054585154,0.2545692384739871
2023-11-06,129.0500030517578,130.33999633789062,128.6699981689453,130.25,19052700,130.25,0.25568419368255296,0.25393336439810066,0.26241388654937037,0.2613933179145803,0.07514499181222707,0.2613933179145803
2023-11-07,130.7100067138672,131.91000366210938,129.8800048828125,130.97000122070312,29757300,130.97000122070312,0.26553877229559913,0.263254787668148,0.2696616058424849,0.2656658149621061,0.16644377729257642,0.2656658149621061
2023-11-08,130.97000122070312,132.2100067138672,130.77999877929688,131.83999633789062,26425800,131.83999633789062,0.2670822244969751,0.2650359611598908,0.2750524049615971,0.27082837783375724,0.13802964656113537,0.27082837783375724
2023-11-09,131.9600067138672,132.5500030517578,130.07000732421875,130.24000549316406,23747800,130.24000549316406,0.27295937235057427,0.26705458217321737,0.2707996857758745,0.261334010374926,0.11518917167030568,0.261334010374926
2023-11-10,130.10000610351562,132.8000030517578,129.41000366210938,132.58999633789062,26913300,132.58999633789062,0.2619175158454314,0.2685388783172952,0.2668463843432666,0.2752788880461081,0.1421875,0.2752788880461081
2023-11-13,131.77999877929688,132.58999633789062,131.25,132.08999633789062,18324800,132.08999633789062,0.2718907588392395,0.2672920296948011,0.2778676264608154,0.2723118812378742,0.068936783569869,0.2723118812378742
2023-11-14,134.19000244140625,135.6999969482422,133.32000732421875,133.6199951171875,32395200,133.6199951171875,0.2861976974852708,0.2857566773508992,0.2902665923910783,0.28139091482740103,0.18894224208515284,0.28139091482740103
2023-11-15,134.8699951171875,135.02999877929688,133.57000732421875,134.6199951171875,23861500,134.6199951171875,0.2902344604350988,0.28177877455608025,0.291764046746094,0.28732492844386887,0.11615891102620088,0.28732492844386887
2023-11-16,135.19000244140625,137.22000122070312,134.32000732421875,136.92999267578125,28013200,136.92999267578125,0.29213417752925086,0.2947812232732816,0.29625640981114104,0.3010324854105716,0.1515684702510917,0.3010324854105716
2023-11-17,136.0,136.05999755859375,133.64999389648438,135.30999755859375,37240600,135.30999755859375,0.2969427118715153,0.28789406742214113,0.29224315171002174,0.2914194123265696,0.2302683201419214,0.2914194123265696
2023-11-20,133.69000244140625,136.66000366210938,133.6199951171875,136.25,27815500,136.25,0.2832294574632807,0.29145641440562675,0.2920634644992087,0.2969973996133873,0.14988230076419215,0.2969973996133873
2023-11-21,136.2899932861328,137.17999267578125,135.9600067138672,136.97000122070312,22635300,136.97000122070312,0.29866425122753093,0.2945436851574508,0.3060797067241495,0.3012698966609131,0.10570073689956332,0.3012698966609131
2023-11-22,137.47000122070312,139.4199981689453,137.47000122070312,138.49000549316406,17813900,138.49000549316406,0.30566934478284574,0.30784301122231705,0.31512429812539444,0.3102896227107856,0.06457935316593887,0.3102896227107856
2023-11-24,138.02999877929688,138.1300048828125,135.99000549316406,136.69000244140625,12514300,136.69000244140625,0.30899375911411514,0.30018408298034416,0.30625939393496254,0.29960838009197105,0.01937943504366812,0.29960838009197105
2023-11-27,136.02999877929688,138.4199981689453,136.0,136.41000366210938,23436500,136.41000366210938,0.29712079902615496,0.30190582664600574,0.30631925920611336,0.297946863523029,0.11253411572052402,0.297946863523029
2023-11-28,136.0800018310547,137.25,135.4199981689453,137.1999969482422,18730000,137.1999969482422,0.2974176411450533,0.29495933156303117,0.30284515413479374,0.3026346944398593,0.07239270605895197,0.3026346944398593
2023-11-29,137.57000732421875,138.2899932861328,134.83999633789062,134.99000549316406,23967200,134.99000549316406,0.3062630290206425,0.3011339636609262,0.2993710490634741,0.28952057505314815,0.11706041894104803,0.28952057505314815
2023-11-30,135.0500030517578,135.5500030517578,131.27999877929688,132.52999877929688,38988300,132.52999877929688,0.29130307394643357,0.2848661359021513,0.2780473136716285,0.27492286171645797,0.24517433133187774,0.27492286171645797
2023-12-01,131.86000061035156,132.11000061035156,130.6699981689453,131.86000061035156,31442300,131.86000061035156,0.27236568811277756,0.26444220646456085,0.2743935213894958,0.270947083458928,0.18081502456331877,0.270947083458928
2023-12-04,129.8800048828125,130.02999877929688,127.9000015258789,129.27000427246094,36669900,129.27000427246094,0.26061148298907605,0.25209285167452367,0.2578017472433414,0.2555780099232832,0.2254008597161572,0.2555780099232832
2023-12-05,128.9499969482422,132.13999938964844,128.25,130.99000549316406,27384800,130.99000549316406,0.25509050944475625,0.2646203147543104,0.2598981742006273,0.26578452058727686,0.14620889055676856,0.26578452058727686
2023-12-06,131.44000244140625,131.83999633789062,129.8800048828125,130.02000427246094,23576200,130.02000427246094,0.2698723773643255,0.26283914126256763,0.2696616058424849,0.2600285201356341,0.11372560725982533,0.2600285201356341
2023-12-07,135.0399932861328,138.55999755859375,134.6999969482422,136.92999267578125,56767100,136.92999267578125,0.2912436511725558,0.3027370288629194,0.29853247828055973,0.3010324854105716,0.3968084743449782,0.3010324854105716
2023-12-08,134.1999969482422,136.39999389648438,134.02999877929688,134.99000549316406,32260100,134.99000549316406,0.28625702967565175,0.2899126884354677,0.29451931157680095,0.28952057505314815,0.18778998362445415,0.28952057505314815
2023-12-11,132.3800048828125,133.33999633789062,131.36000061035156,133.2899932861328,31138000,133.2899932861328,0.27545268309902626,0.2717449181270346,0.2785265100329168,0.2794326794684632,0.17821967112445414,0.2794326794684632
2023-12-12,131.80999755859375,133.0,131.25999450683594,132.52000427246094,29032800,132.52000427246094,0.2720688459938792,0.26972629711370805,0.2779274917319663,0.27486355417680364,0.16026456741266376,0.27486355417680364
2023-12-13,133.3800048828125,133.5,131.57000732421875,132.57000732421875,30104800,132.57000732421875,0.2813891631430064,0.2726948894018637,0.2797844119059686,0.27516027296679946,0.16940758051310043,0.27516027296679946
2023-12-14,133.3800048828125,133.72000122070312,129.69000244140625,131.94000244140625,38722400,131.94000244140625,0.2813891631430064,0.274001077256192,0.2685235259090953,0.2714218154137489,0.24290648881004367,0.2714218154137489
2023-12-15,131.6199951171875,133.50999450683594,131.17999267578125,132.60000610351562,50847100,132.60000610351562,0.2709409002921635,0.27275422863369786,0.277448295370678,0.27533828613162453,0.34631720796943233,0.27533828613162453
2023-12-18,132.6300048828125,137.14999389648438,132.42999267578125,135.8000030517578,32258000,135.8000030517578,0.27693680311002133,0.2943655768677012,0.2849355671457564,0.2943271115951492,0.18777207287117903,0.2943271115951492
2023-12-19,136.83999633789062,137.47000122070312,136.0800018310547,136.64999389648438,25476800,136.64999389648438,0.3019293333684193,0.2962655194173594,0.30679845556740165,0.29937096884162956,0.12993569186681223,0.29937096884162956
2023-12-20,138.97000122070312,141.6999969482422,138.07000732421875,138.33999633789062,49107200,138.33999633789062,0.3145740648488159,0.3213797848087671,0.31871822513637627,0.3093994663407981,0.3314777224344978,0.3093994663407981
2023-12-21,139.49000549316406,140.69000244140625,139.17999267578125,140.4199981689453,27488300,140.4199981689453,0.31766105983506465,0.31538326100062164,0.3253668347311798,0.3217422255285547,0.1470916348253275,0.3217422255285547
2023-12-22,140.77000427246094,141.99000549316406,140.7100067138672,141.49000549316406,26532200,141.49000549316406,0.32525974704467947,0.32310161906867574,0.33453133946944746,0.32809166356018904,0.13893712472707423,0.32809166356018904
2023-12-26,141.58999633789062,142.67999267578125,141.19000244140625,141.52000427246094,16780300,141.52000427246094,0.3301276135773248,0.327198200327163,0.33740642623981665,0.3282696767250141,0.05576385098253275,0.3282696767250141
2023-12-27,141.58999633789062,142.0800018310547,139.88999938964844,140.3699951171875,19628600,140.3699951171875,0.3301276135773248,0.32363594393792444,0.32961964531426297,0.3214455067385589,0.0800568026746725,0.3214455067385589
2023-12-28,140.77999877929688,141.13999938964844,139.75,140.22999572753906,16045700,140.22999572753906,0.3253190792350604,0.3180549759411123,0.3287810745313486,0.3206147484540879,0.049498498908296946,0.3206147484540879
2023-12-29,139.6300048828125,140.36000061035156,138.77999877929688,139.69000244140625,18733000,139.69000244140625,0.318492163417882,0.31342397921912923,0.32297094432209894,0.31741042094137456,0.07241829284934498,0.31741042094137456
2024-01-02,138.5500030517578,139.4499969482422,136.47999572753906,138.1699981689453,23711200,138.1699981689453,0.3120807541003639,0.3080211195120666,0.30919434597648254,0.30839069489150206,0.11487701282751092,0.30839069489150206
2024-01-03,137.25,139.6300048828125,137.0800018310547,138.9199981689453,24212100,138.9199981689453,0.3043633119264904,0.30908985984481113,0.3127882729874644,0.31284120510385294,0.11914915393013101,0.31284120510385294
2024-01-04,138.4199981689453,139.16000366210938,136.35000610351562,136.38999938964844,27137700,136.38999938964844,0.3113089827079275,0.30629937584640504,0.30841573186207955,0.29782815789785827,0.14410139192139737,0.29782815789785827
2024-01-05,136.75,137.16000366210938,135.14999389648438,135.72999572753906,22513900,135.72999572753906,0.3013950719045004,0.2944250066937824,0.30122787784011584,0.2939116871799826,0.1046653247816594,0.2939116871799826
2024-01-08,136.2899932861328,139.00999450683594,136.25999450683594,138.83999633789062,21404000,138.83999633789062,0.29866425122753093,0.3054087438034101,0.3078765788322799,0.31236647314903204,0.09519906522925764,0.31236647314903204
2024-01-09,138.5,141.49000549316406,138.14999389648438,140.9499969482422,24759600,140.9499969482422,0.31178391198146554,0.3201330267805201,0.31919733010030404,0.3248872455016137,0.1238187431768559,0.3248872455016137
2024-01-10,141.0,143.0,140.91000366210938,142.27999877929688,21320200,142.27999877929688,0.32662511209141576,0.3290981428768212,0.3357292846739879,0.3327794944770193,0.09448434088427947,0.3327794944770193
2024-01-11,143.49000549316406,145.22000122070312,140.63999938964844,142.0800018310547,24008700,142.0800018310547,0.3414069800109851,0.34227869988377213,0.33411200837931,0.3315927098628982,0.11741436954148472,0.3315927098628982
2024-01-12,142.6699981689453,143.1999969482422,141.82000732421875,142.64999389648438,18785500,142.64999389648438,0.33653902289484294,0.3302855616732341,0.3411800404616115,0.3349750505404366,0.07286606168122271,0.3349750505404366
2024-01-16,142.0,144.35000610351562,141.4499969482422,142.49000549316406,22670500,142.49000549316406,0.3325615921353959,0.33711337829254034,0.33896374586598316,0.3340256771766569,0.10600095524017467,0.3340256771766569
2024-01-17,141.35000610351562,141.83999633789062,138.89999389648438,141.47000122070312,20968600,141.47000122070312,0.32870291634020754,0.3222109870256808,0.32368969316535107,0.3279729579350183,0.09148556905021835,0.3279729579350183
2024-01-18,142.0500030517578,144.2100067138672,141.99000549316406,143.47999572753906,25746400,143.47999572753906,0.33285843425429423,0.3362821760756266,0.3421982984553389,0.3399002927076083,0.132235091430131,0.3399002927076083
2024-01-19,144.74000549316406,146.4499969482422,144.3800048828125,146.3800048828125,34271900,146.3800048828125,0.3488275800659602,0.34958141154624583,0.3565139584333944,0.35710898652288225,0.20494848526200873,0.35710898652288225
2024-01-22,147.10000610351562,148.38999938964844,145.83999633789062,145.99000549316406,32200400,145.99000549316406,0.3628376765930931,0.36109956411936933,0.3652590406841641,0.3547947248342943,0.1872808064956332,0.3547947248342943
2024-01-23,145.88999938964844,147.17999267578125,145.5,147.0399932861328,21636100,147.0399932861328,0.3556544958831386,0.35391553092056394,0.3632225246967093,0.3610253666948958,0.09717862991266375,0.3610253666948958
2024-01-24,148.5399932861328,149.85000610351562,148.10000610351562,148.6999969482422,25233500,148.6999969482422,0.37138613176628715,0.3697678934622526,0.3787960865478166,0.37087585102923937,0.12786060316593886,0.37087585102923937
2024-01-25,150.07000732421875,153.0500030517578,149.5399932861328,151.8699951171875,29149100,151.8699951171875,0.38046902957039375,0.38876686598759935,0.38742134685892404,0.3896866633279389,0.16125648198689957,0.3896866633279389
2024-01-26,151.10000610351562,152.5399932861328,151.00999450683594,152.19000244140625,26115500,152.19000244140625,0.3865835967690135,0.3857388438733625,0.3962263857782051,0.3915855911472224,0.13538311954148471,0.3915855911472224
2024-01-29,152.05999755859375,153.77999877929688,151.42999267578125,153.50999450683594,27784300,153.50999450683594,0.3922825668844762,0.39310098536191745,0.3987420981269482,0.3994184420371117,0.14961619814410482,0.3994184420371117
2024-01-30,152.8000030517578,153.6199951171875,151.19000244140625,151.4600067138672,36331800,151.4600067138672,0.3966755947270803,0.39215101408708836,0.39730460044044386,0.3872537865600423,0.22251722843886462,0.3872537865600423
2024-01-31,143.6199951171875,144.0,139.8699951171875,140.10000610351562,71910000,140.10000610351562,0.34217866081992465,0.3350353274531325,0.32949982337460076,0.31984338825513325,0.5259612104257642,0.31984338825513325
2024-02-01,142.1199951171875,143.05999755859375,140.7899932861328,141.16000366210938,40466500,141.16000366210938,0.3332739407539545,0.32945435945632034,0.3350104444333752,0.32613342820125124,0.2577817958515284,0.32613342820125124
2024-02-02,139.25999450683594,142.6199951171875,136.5,142.3800048828125,62499600,142.3800048828125,0.31629560420483155,0.3268419837476639,0.30931416791614474,0.3333729320570109,0.4457005663209607,0.3333729320570109
2024-02-05,142.82000732421875,145.47000122070312,142.77999877929688,143.67999267578125,38505400,143.67999267578125,0.337429549251538,0.34376299602784993,0.3469302140023498,0.34108707732172944,0.2410557109716157,0.34108707732172944
2024-02-06,144.64999389648438,145.36000061035156,143.19000244140625,144.10000610351562,29128200,144.10000610351562,0.34829322801854445,0.3431099021006858,0.3493860610799421,0.34357944272100455,0.16107822734716157,0.34357944272100455
2024-02-07,144.75999450683594,145.6199951171875,143.92999267578125,145.5399932861328,25208900,145.5399932861328,0.3489462444467221,0.3446535374765978,0.35381846747647777,0.3521243462701941,0.12765079148471617,0.3521243462701941
2024-02-08,145.8300018310547,146.3300018310547,145.10000610351562,145.91000366210938,22563800,145.91000366210938,0.35529832157385927,0.34886897838724756,0.3608266342876284,0.3543199928794734,0.1050909183951965,0.3543199928794734
2024-02-09,146.67999267578125,149.44000244140625,146.17999267578125,149.0,26829500,149.0,0.3603442752611443,0.36733362604334563,0.3672955566716189,0.3726560732233521,0.14147277565502184,0.3726560732233521
2024-02-12,148.4199981689453,149.33999633789062,147.3699951171875,147.52999877929688,21564100,147.52999877929688,0.37067378314772853,0.36673987134801567,0.3744234540250712,0.3639330659634754,0.09656454694323144,0.3639330659634754
2024-02-13,144.9199981689453,146.6699981689453,143.69000244140625,145.13999938964844,27837700,145.13999938964844,0.34989610299379814,0.3508875994005741,0.3523809697899734,0.3497507770419518,0.15007164301310044,0.3497507770419518
2024-02-14,146.0800018310547,146.52000427246094,144.08999633789062,145.94000244140625,22704200,145.94000244140625,0.3567824415848543,0.34999705795182623,0.3547768601990543,0.3544980060442985,0.10628838018558952,0.3544980060442985
2024-02-15,143.13999938964844,143.52000427246094,140.4600067138672,142.77000427246094,37590700,142.77000427246094,0.33932917576219335,0.3321855042228923,0.33303388511443177,0.3356871937455989,0.23325429858078603,0.3356871937455989
2024-02-16,142.99000549316406,143.19000244140625,140.13999938964844,140.52000427246094,31468900,140.52000427246094,0.338438739988995,0.33022622244139993,0.33111709966927866,0.3223356631085463,0.18104189410480348,0.3223356631085463
2024-02-20,139.66000366210938,142.0800018310547,139.49000549316406,141.1199951171875,25144700,141.1199951171875,0.3186702505725217,0.32363594393792444,0.3272237549051821,0.32589601695090975,0.12710323417030567,0.32589601695090975
2024-02-21,141.4499969482422,142.69000244140625,140.67999267578125,142.5500030517578,23223300,142.5500030517578,0.3292965099945075,0.32725763015324427,0.3343515608612739,0.334381703506307,0.11071574781659389,0.334381703506307
2024-02-22,144.92999267578125,145.0,142.8000030517578,144.08999633789062,27191900,144.08999633789062,0.3499554351841791,0.34097251202944384,0.347050035942012,0.3435200446354882,0.14456365993449782,0.3435200446354882
2024-02-23,143.6699981689453,144.67999267578125,143.42999267578125,143.9600067138672,19493800,143.9600067138672,0.342475502938823,0.33907256947978565,0.3508235587664464,0.34274868443653356,0.0789071028930131,0.34274868443653356
2024-02-26,142.13999938964844,142.44000244140625,137.38999938964844,137.57000732421875,53641800,137.57000732421875,0.33339269571821323,0.3257733340091664,0.31464510176410615,0.3048303410491386,0.37015300900655024,0.3048303410491386
2024-02-27,138.02000427246094,139.25,137.08999633789062,138.8800048828125,33099200,138.8800048828125,0.3089344269237342,0.3068337007156538,0.31284813825861524,0.31260388439937353,0.1949466088973799,0.31260388439937353
2024-02-28,137.89999389648438,138.00999450683594,135.41000366210938,136.3800048828125,37328600,136.3800048828125,0.30822198772167875,0.2994715592270988,0.3027852888636429,0.29776885035820394,0.23101886599344978,0.29776885035820394
2024-02-29,137.27999877929688,138.86000061035156,136.39999389648438,138.4600067138672,42133000,138.4600067138672,0.3045413990811301,0.30451820235466226,0.30871514961519425,0.3101116095459605,0.2719952579148472,0.3101116095459605
2024-03-01,138.42999267578125,138.8699951171875,136.9199981689453,137.13999938964844,31151100,137.13999938964844,0.31136831489830846,0.3045775415864964,0.31182988026488784,0.30227866811020915,0.1783314001091703,0.30227866811020915
2024-03-04,135.66000366210938,135.66000366210938,131.91000366210938,133.35000610351562,55999400,133.35000610351562,0.29492433039660126,0.28551922982931544,0.2818209278934234,0.2797887963439754,0.3902608146834061,0.2797887963439754
2024-03-05,131.8800048828125,133.24000549316406,130.6699981689453,132.6699981689453,40194800,132.6699981689453,0.27248444307703623,0.2711512540259517,0.2743935213894958,0.275753620000929,0.2554644855349345,0.275753620000929
2024-03-06,133.1199951171875,133.5800018310547,130.85000610351562,131.39999389648438,35318600,131.39999389648438,0.27984562035813365,0.27316987503927825,0.2754717360517346,0.26821739735517347,0.213875716430131,0.26821739735517347
2024-03-07,132.7899932861328,134.94000244140625,131.61000061035156,134.3800048828125,37738200,134.3800048828125,0.2778865710736006,0.28124444968683154,0.2800239643879324,0.2859008231252683,0.23451231577510917,0.2859008231252683
2024-03-08,134.2100067138672,138.08999633789062,134.0,135.41000366210938,39370400,135.41000366210938,0.28631645244952947,0.2999465448645134,0.29433962436598793,0.2920128499065612,0.2484332355349345,0.2920128499065612
2024-03-11,136.1300048828125,139.10000610351562,136.1300048828125,137.6699981689453,32437800,137.6699981689453,0.29771448326395167,0.3059431592669059,0.3070979647178769,0.30542368808326814,0.18930557450873362,0.30542368808326814
2024-03-12,137.02999877929688,139.3800048828125,137.02999877929688,138.5,27563400,138.5,0.303057279070135,0.30760556370073333,0.31248876383698915,0.3103489302504399,0.14773215747816593,0.3103489302504399
2024-03-13,139.0,141.08999633789062,138.99000549316406,139.7899932861328,23347200,139.7899932861328,0.3147521520034556,0.31775809859344734,0.32422884619515074,0.31800376797550406,0.11177248225982533,0.31800376797550406
2024-03-14,141.19000244140625,143.58999633789062,140.4600067138672,143.10000610351562,42753400,143.10000610351562,0.32775305779313146,0.3326010600342256,0.33303388511443177,0.3376454291045367,0.2772866061681223,0.3376454291045367
2024-03-15,142.5,143.17999267578125,140.02999877929688,141.17999267578125,49475400,141.17999267578125,0.3355298321573859,0.33016679261531867,0.33045821609717735,0.3262520432805599,0.3346180745087336,0.3262520432805599
2024-03-18,148.61000061035156,152.14999389648438,147.1699981689453,147.67999267578125,69273700,147.67999267578125,0.3718017288494442,0.38342334551237095,0.3732255088205308,0.3648231317876008,0.5034763919213974,0.3648231317876008
2024-03-19,148.16000366210938,148.7899932861328,146.0800018310547,147.02999877929688,24070400,147.02999877929688,0.3691303309463525,0.363474401712195,0.3666966297680289,0.3609660591552415,0.11794060453056769,0.3609660591552415
2024-03-20,148.0,148.86000061035156,146.74000549316406,148.74000549316406,21311500,148.74000549316406,0.3681804723992765,0.3638900481177754,0.3706499312006369,0.3711132622795808,0.09441013919213974,0.3711132622795808
2024-03-21,149.47000122070312,150.3699951171875,146.89999389648438,147.60000610351562,24755600,147.60000610351562,0.37690710531060695,0.37285516421407655,0.3716082325258529,0.364348490378642,0.12378462745633188,0.364348490378642
2024-03-22,149.1199951171875,151.5800018310547,148.97999572753906,150.77000427246094,29211800,150.77000427246094,0.3748293010618152,0.38003919741288195,0.3840670637272666,0.38315930267734155,0.16179124590611355,0.38315930267734155
2024-03-25,149.94000244140625,150.3800048828125,147.82000732421875,150.07000732421875,19229300,150.07000732421875,0.37969725817795735,0.3729145940401578,0.3771189449819879,0.3790055112549865,0.07665120087336244,0.3790055112549865
2024-03-26,150.22000122070312,152.25999450683594,149.97999572753906,150.6699981689453,22149100,150.6699981689453,0.38135946534359205,0.38407643943953507,0.39005688114732934,0.3825658650973499,0.10155397106986899,0.3825658650973499
2024-03-27,151.17999267578125,151.63999938964844,148.89999389648438,150.8699951171875,22879200,150.8699951171875,0.3870584354590547,0.38039541399238114,0.38358786736597833,0.3837526497114711,0.10778094295851529,0.3837526497114711
2024-03-28,150.85000610351562,151.42999267578125,150.1699981689453,150.92999267578125,24485400,150.92999267578125,0.3850994767580185,0.379148565369887,0.39119496108071894,0.3841086760411212,0.1214801105349345,0.3841086760411212
2024-04-01,150.69000244140625,155.74000549316406,150.61000061035156,155.49000549316406,31730800,155.49000549316406,0.3841496182109424,0.40473790699295636,0.39383049536912423,0.41116785419073865,0.18327562090611355,0.41116785419073865
2024-04-02,153.5,154.6999969482422,152.14999389648438,154.55999755859375,24586000,154.55999755859375,0.400831112641167,0.3985631843008142,0.4030547739811822,0.4056491744435753,0.12233812090611354,0.4056491744435753
2024-04-03,153.60000610351562,155.0800018310547,152.72999572753906,154.9199981689453,24705000,154.9199981689453,0.40142479687896376,0.40081934342997155,0.40652887905250185,0.4077854229673382,0.12335306359170306,0.4077854229673382
2024-04-04,153.5,154.77000427246094,150.4499969482422,150.52999877929688,34724700,150.52999877929688,0.400831112641167,0.3989788307063946,0.39287210264654765,0.3817351068128789,0.20881038482532752,0.3817351068128789
2024-04-05,150.02999877929688,153.4199981689453,149.60000610351562,152.5,23459200,152.5,0.38023151964187635,0.3909635952906755,0.3877808126779107,0.3934251208809895,0.11272772243449782,0.3934251208809895
2024-04-08,152.77999877929688,155.27000427246094,152.61000061035156,154.85000610351562,20702000,154.85000610351562,0.39655683976282163,0.4019474229945503,0.40581013020924966,0.40737008909803374,0.08921175627729258,0.40737008909803374
2024-04-09,156.08999633789062,158.55999755859375,155.19000244140625,156.60000610351562,31079500,156.60000610351562,0.41620657421503626,0.4214807203891458,0.42126387012069477,0.41775461292685245,0.1777207287117904,0.41775461292685245
2024-04-10,156.2100067138672,156.61000061035156,154.67999267578125,156.13999938964844,22838600,156.13999938964844,0.41691901341709164,0.40990322858418815,0.41820900474215206,0.41502492682309794,0.10743466839519651,0.41502492682309794
2024-04-11,156.91000366210938,159.67999267578125,156.4600067138672,159.41000366210938,27166400,159.41000366210938,0.4210745313311784,0.4281303381244554,0.4288709638354354,0.4344291767017891,0.1443461722161572,0.4344291767017891
2024-04-12,157.9600067138672,160.22000122070312,157.13999938964844,157.72999572753906,25353700,157.72999572753906,0.42730785349405687,0.4313364685284419,0.432943995810345,0.42445998674227486,0.1288857805676856,0.42445998674227486
2024-04-15,158.86000061035156,159.24000549316406,154.58999633789062,154.86000061035156,27136500,154.86000061035156,0.4326506493002402,0.42551805301004597,0.41766994310971295,0.40742939663768807,0.14409115720524018,0.40742939663768807
2024-04-16,154.19000244140625,155.64999389648438,153.42999267578125,154.39999389648438,20779500,154.39999389648438,0.4049272983648728,0.40420349152946056,0.41072173296707365,0.40469971053393355,0.08987274836244541,0.40469971053393355
2024-04-17,155.6199951171875,157.0800018310547,154.5800018310547,155.47000122070312,21763100,155.47000122070312,0.41341642134768586,0.4126937125825942,0.4176100778385621,0.4110491485655679,0.0982618040393013,0.4110491485655679
2024-04-18,155.33999633789062,156.94000244140625,154.6199951171875,156.00999450683594,19883000,156.00999450683594,0.41175421418205116,0.4118625103656805,0.41784963032052597,0.4142534760782812,0.0822265625,0.4142534760782812
2024-04-19,156.1999969482422,156.36000061035156,152.3000030517578,154.08999633789062,32615600,154.08999633789062,0.41685959064321393,0.4084189324401103,0.40395330143260794,0.40286018080016645,0.1908220182860262,0.40286018080016645
2024-04-22,154.30999755859375,157.63999938964844,154.05999755859375,156.27999877929688,26446200,156.27999877929688,0.4056396469834314,0.41601852145024903,0.41449534718886855,0.41585568510756893,0.13820363673580785,0.41585568510756893
2024-04-23,156.9600067138672,158.97000122070312,156.27999877929688,158.25999450683594,21151600,158.25999450683594,0.42137137345007675,0.4239149878080527,0.42779274917319665,0.42760500671533386,0.09304636326419213,0.42760500671533386
2024-04-24,157.49000549316406,159.57000732421875,157.1699981689453,159.1300048828125,22779100,159.1300048828125,0.42451770062670646,0.4274773347915383,0.43312368302115806,0.43276766013284707,0.10692719705240175,0.43276766013284707
2024-04-25,151.3300018310547,156.49000549316406,150.8699951171875,156.0,57109700,156.0,0.38794896181574984,0.4091907954251898,0.39538781499529074,0.4141941685386269,0.39973048580786025,0.4141941685386269
2024-04-26,174.3699951171875,174.7100067138672,169.64999389648438,171.9499969482422,64665300,171.9499969482422,0.5247254221723128,0.5173663056531218,0.5078765788322799,0.5088416676121164,0.46417167030567685,0.5088416676121164
2024-04-29,169.05999755859375,169.5500030517578,165.2100067138672,166.14999389648438,45610000,166.14999389648438,0.4932027276321379,0.48673041149673607,0.48128186626098424,0.47442437052743053,0.30165034798034934,0.47442437052743053
2024-04-30,165.61000061035156,168.10000610351562,162.60000610351562,162.77999877929688,33562900,162.77999877929688,0.47272188959710587,0.4781215119799341,0.4656484391387261,0.4544267736146098,0.19890147379912665,0.4544267736146098
2024-05-01,164.3000030517578,167.1199951171875,163.08999633789062,163.86000061035156,33493200,163.86000061035156,0.4649451152328514,0.4723030058672911,0.4685833911802461,0.46083551918589855,0.19830700736899565,0.46083551918589855
2024-05-02,164.7899932861328,166.72999572753906,163.88999938964844,166.6199951171875,24294500,166.6199951171875,0.46785393248096374,0.4699875075062996,0.4733752633957684,0.47721336417083937,0.11985193777292577,0.47721336417083937
2024-05-03,167.55999755859375,167.9600067138672,163.0500030517578,167.24000549316406,34662400,167.24000549316406,0.48429800756616775,0.4772903097630204,0.4683438386982822,0.4808925141842357,0.20827903247816593,0.4808925141842357
2024-05-06,167.4600067138672,168.13999938964844,166.02999877929688,168.10000610351562,21871300,168.10000610351562,0.4837044139118678,0.47835895950151786,0.4861934690188082,0.48599576951623247,0.09918463427947598,0.48599576951623247
2024-05-07,168.5,171.75999450683594,168.38999938964844,171.25,28039700,171.25,0.4898783133008685,0.49985153867760573,0.5003294417860507,0.5046878761897613,0.15179448689956332,0.5046878761897613
2024-05-08,169.0,170.14999389648438,168.74000549316406,169.3800048828125,19569100,169.3800048828125,0.49284655332285854,0.49029266788597464,0.5024259144420168,0.49359129970164234,0.07954933133187773,0.49359129970164234
2024-05-09,169.38999938964844,170.69000244140625,168.17999267578125,169.9600067138672,15346700,169.9600067138672,0.4951617769166709,0.4934987982899611,0.49907153991299885,0.4970330384646971,0.04353677674672489,0.4970330384646971
2024-05-10,168.02999877929688,169.85000610351562,166.19000244140625,168.64999389648438,29799900,168.64999389648438,0.4870881604335181,0.4885115849884789,0.48715186174138475,0.4892594045686001,0.1668071097161572,0.4892594045686001
2024-05-13,164.25999450683594,169.27999877929688,164.0,169.13999938964844,31327600,169.13999938964844,0.464707605304334,0.48512734629474286,0.4740341469678697,0.4921671038371797,0.17983675627729256,0.4921671038371797
2024-05-14,169.77000427246094,171.25,168.8000030517578,170.33999633789062,25127100,170.33999633789062,0.4974176683201023,0.4968236071576159,0.5027852888636429,0.4992879020677687,0.126953125,0.4992879020677687
2024-05-15,170.6300048828125,172.64999389648438,170.50999450683594,172.50999450683594,26948400,172.50999450683594,0.5025230447812651,0.5051356293267529,0.5130278254694283,0.5121647007500004,0.14248686544759825,0.5121647007500004
2024-05-16,173.2899932861328,175.1199951171875,172.69000244140625,174.17999267578125,27867900,174.17999267578125,0.5183140128547946,0.5198004824777817,0.5260856749717925,0.5220744926239983,0.15032921670305677,0.5220744926239983
2024-05-17,174.17999267578125,176.27000427246094,173.69000244140625,176.05999755859375,24479300,176.05999755859375,0.5235974764705971,0.5266282990970879,0.5320754923918553,0.5332304671976337,0.12142808406113537,0.5332304671976337
2024-05-20,176.19000244140625,178.77000427246094,176.0800018310547,176.9199981689453,22554400,176.9199981689453,0.5355298593324349,0.5414712605378662,0.5463911523699108,0.5383337225296304,0.10501074645196506,0.5383337225296304
2024-05-21,176.89999389648438,178.14999389648438,175.80999755859375,177.85000610351562,16989400,177.85000610351562,0.5397447094369027,0.5377901444964651,0.5447738760752329,0.5438524022767938,0.057547250272925767,0.5438524022767938
2024-05-22,176.63999938964844,177.14999389648438,175.2100067138672,176.3800048828125,17880000,176.3800048828125,0.5382012572355267,0.5318529599201538,0.5411800404616115,0.5351293950169171,0.06514311544759825,0.5351293950169171
2024-05-23,177.07000732421875,178.25,172.9499969482422,173.5500030517578,21024900,173.5500030517578,0.5407539907578565,0.5383838991917951,0.527642994597959,0.5183361256168098,0.09196574781659389,0.5183361256168098
2024-05-24,174.97999572753906,175.77000427246094,173.64999389648438,174.99000549316406,16579400,174.99000549316406,0.5283466786224804,0.5236597068089323,0.5318358485125309,0.5268811197118614,0.054050388919213974,0.5268811197118614
2024-05-28,174.4499969482422,177.27000427246094,174.3699951171875,176.39999389648438,20572200,176.39999389648438,0.5252003514458508,0.5325654836733992,0.5361485243667649,0.5352480100962258,0.08810470114628821,0.5352480100962258
2024-05-29,175.42999267578125,176.83999633789062,174.72000122070312,175.89999389648438,23388700,175.89999389648438,0.5310180765255722,0.5300124471965769,0.538244997022731,0.5322810032879919,0.11212643286026201,0.5322810032879919
2024-05-30,175.1999969482422,175.22000122070312,171.7899932861328,172.11000061035156,22931500,172.11000061035156,0.5296527114788359,0.5203942371731116,0.5206947844553197,0.5097911315217581,0.10822700600436681,0.5097911315217581
2024-05-31,171.86000061035156,173.05999755859375,169.44000244140625,172.5,37638900,172.5,0.5098248898719815,0.5075698967456599,0.5066187683565886,0.5121053932103461,0.23366539301310044,0.5121053932103461
2024-06-03,172.5399932861328,174.52999877929688,171.16000366210938,173.1699981689453,27459100,173.1699981689453,0.5138616528218095,0.5162975653203773,0.5169212616308854,0.5160811714678761,0.14684259006550218,0.5160811714678761
2024-06-04,173.27999877929688,173.85000610351562,171.88999938964844,173.7899932861328,26879600,173.7899932861328,0.5182546806644136,0.5122603232937242,0.5212938027562702,0.5197602309354102,0.14190007505458516,0.5197602309354102
2024-06-05,175.1999969482422,176.64999389648438,173.92999267578125,175.41000366210938,22068500,175.41000366210938,0.5296527114788359,0.5288843676319982,0.5335129900783595,0.5293733945652743,0.10086653930131004,0.5293733945652743
2024-06-06,175.89999389648438,177.14999389648438,175.75,176.72999572753906,23251000,176.72999572753906,0.5338082293929225,0.5318529599201538,0.5444145016536067,0.5372062454551636,0.11095199918122271,0.5372062454551636
2024-06-07,177.0500030517578,177.8699951171875,174.3000030517578,174.4600067138672,19661400,174.4600067138672,0.5406352357935977,0.5361277400626377,0.535729284673988,0.5237360997388023,0.08033655158296943,0.5237360997388023
2024-06-10,174.97000122070312,177.05999755859375,172.75999450683594,175.00999450683594,23726700,175.00999450683594,0.5282873464320995,0.5313186350509052,0.5265049146645694,0.52699973479117,0.11500921124454148,0.52699973479117
2024-06-11,176.22000122070312,176.83999633789062,173.77000427246094,176.6199951171875,21540600,176.6199951171875,0.5357079464870746,0.5300124471965769,0.5325546887531435,0.5365535003355177,0.09636411708515284,0.5365535003355177
2024-06-12,178.25,180.41000366210938,176.11000061035156,177.7899932861328,27864700,177.7899932861328,0.5477589937296745,0.5512082396192469,0.5465708395807237,0.5434962854012816,0.15030192412663756,0.5434962854012816
2024-06-13,176.11000061035156,176.74000549316406,174.8800048828125,175.16000366210938,20913300,175.16000366210938,0.5350549300588969,0.529418783095494,0.5392033897453076,0.5278898911611574,0.0910139192139738,0.5278898911611574
2024-06-14,174.22000122070312,177.05999755859375,174.14999389648438,176.7899932861328,18063600,176.7899932861328,0.5238349863991144,0.5313186350509052,0.5348307572225621,0.5375622717848137,0.06670902701965066,0.5375622717848137
2024-06-17,175.4600067138672,178.36000061035156,174.80999755859375,177.24000549316406,19618500,177.24000549316406,0.5311962542637085,0.5390369931189593,0.5387840586551701,0.540232650348914,0.07997066048034934,0.540232650348914
2024-06-18,177.13999938964844,177.38999938964844,174.10000610351562,175.08999633789062,21869900,175.08999633789062,0.5411694972575167,0.5332779168323976,0.5345313394694474,0.5274744667459909,0.09917269377729257,0.5274744667459909
2024-06-20,175.3699951171875,177.2899932861328,174.99000549316406,176.3000030517578,20160100,176.3000030517578,0.5306619022162928,0.5326841621370676,0.5398622733174089,0.5346546630620963,0.0845899290393013,0.5346546630620963
2024-06-21,177.0,180.85000610351562,176.61000061035156,179.6300048828125,57759000,179.6300048828125,0.5403383936746994,0.5538206153279034,0.5495657482907551,0.5544149392704376,0.4052683201419214,0.5544149392704376
2024-06-24,180.16000366210938,180.88999938964844,178.6699981689453,179.22000122070312,18298000,179.22000122070312,0.5590976923537156,0.5540580628494871,0.5619047575525067,0.5519819719566789,0.06870820824235808,0.5519819719566789
2024-06-25,179.6199951171875,184.2899932861328,179.4199981689453,184.02999877929688,23130200,184.02999877929688,0.5558919424032083,0.5742444541712468,0.5663971206175537,0.5805245629645512,0.10992170442139738,0.5805245629645512
2024-06-26,182.6300048828125,184.50999450683594,182.47999572753906,183.8800048828125,19839000,183.8800048828125,0.5737608053090263,0.575550642025575,0.5847259472993679,0.5796344971404258,0.0818512895742358,0.5796344971404258
2024-06-27,184.17999267578125,186.0500030517578,184.02000427246094,185.41000366210938,18848900,185.41000366210938,0.582962276910398,0.5846939570058728,0.5939503173087864,0.5887135307299527,0.07340679585152839,0.5887135307299527
2024-06-28,184.32000732421875,185.1300048828125,181.9600067138672,182.14999389648438,29156600,182.14999389648438,0.5837934710767121,0.579231758066976,0.5816113080470349,0.5693685883909159,0.16132044896288208,0.5693685883909159
2024-07-01,183.02999877929688,183.8800048828125,181.3000030517578,182.99000549316406,16006100,182.99000549316406,0.5761353610932196,0.571810277346587,0.577658006614427,0.5743532286436039,0.04916075327510917,0.5743532286436039
2024-07-02,182.0500030517578,185.57000732421875,181.55999755859375,185.24000549316406,17372500,185.24000549316406,0.5703176360134982,0.5818441337756326,0.5792153262405935,0.5877047592806566,0.06081468340611354,0.5877047592806566
2024-07-03,184.85000610351562,186.08999633789062,184.0,185.82000732421875,10242100,185.82000732421875,0.5869397982533419,0.5849314045274565,0.5938304953691242,0.5911464980437113,0.0,0.5911464980437113
2024-07-05,185.86000061035156,190.86000061035156,185.8000030517578,190.60000610351562,20967500,190.60000610351562,0.5929356104877029,0.6132518003228508,0.6046121850047093,0.6195110758867587,0.09147618722707423,0.6195110758867587
2024-07-08,189.89999389648438,190.1699981689453,187.77999877929688,189.02999877929688,21035900,189.02999877929688,0.6169189500086439,0.6091551284701163,0.6164719979051725,0.6101946310468903,0.09205956604803493,0.6101946310468903
2024-07-09,190.30999755859375,191.36000061035156,188.72000122070312,188.97999572753906,15121400,188.97999572753906,0.619352928566715,0.6162203926110064,0.6221024409036091,0.6098979122568945,0.04161520878820961,0.6098979122568945
2024-07-10,189.14999389648438,191.75,189.02999877929688,191.17999267578125,15952500,191.17999267578125,0.6124665899756588,0.6185358909719979,0.623959269680251,0.6229527241039513,0.048703602620087334,0.6229527241039513
2024-07-11,189.85000610351562,190.86000061035156,185.0800018310547,185.57000732421875,25625800,185.57000732421875,0.6166221984732423,0.6132518003228508,0.6002995091504753,0.5896629946395944,0.1312065024563319,0.5896629946395944
2024-07-12,185.0800018310547,187.11000061035156,184.49000549316406,185.07000732421875,22898400,185.07000732421875,0.5883051633000782,0.5909873581616832,0.5967655388080048,0.5866959878313605,0.10794469841703057,0.5866959878313605
2024-07-15,184.9199981689453,188.24000549316406,184.9199981689453,186.52999877929688,16474000,186.52999877929688,0.5873553047530021,0.5976964057230741,0.5993411164278987,0.5953595970057208,0.05315143968340611,0.5953595970057208
2024-07-16,187.36000061035156,188.67999267578125,183.3699951171875,183.9199981689453,18290700,183.9199981689453,0.601840330553673,0.6003086908374836,0.5900568811473293,0.5798718178449053,0.06864594705240175,0.5798718178449053
2024-07-17,182.97000122070312,183.5500030517578,179.89999389648438,181.02000427246094,20734100,181.02000427246094,0.5757791867839402,0.5698509955650946,0.5692722073879228,0.5626632145754934,0.08948553493449782,0.5626632145754934
2024-07-18,181.92999267578125,182.5,176.47000122070312,177.69000244140625,25315700,177.69000244140625,0.5696051968114428,0.5636169336411182,0.5487271775078407,0.5429029383671521,0.12856168122270742,0.5429029383671521
2024-07-19,178.8800048828125,180.2899932861328,177.1300048828125,177.66000366210938,18881900,177.66000366210938,0.5514990051441009,0.5504957158660015,0.5526804789404487,0.542724925202327,0.07368825054585153,0.542724925202327
2024-07-22,180.58999633789062,182.6999969482422,180.22999572753906,181.6699981689453,24100300,181.6699981689453,0.5616503352925487,0.5648043524375311,0.5712488581042268,0.5665202872078526,0.11819561954148472,0.5665202872078526
2024-07-23,182.0500030517578,183.61000061035156,181.5399932861328,181.7899932861328,36352700,181.7899932861328,0.5703176360134982,0.5702072121445937,0.5790955043009313,0.5672323398671529,0.22269548307860262,0.5672323398671529
2024-07-24,173.60000610351562,176.19000244140625,171.82000732421875,172.6300048828125,49585200,172.6300048828125,0.5201543977585658,0.5261533134596733,0.5208745630634933,0.5128768439551628,0.3355545510371179,0.5128768439551628
2024-07-25,172.52000427246094,173.4199981689453,167.19000244140625,167.27999877929688,44852000,167.27999877929688,0.5137429884410476,0.5097072868169018,0.4931416791614475,0.4811298348887151,0.29518541894104805,0.4811298348887151
2024-07-26,167.14999389648438,168.08999633789062,164.05999755859375,167.0,41336900,167.0,0.48186402900809666,0.4780620821538529,0.4743935213894958,0.47946831831977305,0.2652053766375546,0.47946831831977305
2024-07-29,168.8300018310547,170.42999267578125,167.99000549316406,169.52999877929688,20293800,169.52999877929688,0.49183736258540156,0.49195507231980207,0.49793355137696976,0.49448136552576766,0.08573024699781659,0.49448136552576766
2024-07-30,170.24000549316406,171.22999572753906,168.44000244140625,170.2899932861328,18959700,170.2899932861328,0.5002078211874528,0.4967048380997005,0.5006289509365259,0.49899118327777287,0.07435180131004367,0.49899118327777287
2024-07-31,173.24000549316406,174.25,170.00999450683594,171.5399932861328,25729100,171.5399932861328,0.518017261319393,0.5146351608865498,0.5100329167593969,0.5064087002983577,0.13208754093886463,0.5064087002983577
2024-08-01,170.25,174.0500030517578,168.8800048828125,170.75999450683594,24531400,170.75999450683594,0.5002671533778337,0.513447742090137,0.5032644852249312,0.5017801769211817,0.1218724413209607,0.5017801769211817
2024-08-02,166.44000244140625,168.50999450683594,164.6699981689453,166.66000366210938,29130100,166.66000366210938,0.477649178903629,0.480555688804594,0.4780473136716285,0.47745077542118086,0.16109443231441048,0.47745077542118086
2024-08-05,155.5,164.42999267578125,154.92999267578125,159.25,53630700,159.25,0.41270407272912724,0.4563319648619341,0.41970645909716775,0.43347971279214736,0.3700583378820961,0.43347971279214736
2024-08-06,159.3300018310547,160.57000732421875,156.41000366210938,158.2899932861328,49004600,158.2899932861328,0.4354408021675906,0.43341451936784964,0.42857145468496016,0.42778301988015893,0.3306026542030568,0.42778301988015893
2024-08-07,161.25,162.97999572753906,158.47000122070312,158.94000244140625,25138600,158.94000244140625,0.44683883298201277,0.4477230653451321,0.4409104639467117,0.43164018305838026,0.12705120769650655,0.43164018305838026
2024-08-08,160.50999450683594,163.69000244140625,160.2100067138672,162.02999877929688,25578800,162.02999877929688,0.4424458051394087,0.4519385062557819,0.4513327791606706,0.44997626340225894,0.13080564274017467,0.44997626340225894
2024-08-09,160.00999450683594,163.7899932861328,159.05999755859375,163.6699981689453,28602300,163.6699981689453,0.43947756511741864,0.45253217035686477,0.4444444342891822,0.45970804211143174,0.15659286299126637,0.45970804211143174
2024-08-12,164.35000610351562,164.89999389648438,161.83999633789062,162.2899932861328,15895300,162.2899932861328,0.4652419573517498,0.4591224488603402,0.4610961194051677,0.4515190743460302,0.048215747816593886,0.4515190743460302
2024-08-13,163.41000366210938,164.72999572753906,162.97000122070312,164.16000366210938,18551700,164.16000366210938,0.459661651617049,0.45811313835367695,0.46786464233699393,0.46261574138001127,0.07087199781659388,0.46261574138001127
2024-08-14,162.39999389648438,163.22000122070312,157.7100067138672,160.3699951171875,40591100,160.3699951171875,0.4536657487991912,0.4491480222573758,0.4363582356105138,0.44012577906791545,0.2588445005458515,0.44012577906791545
2024-08-15,160.5,161.63999938964844,159.61000061035156,161.3000030517578,31524300,161.3000030517578,0.4423864729490277,0.4397672597554943,0.4477388521496888,0.4456444588150788,0.18151439683406115,0.4456444588150788
2024-08-16,161.47000122070312,165.05999755859375,161.1300048828125,162.9600067138672,24208600,162.9600067138672,0.44814486583836816,0.46007242013516936,0.4568434002194451,0.4554949431494223,0.1191193026746725,0.4554949431494223
2024-08-19,165.27999877929688,166.69000244140625,164.25999450683594,166.6699981689453,22416200,166.6699981689453,0.47076284031257287,0.46975005998471586,0.4755914665940362,0.4775100829608352,0.10383204830786026,0.4775100829608352
2024-08-20,166.89999389648438,168.63999938964844,166.82000732421875,167.17999267578125,18341500,167.17999267578125,0.48037990899710165,0.4813275517896735,0.49092547596317965,0.48053639730872344,0.06907921670305676,0.48053639730872344
2024-08-21,165.14999389648438,166.85000610351562,164.6699981689453,165.85000610351562,22902000,165.85000610351562,0.4699910689201365,0.47070003125954496,0.4780473136716285,0.47264423887917983,0.10797540256550218,0.47264423887917983
2024-08-22,167.25999450683594,167.58999633789062,163.30999755859375,163.8000030517578,22493300,163.8000030517578,0.4825170454362743,0.4750934898656972,0.46990115832444873,0.4604794928562484,0.1044896288209607,0.4604794928562484
2024-08-23,164.72000122070312,166.17999267578125,163.8300018310547,165.6199951171875,13955700,165.6199951171875,0.4674384259813035,0.46672203787047895,0.4730158889741423,0.4712793505543716,0.031673034934497815,0.4712793505543716
2024-08-26,166.3800048828125,167.5500030517578,164.4600067138672,166.16000366210938,14190400,166.16000366210938,0.47729300459434965,0.47485604234411344,0.4767895031959372,0.47448376861294694,0.03367477483624454,0.47448376861294694
2024-08-27,165.83999633789062,166.44000244140625,164.4600067138672,164.67999267578125,11821900,164.67999267578125,0.4740872546438422,0.468265763840638,0.4767895031959372,0.4657013632675539,0.013474003820960699,0.4657013632675539
2024-08-28,165.0399932861328,165.60000610351562,161.52999877929688,162.85000610351562,16407400,162.85000610351562,0.4693380524919588,0.4632785505391558,0.4592392906285259,0.4548421980297764,0.05258341293668122,0.4548421980297764
2024-08-29,164.30999755859375,165.97000122070312,160.25,161.77999877929688,19699800,161.77999877929688,0.46500444742323244,0.4654752798422319,0.4515723316426345,0.448492759998142,0.0806640625,0.448492759998142
2024-08-30,162.6199951171875,163.66000366210938,161.69000244140625,163.3800048828125,22123800,163.3800048828125,0.4549717816555466,0.45176039796603235,0.4601976833511025,0.4579872180028354,0.10133818913755459,0.4579872180028354
2024-09-03,161.72000122070312,161.85000610351562,156.47999572753906,157.36000061035156,38945300,157.36000061035156,0.44962898584936317,0.4410141083779884,0.42899069437773707,0.42226443067885766,0.24480758733624455,0.42226443067885766
2024-09-04,156.66000366210938,159.0,155.9600067138672,156.4499969482422,19353800,156.4499969482422,0.4195904113201834,0.42409309609780227,0.42587605512540405,0.416864456556865,0.07771305267467249,0.416864456556865
2024-09-05,156.3000030517578,159.4499969482422,155.97999572753906,157.24000549316406,18688700,157.24000549316406,0.41745327488101064,0.42676481103829295,0.4259957856677057,0.42155237801955736,0.07204046124454148,0.42155237801955736
2024-09-06,157.3000030517578,157.8300018310547,150.5500030517578,150.9199981689453,37912100,150.9199981689453,0.42338975492499076,0.4171466010148277,0.39347112094749814,0.38404936850146687,0.23599549672489084,0.38404936850146687
2024-09-09,152.50999450683594,153.39999389648438,147.22000122070312,148.7100067138672,39260500,148.7100067138672,0.3949539647875679,0.39084482623276007,0.373525017971006,0.3709352491147557,0.2474959061135371,0.3709352491147557
2024-09-10,150.4499969482422,151.27000427246094,148.33999633789062,148.66000366210938,31118800,148.66000366210938,0.38272483039032834,0.378198684689305,0.3802335842343209,0.37063853032475996,0.17805591566593887,0.37063853032475996
2024-09-11,149.9199981689453,151.5,147.52000427246094,151.16000366210938,29607700,151.16000366210938,0.3795785032136986,0.3795642117754674,0.3753219814764969,0.3854735643659295,0.16516784934497816,0.3854735643659295
2024-09-12,153.8000030517578,154.82000732421875,152.64999389648438,154.69000244140625,29621500,154.69000244140625,0.4026120747710604,0.3992757080540596,0.40604968269121355,0.406420625188392,0.16528554858078603,0.406420625188392
2024-09-13,155.42999267578125,158.3800048828125,155.2100067138672,157.4600067138672,29591200,157.4600067138672,0.41228847564597015,0.42041207065064834,0.421383692060357,0.42285786825884925,0.1650271219978166,0.42285786825884925
2024-09-16,157.30999755859375,158.25,156.60000610351562,158.05999755859375,18379800,158.05999755859375,0.4234490871153717,0.4196402076655688,0.42970953461834976,0.4264182221012127,0.06940587472707424,0.4264182221012127
2024-09-17,159.02000427246094,160.5500030517578,158.3800048828125,159.32000732421875,20715600,159.32000732421875,0.43360050784731624,0.4332957503099342,0.4403714023142726,0.4338951372073139,0.08932774972707423,0.4338951372073139
2024-09-18,159.86000061035156,160.5,158.60000610351562,159.80999755859375,23677300,159.80999755859375,0.43858712934422034,0.43299887296226924,0.4416891694584752,0.43680274593003143,0.11458788209606986,0.43680274593003143
2024-09-19,163.7100067138672,163.7899932861328,161.33999633789062,162.13999938964844,26587700,162.13999938964844,0.4614426137469424,0.45253217035686477,0.4581012106951363,0.4506290085219049,0.13941048034934497,0.4506290085219049
2024-09-20,163.5,163.72999572753906,162.05999755859375,163.58999633789062,40896400,163.58999633789062,0.460195913080968,0.45217595377736564,0.4624138865493703,0.45923331015661084,0.2614483829148472,0.45923331015661084
2024-09-23,164.35000610351562,165.49000549316406,161.6699981689453,161.85000610351562,24150900,161.85000610351562,0.4652419573517498,0.46262545661199167,0.4600778614114403,0.44890818441330854,0.11862718340611354,0.44890818441330854
2024-09-24,163.02999877929688,163.22000122070312,160.69000244140625,162.2899932861328,23332100,162.2899932861328,0.4574057602136176,0.4491480222573758,0.4542078659310398,0.4515190743460302,0.11164369541484716,0.4515190743460302
2024-09-25,161.47000122070312,162.80999755859375,161.3000030517578,161.49000549316406,18869200,161.49000549316406,0.44814486583836816,0.44671375483846887,0.4578616582131725,0.4467719358895456,0.07357993313318777,0.4467719358895456
2024-09-26,163.63999938964844,164.0800018310547,162.27999877929688,162.72999572753906,20319300,162.72999572753906,0.46102701666378537,0.4542540046167734,0.463731653693573,0.45413005482461405,0.0859477347161572,0.45413005482461405
2024-09-27,162.80999755859375,165.6999969482422,162.6300048828125,163.9499969482422,21101300,163.9499969482422,0.4560997273572623,0.4638722146402387,0.46582812634953913,0.4613695586803737,0.09261735807860262,0.4613695586803737
2024-09-30,163.32000732421875,166.14999389648438,163.25999450683594,165.85000610351562,20413900,165.85000610351562,0.45912739015313003,0.4665439295807294,0.4696016491739735,0.47264423887917983,0.08675457150655022,0.47264423887917983
2024-10-01,167.69000244140625,169.16000366210938,164.5800018310547,166.99000549316406,28338100,166.99000549316406,0.4850697789586041,0.4844149131357446,0.47750825203918934,0.4794090107801187,0.154339519650655,0.4794090107801187
2024-10-02,166.4199981689453,167.52000427246094,164.72999572753906,165.86000061035156,17760200,165.86000061035156,0.4775304239393703,0.47467793405436387,0.47840668809325454,0.47270354641883416,0.06412134961790393,0.47270354641883416
2024-10-03,164.41000366210938,166.63999938964844,163.9199981689453,165.86000061035156,15073100,165.86000061035156,0.46559813166102915,0.4694531826370509,0.4735549506065814,0.47270354641883416,0.0412032614628821,0.47270354641883416
2024-10-04,168.05999755859375,168.22999572753906,165.47999572753906,167.05999755859375,19047400,167.05999755859375,0.4872662475881578,0.47889328437076656,0.4828990511583016,0.4798243446494232,0.07509978848253275,0.4798243446494232
2024-10-07,167.72000122070312,168.47999572753906,162.75,162.97999572753906,22463100,162.97999572753906,0.4852478661132438,0.4803775805148444,0.4665468751927913,0.455613558228731,0.10423205513100436,0.455613558228731
2024-10-08,163.94000244140625,164.72999572753906,162.8699951171875,164.3800048828125,23072700,164.3800048828125,0.46280797879367874,0.45811313835367695,0.46726562403604344,0.4639212316193032,0.10943129093886463,0.4639212316193032
2024-10-09,163.4499969482422,164.83999633789062,159.74000549316406,161.86000061035156,31181800,161.86000061035156,0.45989907096206967,0.45876623228084107,0.4485175576614523,0.44896749195296287,0.17859323826419213,0.44896749195296287
2024-10-10,160.8699951171875,163.07000732421875,160.39999389648438,162.0800018310547,14144100,162.0800018310547,0.4445829415785814,0.44825748080862793,0.4524707676966997,0.45027298219225476,0.03327988537117904,0.45027298219225476
2024-10-11,162.1300048828125,163.89999389648438,161.24000549316406,163.24000549316406,15344300,163.24000549316406,0.45206296440743426,0.4531852642840289,0.4575022837915464,0.4571564597183643,0.04351630731441048,0.4571564597183643
2024-10-14,163.63999938964844,166.22999572753906,163.39999389648438,164.9600067138672,19016100,164.9600067138672,0.46102701666378537,0.4670189152181439,0.47044021995688784,0.46736297038235797,0.07483283296943231,0.46736297038235797
2024-10-15,165.7899932861328,167.67999267578125,164.6300048828125,165.4600067138672,20247200,165.4600067138672,0.47379041252494386,0.4756278147349459,0.4778077611896646,0.4703299771905919,0.0853327988537118,0.4703299771905919
2024-10-16,164.52999877929688,165.8000030517578,163.74000549316406,165.16000366210938,16406000,165.16000366210938,0.46631048027958777,0.46446596933556866,0.4724768273417032,0.4685497549964791,0.052571472434497814,0.4685497549964791
2024-10-17,165.72999572753906,166.3699951171875,162.75999450683594,162.92999267578125,21453400,162.92999267578125,0.47343423821566455,0.4678501174350576,0.4666067404639421,0.4553168394387352,0.09562039437772926,0.4553168394387352
2024-10-18,163.19000244140625,164.7100067138672,163.0800018310547,163.4199981689453,19757700,163.4199981689453,0.45835561876069364,0.45799445989000864,0.4685235259090953,0.4582245387073148,0.08115788755458515,0.4582245387073148
2024-10-21,162.9499969482422,164.5,162.6199951171875,164.07000732421875,20946500,164.07000732421875,0.4569308309400796,0.4567476112675145,0.4657681696810278,0.4620817018855361,0.09129707969432314,0.4620817018855361
2024-10-22,162.97999572753906,165.77000427246094,162.97999572753906,165.13999938964844,16568100,165.13999938964844,0.45710891809471926,0.4642878610458191,0.4679245076081448,0.46843104937130836,0.05395401200873363,0.46843104937130836
2024-10-23,164.75999450683594,165.82000732421875,161.92999267578125,162.77999877929688,18280500,162.77999877929688,0.4676758453263241,0.4645847383934841,0.4616351810376068,0.4544267736146098,0.0685589519650655,0.4544267736146098
2024-10-24,162.8300018310547,163.3300018310547,161.00999450683594,162.72000122070312,22412500,162.72000122070312,0.45621848232152096,0.44980111618453994,0.4561245599788324,0.45407074728495966,0.10380049126637554,0.45407074728495966
2024-10-25,163.6699981689453,165.58999633789062,163.4199981689453,165.27000427246094,19828900,165.27000427246094,0.461205103818425,0.4632191207130746,0.4705600418965501,0.4692025001161251,0.08176514737991267,0.4692025001161251
2024-10-28,168.75,168.75,163.9499969482422,166.72000122070312,32138600,166.72000122070312,0.4913624333118635,0.48198064571683763,0.47373463781739444,0.477806801750831,0.18675371861353712,0.477806801750831
2024-10-29,167.72999572753906,170.3800048828125,167.08999633789062,169.67999267578125,42169000,169.67999267578125,0.48530719830362473,0.49165828556638413,0.49254266086049703,0.49537143134989303,0.2723022993995633,0.49537143134989303
2024-10-30,180.67999267578125,182.02000427246094,174.05999755859375,174.4600067138672,68890800,174.4600067138672,0.5621845967564677,0.560767110410878,0.534291695590123,0.5237360997388023,0.5002106645742358,0.5237360997388023
2024-10-31,173.1300048828125,176.82000732421875,171.0,171.11000061035156,44769000,171.11000061035156,0.5173642448912154,0.5298937687329085,0.5159628689083088,0.5038571179052903,0.29447751774017467,0.5038571179052903
2024-11-01,170.07000732421875,172.32000732421875,168.8800048828125,171.2899932861328,31796500,171.2899932861328,0.49919863044999574,0.5031764381395076,0.5032644852249312,0.5049251968942408,0.18383597161572052,0.5049251968942408
2024-11-04,169.92999267578125,170.72999572753906,168.00999450683594,169.24000549316406,21492700,169.24000549316406,0.49836743628368163,0.49373624581154485,0.49805328191927145,0.4927605414171713,0.09595558133187773,0.4927605414171713
2024-11-05,169.42999267578125,170.52999877929688,168.83999633789062,169.74000549316406,18242100,169.74000549316406,0.49539919626169154,0.49254882701513203,0.5030248413456068,0.4957275482254052,0.06823144104803494,0.4957275482254052
2024-11-06,173.8000030517578,176.94000244140625,173.5,176.50999450683594,33695500,176.50999450683594,0.5213416756506624,0.5306062018919069,0.5309374124584656,0.5359007552158718,0.2000324099344978,0.5359007552158718
2024-11-07,177.41000366210938,181.0800018310547,177.19000244140625,180.75,25352900,180.75,0.5427723722327704,0.5551861424140658,0.5530398533620747,0.5610610055462056,0.1288789574235808,0.5610610055462056
2024-11-08,180.64999389648438,180.89999389648438,178.0800018310547,178.35000610351562,22006200,178.35000610351562,0.562006509601828,0.5541174020813213,0.5583707872100362,0.5468194090850277,0.10033518695414848,0.5468194090850277
2024-11-11,178.5800018310547,180.5500030517578,178.47000122070312,180.35000610351562,17450400,180.35000610351562,0.5497180430142076,0.5520394418361606,0.5607068123479662,0.5586874363179634,0.061479087063318776,0.5586874363179634
2024-11-12,179.82000732421875,182.49000549316406,179.38999938964844,181.6199951171875,25134900,181.6199951171875,0.5570793108788017,0.5635575944092841,0.5662174334067407,0.5662235684178568,0.12701965065502183,0.5662235684178568
2024-11-13,180.4600067138672,180.9600067138672,178.5399932861328,178.8800048828125,23184000,178.8800048828125,0.5608786544836091,0.5544737092550676,0.5611260520407431,0.5499644290580867,0.11038056086244541,0.5499644290580867
2024-11-14,178.27999877929688,178.82000732421875,174.32000732421875,175.5800018310547,31007500,175.5800018310547,0.5479370808843141,0.5417681378855311,0.5358491066136502,0.5303821660145704,0.17710664574235807,0.5303821660145704
2024-11-15,173.72999572753906,174.13999938964844,171.22000122070312,172.49000549316406,32504600,172.49000549316406,0.5209260785675054,0.5139820669593858,0.5172806360525114,0.5120460856706918,0.18987530704148473,0.5120460856706918
2024-11-18,173.4199981689453,175.44000244140625,172.89999389648438,175.3000030517578,20135300,175.3000030517578,0.519085784247231,0.5217004250274399,0.5273434854474838,0.5287206494456285,0.0843784115720524,0.5287206494456285
2024-11-19,173.72000122070312,178.8699951171875,173.55999755859375,178.1199951171875,23434900,178.1199951171875,0.5208667463771244,0.5420649246389491,0.5312967868800917,0.5454545207602194,0.1125204694323144,0.5454545207602194
2024-11-20,177.33999633789062,177.67999267578125,173.77999877929688,175.97999572753906,18997100,175.97999572753906,0.5423567751496133,0.5349996604980591,0.5326145540242944,0.5327557352428127,0.07467078329694324,0.5327557352428127
2024-11-21,173.89999389648438,174.1300048828125,163.6999969482422,167.6300048828125,59734400,167.6300048828125,0.5219352693049624,0.5139227277275515,0.4722371834623788,0.4832067758728236,0.4221163687227074,0.4832067758728236
2024-11-22,165.85000610351562,166.4600067138672,163.89999389648438,164.75999450683594,38604600,164.75999450683594,0.47414667741771993,0.4683845328985534,0.4734351286669192,0.46617609522237474,0.24190178084061134,0.46617609522237474
2024-11-25,166.08999633789062,168.6300048828125,165.61000061035156,167.64999389648438,33135300,167.64999389648438,0.47557137465483723,0.4812682125578393,0.48367775667006513,0.4833253909521323,0.19525450327510918,0.4833253909521323
2024-11-26,167.6300048828125,169.82000732421875,167.5800018310547,169.1199951171875,20486700,169.1199951171875,0.4847136046493248,0.48833347669872934,0.49547770429937754,0.49204839821200896,0.08737547762008734,0.49204839821200896
2024-11-27,169.0,169.47999572753906,168.02000427246094,169.22999572753906,19266500,169.22999572753906,0.49284655332285854,0.48631476509115573,0.49811323858778284,0.49270114333165493,0.0769684770742358,0.49270114333165493
2024-11-29,168.5,169.42999267578125,167.16000366210938,168.9499969482422,14257200,168.9499969482422,0.4898783133008685,0.48601788774349075,0.49296199195063445,0.4910396267627129,0.03424450736899563,0.4910396267627129
2024-12-02,168.77000427246094,172.0800018310547,168.57000732421875,171.49000549316406,23789100,171.49000549316406,0.49148118827612225,0.501751481227264,0.5014076564482894,0.5061120720542239,0.11554141648471616,0.5061120720542239
2024-12-03,171.49000549316406,172.67999267578125,170.85000610351562,171.33999633789062,22248700,171.33999633789062,0.5076284212424278,0.5053137376165026,0.5150644328542436,0.5052219156842365,0.10240345251091704,0.5052219156842365
2024-12-04,171.14999389648438,174.91000366210938,171.05999755859375,174.3699951171875,31615100,174.3699951171875,0.505609949184017,0.5185537244495346,0.5163222433299349,0.5232019696984651,0.18228882368995633,0.5232019696984651
2024-12-05,175.36000061035156,176.05999755859375,172.3300018310547,172.63999938964844,21356200,172.63999938964844,0.5306025700259118,0.5253814504745938,0.5239293370446755,0.5129361514948171,0.09479138236899563,0.5129361514948171
2024-12-06,172.02999877929688,175.0800018310547,171.86000061035156,174.7100067138672,21462400,174.7100067138672,0.5108340806094385,0.5195630349561979,0.5211141155454572,0.5252196031429193,0.0956971547489083,0.5252196031429193
2024-12-09,173.9600067138672,176.25999450683594,173.64999389648438,175.3699951171875,25389600,175.3699951171875,0.5222915341977384,0.5265688692710067,0.5318358485125309,0.529135983314933,0.12919196915938866,0.529135983314933
2024-12-10,182.85000610351562,186.36000061035156,181.0500030517578,185.1699981689453,54813000,185.1699981689453,0.5750668381653816,0.5865344697294498,0.5761605522594113,0.5872893348654901,0.38014209197598253,0.5872893348654901
2024-12-11,185.30999755859375,195.61000061035156,184.85000610351562,195.39999389648438,67894100,195.39999389648438,0.5896705283468145,0.6414534270603295,0.5989218767351218,0.6479942688091146,0.49170987991266374,0.6479942688091146
2024-12-12,195.0,195.17999267578125,191.7100067138672,191.9600067138672,34817500,191.9600067138672,0.6471950344663412,0.6389003905835071,0.6400120278926464,0.6275813380269893,0.20960186954148471,0.6275813380269893
2024-12-13,191.00999450683594,192.72999572753906,189.63999938964844,189.82000732421875,25143500,189.82000732421875,0.6235084464808017,0.6243543064903938,0.6276130619623835,0.6148825525095827,0.12709299945414848,0.6148825525095827
2024-12-16,192.8699951171875,199.0,192.6199951171875,196.66000366210938,44934900,196.66000366210938,0.6345503029859446,0.661580479150255,0.6454626922829095,0.6554711839152157,0.2958924672489083,0.6554711839152157
2024-12-17,197.25,201.4199981689453,194.97999572753906,195.4199981689453,43504000,195.4199981689453,0.6605521145652964,0.6759484549536187,0.659598665050152,0.6481129744342853,0.28368842112445414,0.6481129744342853
2024-12-18,195.22000122070312,197.0,187.74000549316406,188.39999389648438,34166100,188.39999389648438,0.6485010673226965,0.6497061099976323,0.6162324454232087,0.6064561734938397,0.20404612445414846,0.6064561734938397
2024-12-19,191.6300048828125,193.02999877929688,188.3800048828125,188.50999450683594,32265200,188.50999450683594,0.6271891257048472,0.6261354799821366,0.6200659249161543,0.6071089186134857,0.18783348116812226,0.6071089186134857
2024-12-20,185.77999877929688,192.88999938964844,185.22000122070312,191.41000366210938,63462900,191.41000366210938,0.5924606812141648,0.6253042777652229,0.6011380799333896,0.6243176124287596,0.4539164847161572,0.6243176124287596
2024-12-23,192.6199951171875,195.10000610351562,190.14999389648438,194.6300048828125,25675000,194.6300048828125,0.6330661829749495,0.6384254955403397,0.6306678359435658,0.6434251435174551,0.1316261258187773,0.6434251435174551
2024-12-24,194.83999633789062,196.11000061035156,193.77999877929688,196.11000061035156,10403300,196.11000061035156,0.6462451759192651,0.6444220193484851,0.6524109024255489,0.652207458316986,0.001374863537117904,0.652207458316986
2024-12-26,195.14999389648438,196.75,194.3800048828125,195.60000610351562,12046600,195.60000610351562,0.6480854702395394,0.6482218138535545,0.6560048294365307,0.6491811439690978,0.01539045442139738,0.6491811439690978
2024-12-27,194.9499969482422,195.32000732421875,190.64999389648438,192.75999450683594,18891400,192.75999450683594,0.6468981923474428,0.6397316833946679,0.6336627446535972,0.632328476483474,0.07376927538209607,0.632328476483474
2024-12-30,189.8000030517578,192.5500030517578,189.1199951171875,191.24000549316406,14264700,191.24000549316406,0.6163253563543439,0.6232856567518964,0.6244983313126901,0.6233088409794636,0.03430847434497816,0.6233088409794636
2024-12-31,191.0800018310547,191.9600067138672,188.50999450683594,189.3000030517578,17466900,189.3000030517578,0.6239240435639588,0.619782739594492,0.6208445390305574,0.6117968400761781,0.061619814410480346,0.6117968400761781
2025-01-02,190.64999389648438,192.0,187.5,189.42999267578125,20370800,189.42999267578125,0.621371310041629,0.6200201871160758,0.6147948563393438,0.6125682002751327,0.08638697461790393,0.6125682002751327
2025-01-03,191.3699951171875,193.2100067138672,189.97999572753906,191.7899932861328,18596200,191.7899932861328,0.6256455829199744,0.6272042203148811,0.6296495779498383,0.6265724760318312,0.07125153520742358,0.6265724760318312
2025-01-06,193.97999572753906,198.22000122070312,193.85000610351562,196.8699951171875,29563600,196.8699951171875,0.6411397994581024,0.6569494824282719,0.6528302335156863,0.6567172760689912,0.16479172352620086,0.6567172760689912
2025-01-07,197.11000061035156,201.0,194.60000610351562,195.49000549316406,26487200,195.49000549316406,0.659721010982479,0.6734548483028776,0.6573225965807333,0.6485283988494518,0.13855332287117905,0.6485283988494518
2025-01-08,192.57000732421875,196.2899932861328,192.3800048828125,193.9499969482422,24864800,193.9499969482422,0.632769431439548,0.6454906690869826,0.6440251945964053,0.6393899671744087,0.12471598662663755,0.6393899671744087
2025-01-10,194.3000030517578,196.52000427246094,190.30999755859375,192.0399932861328,26665200,192.0399932861328,0.6430395165522544,0.646856286767392,0.6316262286661424,0.6280559794359482,0.14007147243449783,0.6280559794359482
2025-01-13,190.07000732421875,191.17999267578125,187.36000061035156,191.00999450683594,21823700,191.00999450683594,0.6179282313295977,0.6151516522782619,0.6139562855564294,0.6219439526546553,0.09877865720524018,0.6219439526546553
2025-01-14,191.24000549316406,191.97999572753906,188.30999755859375,189.66000366210938,17174900,189.66000366210938,0.6248739021110348,0.6199014180581603,0.619646593826017,0.613933088599941,0.05912936681222707,0.613933088599941
2025-01-15,193.08999633789062,196.36000061035156,191.86000061035156,195.5500030517578,21776000,195.5500030517578,0.6358563358423,0.6459063154925629,0.6409104639467117,0.6488844251791019,0.09837182723799126,0.6488844251791019
2025-01-16,194.13999938964844,195.47999572753906,192.80999755859375,192.91000366210938,17815400,192.91000366210938,0.6420896580051784,0.6406815640752499,0.6466007722162992,0.6332186328534614,0.06459214656113538,0.6332186328534614
2025-01-17,196.52999877929688,197.22999572753906,193.75,196.0,27735100,196.0,0.6562778416869509,0.6510716370837948,0.6522312152147358,0.65155471319734,0.1491965747816594,0.65155471319734
2025-01-21,199.07000732421875,202.2899932861328,197.8699951171875,198.0500030517578,29971300,198.0500030517578,0.6713565517254186,0.6811137765448505,0.6769092337382389,0.6637194592202715,0.16826896834061136,0.6637194592202715
2025-01-22,199.05999755859375,200.47999572753906,197.52999877929688,198.3699951171875,26200600,198.3699951171875,0.6712971289515408,0.6703674869568065,0.6748727177507841,0.665618296493693,0.1361089314956332,0.665618296493693
2025-01-23,198.13999938964844,200.3000030517578,195.1999969482422,197.97999572753906,26951400,197.97999572753906,0.6658355781810987,0.6692988372183091,0.6609164321943547,0.663304034805105,0.14251245223799128,0.663304034805105
2025-01-24,198.10000610351562,200.89999389648438,198.0,200.2100067138672,23877500,200.2100067138672,0.6655981588360782,0.6728610936075476,0.6776879392500024,0.676536950362849,0.11629537390829695,0.676536950362849
2025-01-27,192.41000366210938,196.8800048828125,190.72999572753906,191.80999755859375,41728900,191.80999755859375,0.6318195728924719,0.6489936768386341,0.6341419410148854,0.626691181657002,0.2685487172489083,0.626691181657002
2025-01-28,192.75,195.47999572753906,190.67999267578125,195.3000030517578,24157900,195.3000030517578,0.6338379543673859,0.6406815640752499,0.6338424318644101,0.647400921774985,0.11868688591703057,0.647400921774985
2025-01-29,195.55999755859375,196.7899932861328,193.42999267578125,195.41000366210938,18218300,195.41000366210938,0.6505194487976105,0.6484592613751382,0.6503144297695826,0.648053666894631,0.06802845251091703,0.648053666894631
2025-01-30,198.0,201.39999389648438,197.6699981689453,200.8699951171875,24354700,200.8699951171875,0.6650044745982815,0.6758296858957032,0.6757112885336984,0.6804533305348626,0.12036537936681223,0.6804533305348626
2025-01-31,202.0,205.47999572753906,201.8000030517578,204.02000427246094,32001100,204.02000427246094,0.6887503947742019,0.7000534098383631,0.7004492637257128,0.6991455277542534,0.18558099072052403,0.6991455277542534
2025-02-03,200.69000244140625,203.75,200.10000610351562,201.22999572753906,27838300,201.22999572753906,0.6809736204099474,0.6897821058877337,0.6902665923910783,0.6825895790586255,0.15007676037117904,0.6825895790586255
2025-02-04,203.38999938964844,207.0500030517578,202.80999755859375,206.3800048828125,43856400,206.3800048828125,0.6970020984119943,0.7093748331084104,0.7064989464169265,0.713149803510952,0.2866940161026201,0.713149803510952
2025-02-05,191.07000732421875,192.75,188.02999877929688,191.3300018310547,70373900,191.3300018310547,0.6238647113735778,0.6244730755483092,0.6179694522601882,0.6238428804739388,0.5128599208515284,0.6238428804739388
2025-02-06,189.5,192.10000610351562,188.72000122070312,191.60000610351562,29297400,191.60000610351562,0.6145443942244506,0.6206139418114057,0.6221024409036091,0.6254450895032264,0.1625213223253275,0.6254450895032264
2025-02-07,191.0500030517578,191.17999267578125,183.24000549316406,185.33999633789062,49315000,185.33999633789062,0.6237459564093191,0.6151516522782619,0.5892782670329264,0.5882981063147862,0.3332500341157205,0.5882981063147862
2025-02-10,187.35000610351562,188.1999969482422,185.86000061035156,186.47000122070312,23105600,186.47000122070312,0.6017809983632921,0.5974588676072433,0.6049715594263353,0.5950035706760707,0.10971189274017468,0.5950035706760707
2025-02-11,185.02999877929688,186.94000244140625,184.27999877929688,185.32000732421875,21239500,185.32000732421875,0.5880083211811798,0.58997804765502,0.595507636934953,0.5881794912354774,0.09379605622270742,0.5881794912354774
2025-02-12,183.22000122070312,185.11000061035156,181.8300018310547,183.61000061035156,22072600,183.61000061035156,0.5772633067949353,0.5791129890090606,0.5808326025352714,0.5780322881111382,0.10090150791484716,0.5780322881111382
2025-02-13,184.32000732421875,186.27999877929688,183.13999938964844,186.13999938964844,21402500,186.13999938964844,0.5837934710767121,0.5860594840920352,0.5886792487319759,0.5930453353171328,0.09518627183406113,0.5930453353171328
2025-02-14,185.05999755859375,186.39999389648438,184.32000732421875,185.22999572753906,20448400,185.22999572753906,0.5881864083358195,0.5867719172510335,0.5957472808142774,0.5876453611951402,0.08704881959606987,0.5876453611951402
2025-02-18,185.60000610351562,185.9600067138672,181.74000549316406,183.77000427246094,29916700,183.77000427246094,0.591392158286327,0.5841596321366241,0.5802935409028322,0.57898175202078,0.16780328875545852,0.57898175202078
2025-02-19,184.07000732421875,185.4600067138672,183.58999633789062,185.27000427246094,19549400,185.27000427246094,0.5823093510657171,0.5811910398484684,0.591374648291532,0.5878827724454817,0.07938131140829695,0.5878827724454817
2025-02-20,184.8000030517578,185.30999755859375,182.72000122070312,184.55999755859375,20441500,184.55999755859375,0.5866429561344435,0.5803004078054735,0.5861635363832328,0.5836695829376102,0.08698996997816594,0.5836695829376102
2025-02-21,185.14999389648438,185.33999633789062,179.0800018310547,179.66000366210938,35199200,179.66000366210938,0.5887206697997385,0.580478516095223,0.5643606046300988,0.5545929524352626,0.21285736217248907,0.5545929524352626
2025-02-24,181.99000549316406,183.1199951171875,178.88999938964844,179.25,29854200,179.25,0.5699614617042189,0.5672979590882722,0.5632225246967093,0.552159985121504,0.16727023062227075,0.552159985121504
2025-02-25,178.0399932861328,178.74000549316406,174.69000244140625,175.4199981689453,41913400,175.4199981689453,0.5465122930637001,0.5412931522481166,0.5380653098119179,0.5294327021049288,0.2701223048580786,0.5294327021049288
2025-02-26,175.07000732421875,176.0800018310547,171.5800018310547,172.72999572753906,35431300,172.72999572753906,0.5288810306698962,0.5255002195325092,0.5194369739796284,0.5134701909892924,0.2148369268558952,0.5134701909892924
2025-02-27,173.99000549316406,174.55999755859375,167.94000244140625,168.5,39991000,168.5,0.5224696213523781,0.5164756736101268,0.49763404222649454,0.4883693387444748,0.2537262895742358,0.4883693387444748
2025-02-28,168.67999267578125,170.61000061035156,166.77000427246094,170.27999877929688,48130600,170.27999877929688,0.4909468362287065,0.4930238126525466,0.49062596681270443,0.49893187573811854,0.32314836926855894,0.49893187573811854
2025-03-03,171.92999267578125,173.3699951171875,165.92999267578125,167.00999450683594,40770500,167.00999450683594,0.5102403963716418,0.5094104094692369,0.48559445071785773,0.4795276258594274,0.2603745906113537,0.4795276258594274
2025-03-04,166.24000549316406,173.2899932861328,165.8000030517578,170.9199981689453,45388000,170.9199981689453,0.4764619010115323,0.5089354238318223,0.48481583660345473,0.5027296408308235,0.29975692549126637,0.5027296408308235
2025-03-05,170.52000427246094,173.77999877929688,169.05999755859375,173.02000427246094,30954900,173.02000427246094,0.5018700283530874,0.5118446768881438,0.5043426084898094,0.5151911056437507,0.17665802401746725,0.5151911056437507
2025-03-06,170.52999877929688,174.80999755859375,170.5,172.35000610351562,28302000,172.35000610351562,0.5019293605434684,0.5179599697542047,0.5129679601982774,0.5112153273862208,0.15403162527292577,0.5112153273862208
2025-03-07,171.25999450683594,174.97000122070312,170.27000427246094,173.86000061035156,27385800,173.86000061035156,0.5062629656121947,0.5189099410290338,0.5115903277829239,0.5201756553505769,0.14621741948689956,0.5201756553505769
2025-03-10,168.25999450683594,168.4600067138672,163.69000244140625,165.8699951171875,43604000,165.8699951171875,0.48845352548025445,0.48025890205117605,0.47217731819122793,0.47276285395848855,0.28454131413755457,0.47276285395848855
2025-03-11,164.91000366210938,166.75,161.3699951171875,164.0399932861328,39587400,164.0399932861328,0.4685663716830192,0.470106276564215,0.4582808979059494,0.46190359817484894,0.2502840133733624,0.46190359817484894
2025-03-12,166.5800018310547,167.63999938964844,163.52999877929688,167.11000061035156,28372400,167.11000061035156,0.4784802824864463,0.4753903672133622,0.4712189254686514,0.48012106343941896,0.15463206195414847,0.48012106343941896
2025-03-13,166.0399932861328,166.1300048828125,162.11000061035156,162.75999450683594,31756200,162.75999450683594,0.4752745325359389,0.466425251117061,0.4627133956998456,0.45430806798943907,0.18349225573144104,0.45430806798943907
2025-03-14,163.27000427246094,166.49000549316406,162.4499969482422,165.49000549316406,31995900,165.49000549316406,0.4588305480342317,0.468562641188303,0.4647499116873004,0.47050799035541696,0.18553664028384279,0.47050799035541696
2025-03-17,165.02999877929688,166.3000030517578,163.6699981689453,164.2899932861328,31184300,164.2899932861328,0.4692787203015778,0.4674345616237243,0.47205749625156573,0.4633871015789659,0.17861456058951966,0.4633871015789659
2025-03-18,163.67999267578125,164.25,156.72000122070312,160.6699981689453,42074800,160.6699981689453,0.461264436008806,0.4552633151234367,0.4304282834616019,0.4419060012620282,0.2714988741812227,0.4419060012620282
2025-03-19,161.75999450683594,165.8699951171875,161.0,163.88999938964844,34275600,163.88999938964844,0.4498664051943838,0.46488152514690195,0.4560646947076815,0.4610135323507236,0.20498004230349345,0.4610135323507236
2025-03-20,161.57000732421875,164.88999938964844,160.9600067138672,162.8000030517578,28138500,162.8000030517578,0.44873855007616487,0.45906310962850605,0.4558251422257177,0.45454547923978056,0.15263714519650656,0.45454547923978056
2025-03-21,161.2100067138672,164.24000549316406,160.88999938964844,163.99000549316406,36625800,163.99000549316406,0.4466014136369922,0.45520397589160255,0.4554058111355802,0.4616069699307152,0.22502473389737992,0.4616069699307152
2025-03-24,167.07000732421875,168.32000732421875,165.13999938964844,167.67999267578125,30879100,167.67999267578125,0.48138919031805544,0.47942769983426237,0.4808625351708468,0.48350340411695736,0.17601153111353712,0.48350340411695736
2025-03-25,168.97999572753906,170.6300048828125,168.32000732421875,170.55999755859375,24174400,170.55999755859375,0.49272779835859987,0.493142581710462,0.49991020209327375,0.5005933923070606,0.11882761326419214,0.5005933923070606
2025-03-26,169.0,169.61000061035156,164.83999633789062,165.05999755859375,28901600,165.05999755859375,0.49284655332285854,0.48708662807623526,0.47906557166535585,0.4679563174164875,0.15914557177947597,0.4679563174164875
2025-03-27,164.6300048828125,165.4199981689453,162.0,162.24000549316406,24508300,162.24000549316406,0.4669041645173845,0.4622098102064113,0.4620545121277443,0.4512224461018965,0.1216754230349345,0.4512224461018965
2025-03-28,160.49000549316406,161.82000732421875,153.6300048828125,154.3300018310547,48669300,154.3300018310547,0.44232714075864676,0.4408360000882388,0.41191976956897464,0.4042843766646291,0.327742903930131,0.4042843766646291
2025-03-31,153.11000061035156,155.5399932861328,150.66000366210938,154.63999938964844,54603500,154.63999938964844,0.39851588904735463,0.40355039760229644,0.39413000451959945,0.4061239063983962,0.3783552811135371,0.4061239063983962
2025-04-01,153.6199951171875,158.10000610351562,153.6199951171875,157.07000732421875,30672900,157.07000732421875,0.4015434612597257,0.4187496662168209,0.41185981290046325,0.4205436065702613,0.174252865720524,0.4205436065702613
2025-04-02,155.14999389648438,158.41000366210938,154.6999969482422,157.0399932861328,25041700,157.0399932861328,0.41062626848033545,0.4205901789403979,0.41832882668181426,0.42036550285957414,0.12622475436681221,0.42036550285957414
2025-04-03,151.11000061035156,152.77999877929688,150.38999938964844,150.72000122070312,46883400,150.72000122070312,0.38664292895939445,0.38716380078560614,0.3925127282249216,0.38286258388734573,0.3125110876091703,0.38286258388734573
2025-04-04,148.00999450683594,151.07000732421875,145.3800048828125,145.60000610351562,62259500,145.60000610351562,0.36823980458965744,0.37701126589289213,0.3625037758534571,0.3524804631457063,0.44365277019650656,0.3524804631457063
2025-04-07,141.5500030517578,152.85000610351562,140.52999877929688,146.75,76794100,146.75,0.3298901942323042,0.38757944719118653,0.3334531248072087,0.3593045425862995,0.5676173580786026,0.3593045425862995
2025-04-08,151.22000122070312,152.24000549316406,143.02999877929688,144.6999969482422,52200200,144.6999969482422,0.3872959453875721,0.38395776097586676,0.3484276683573655,0.347139796563368,0.3578577033296943,0.347139796563368
2025-04-09,144.4199981689453,159.5500030517578,143.91000366210938,158.7100067138672,70406200,158.7100067138672,0.3469278629718081,0.4273585657336229,0.3536987369341761,0.43027538527943404,0.5131354052947599,0.43027538527943404
2025-04-10,156.5399932861328,157.72000122070312,149.92999267578125,152.82000732421875,48022000,152.82000732421875,0.41887797211812794,0.4164935070876636,0.3897573719968541,0.395324048700273,0.3222221274563319,0.395324048700273
2025-04-11,152.89999389648438,157.6699981689453,152.82000732421875,157.13999938964844,33636200,157.13999938964844,0.39726918838138026,0.4161966297399986,0.40706803208230147,0.4209589404395658,0.19952664437772927,0.4209589404395658
2025-04-14,160.0,161.72000122070312,157.55999755859375,159.07000732421875,30333000,159.07000732421875,0.4394182329270377,0.44024224539290885,0.4354597081590881,0.4324116338031969,0.17135388236899562,0.4324116338031969
2025-04-15,159.1300048828125,159.64999389648438,155.2100067138672,156.30999755859375,27551500,156.30999755859375,0.43425352427549396,0.4279522298347058,0.421383692060357,0.416033698272394,0.147630663209607,0.416033698272394
2025-04-16,153.10000610351562,155.88999938964844,151.50999450683594,153.3300018310547,28187400,153.3300018310547,0.3984565568569737,0.4056284484417042,0.39922129448823646,0.39835036304816124,0.15305420987991267,0.39835036304816124
2025-04-17,154.2899932861328,154.67999267578125,148.5,151.16000366210938,33046600,151.16000366210938,0.40552089201917274,0.3984444152428988,0.38119197695689744,0.3854735643659295,0.1944979871724891,0.3854735643659295
2025-04-21,148.8800048828125,148.9499969482422,146.10000610351562,147.6699981689453,26049100,147.6699981689453,0.3734046038246979,0.3644243729870241,0.3668164517076911,0.36476382424794646,0.13481679858078602,0.36476382424794646
2025-04-22,148.88999938964844,152.19000244140625,148.5399932861328,151.47000122070312,26971800,151.47000122070312,0.3734639360150789,0.3836608836282018,0.3814315294388613,0.3873130940996966,0.14268644241266376,0.3873130940996966
2025-04-23,155.61000061035156,157.52999877929688,153.80999755859375,155.35000610351562,31128800,155.35000610351562,0.4133570891573049,0.41536542752308486,0.41299789283385285,0.41033709590626766,0.17814120496724892,0.41033709590626766
2025-04-24,156.14999389648438,159.58999633789062,155.7899932861328,159.27999877929688,45894000,159.27999877929688,0.4165627485243156,0.4275960132552067,0.4248577057343161,0.43365772595697244,0.30407256413755457,0.43365772595697244
2025-04-25,165.07000732421875,166.10000610351562,161.0399932861328,161.9600067138672,56034000,161.9600067138672,0.4695162302300952,0.46624714282731144,0.4563042471896454,0.44956092953295446,0.3905559156659389,0.44956092953295446
2025-04-28,162.42999267578125,163.14999389648438,158.60000610351562,160.61000061035156,29745800,160.61000061035156,0.4538438359538309,0.44873237585179543,0.4416891694584752,0.4415499749323781,0.16634569459606988,0.4415499749323781
2025-04-29,160.32000732421875,160.74000549316406,157.52000427246094,160.16000366210938,26809000,160.16000366210938,0.44131795002118973,0.43442382987451295,0.4352201556771242,0.43887968691414,0.14129793258733625,0.43887968691414
2025-04-30,157.97999572753906,159.27000427246094,155.39999389648438,158.8000030517578,34981100,158.8000030517578,0.4274265178748188,0.42569616129979554,0.42252168059638606,0.43080942477390927,0.21099720251091703,0.43080942477390927
2025-05-01,160.4499969482422,161.9499969482422,158.91000366210938,161.3000030517578,30203200,161.3000030517578,0.44208963083012937,0.44160777247907124,0.443545998235117,0.4456444588150788,0.17024682723799126,0.4456444588150788
2025-05-02,163.41000366210938,164.97000122070312,161.8699951171875,164.02999877929688,25715000,164.02999877929688,0.459661651617049,0.4595380952659206,0.4612758066159807,0.4618442906351946,0.13196728302401747,0.4618442906351946
2025-05-05,163.0,165.38999938964844,162.72000122070312,164.2100067138672,21341800,164.2100067138672,0.457227673058978,0.4620317019166617,0.4663671879819783,0.4629124601700071,0.09466856577510917,0.4629124601700071
2025-05-06,162.1699981689453,164.8000030517578,161.19000244140625,163.22999572753906,21277200,163.22999572753906,0.45230038375245485,0.45852878475925735,0.4572027746410711,0.4570970616328479,0.0941175968886463,0.4570970616328479
2025-05-07,164.0800018310547,165.0,147.83999633789062,151.3800048828125,127490100,151.3800048828125,0.4636390823764961,0.45971620355567017,0.3772386755242895,0.3867790546052214,1.0,0.3867790546052214
2025-05-08,155.0,155.92999267578125,152.89999389648438,154.27999877929688,57498700,154.27999877929688,0.40973583270713715,0.4058658959632879,0.40754713704622925,0.40398765787463325,0.40304823962882097,0.40398765787463325
2025-05-09,154.1699981689453,155.0500030517578,152.1999969482422,152.75,32435300,152.75,0.40480854340061406,0.400641235140222,0.40335428313165744,0.3949086242851065,0.1892842521834061,0.3949086242851065
2025-05-12,157.49000549316406,159.10000610351562,156.25,158.4600067138672,44138800,158.4600067138672,0.42451770062670646,0.42468685079313223,0.4276130619623836,0.4287918818753171,0.2891025859716157,0.4287918818753171
2025-05-13,158.7899932861328,160.57000732421875,156.16000366210938,159.52999877929688,42382100,159.52999877929688,0.4322350522170832,0.43341451936784964,0.42707400032994447,0.4351412293610894,0.27411981441048033,0.4351412293610894
2025-05-14,159.9600067138672,167.0,159.61000061035156,165.3699951171875,48755900,165.3699951171875,0.43918081358201705,0.4715905727082928,0.4477388521496888,0.46979584715025463,0.328481509279476,0.46979584715025463
2025-05-15,165.83999633789062,166.2100067138672,162.3699951171875,163.9600067138672,33146700,163.9600067138672,0.4740872546438422,0.4669002367544756,0.4642707153260121,0.46142895676589013,0.19535173307860262,0.46142895676589013
2025-05-16,167.72999572753906,169.35000610351562,165.6199951171875,166.19000244140625,42846900,166.19000244140625,0.48530719830362473,0.48554299270032325,0.48373762194121595,0.474661781777772,0.27808406113537115,0.474661781777772
2025-05-19,164.50999450683594,166.63999938964844,164.22000122070312,166.5399932861328,30426100,166.5399932861328,0.4661917253153291,0.4694531826370509,0.47535191411207234,0.47673863221601853,0.17214792576419213,0.47673863221601853
2025-05-20,166.42999267578125,168.5,162.89999389648438,163.97999572753906,46607700,163.97999572753906,0.47758975612975124,0.4804963495727598,0.4674453112468565,0.4615475718451988,0.3101596615720524,0.4615475718451988
2025-05-21,163.69000244140625,173.13999938964844,163.55999755859375,168.55999755859375,73416000,168.55999755859375,0.4613238587826837,0.5080448823830744,0.4713986126794644,0.4887253650741249,0.5388057792030567,0.4887253650741249
2025-05-22,171.85000610351562,176.77000427246094,170.7100067138672,170.8699951171875,74864400,170.8699951171875,0.5097655576816006,0.5295968913852436,0.5142258620713293,0.5024329220408277,0.5511590816048035,0.5024329220408277
2025-05-23,169.05999755859375,169.9600067138672,167.88999938964844,168.47000122070312,35211400,168.47000122070312,0.4932027276321379,0.489164678915643,0.4973345330760193,0.4881913255796497,0.21296141512008734,0.4881913255796497
2025-05-27,170.16000366210938,173.1699981689453,170.0,172.89999389648438,37995700,172.89999389648438,0.4997328919139147,0.508222990672824,0.5099730514882461,0.5144789624385884,0.2367085152838428,0.5144789624385884
2025-05-28,173.16000366210938,175.27000427246094,171.91000366210938,172.36000061035156,34784000,172.36000061035156,0.517542332045855,0.5206911145207765,0.5214136246959324,0.5112746349258751,0.20931615038209608,0.5112746349258751
2025-05-29,174.0,174.4199981689453,170.6300048828125,171.86000061035156,29317300,171.86000061035156,0.5225289535427591,0.5156444713932131,0.5137466657100409,0.5083076281176412,0.1626910480349345,0.5083076281176412
2025-05-30,171.35000610351562,172.2100067138672,167.44000244140625,171.74000549316406,52639900,171.74000549316406,0.5067973176596104,0.5025233442123435,0.49463913351646316,0.5075955754583409,0.36160787390829696,0.5075955754583409
2025-06-02,167.83999633789062,169.8699951171875,167.38999938964844,169.02999877929688,38612300,169.02999877929688,0.4859602147318024,0.4886302634521472,0.49433962436598794,0.49151435871753374,0.2419674536026201,0.49151435871753374
2025-06-03,167.49000549316406,168.47999572753906,165.27999877929688,166.17999267578125,45084900,166.17999267578125,0.48388250106650743,0.4803775805148444,0.48170110595376114,0.4746023836922556,0.297171806768559,0.4746023836922556
2025-06-04,166.74000549316406,168.22000122070312,166.36000061035156,168.0500030517578,26900800,168.0500030517578,0.4794301410335224,0.4788339451389324,0.48817011973511215,0.48569905072623665,0.14208088837336244,0.48569905072623665
2025-06-05,170.33999633789062,170.92999267578125,167.58999633789062,168.2100067138672,36379100,168.2100067138672,0.5008014148417527,0.4949236646079577,0.49553756957052836,0.48664851463587844,0.22292064683406113,0.48664851463587844
2025-06-06,170.8300018310547,174.5,170.8300018310547,173.67999267578125,35731800,173.67999267578125,0.5037103226733618,0.5161194570306277,0.5149446109145814,0.5191074858157644,0.217399870360262,0.5191074858157644
2025-06-09,174.5399932861328,176.47000122070312,174.3699951171875,176.08999633789062,28935900,176.08999633789062,0.5257346129097697,0.5278157178935008,0.5361485243667649,0.5334084803624587,0.15943811408296943,0.5334084803624587
2025-06-10,176.1999969482422,181.11000061035156,174.91000366210938,178.60000610351562,61766100,178.60000610351562,0.5355891915228159,0.5553642507038153,0.5393830769561205,0.5483029124891446,0.439444596069869,0.5483029124891446
2025-06-11,179.77000427246094,180.3699951171875,176.75,177.35000610351562,31646800,177.35000610351562,0.5567824687599033,0.5509707015034161,0.5504043190736695,0.5408853954685598,0.18255919077510918,0.5408853954685598
2025-06-12,176.17999267578125,176.72000122070312,174.75,175.6999969482422,20941900,175.6999969482422,0.5354704365585572,0.5293000140375785,0.5384246842335441,0.5310942186738707,0.09125784661572052,0.5310942186738707
2025-06-13,172.44000244140625,177.1300048828125,172.38999938964844,174.6699981689453,27663100,174.6699981689453,0.5132680591675096,0.5317342814564855,0.5242887114663015,0.5249821918925779,0.14858249181222707,0.5249821918925779
2025-06-16,174.72999572753906,176.94000244140625,174.64999389648438,176.77000427246094,27389200,176.77000427246094,0.5268625586114855,0.5306062018919069,0.5378256659325935,0.5374436567055051,0.14624641784934497,0.5374436567055051
2025-06-17,175.6999969482422,177.36000061035156,174.5800018310547,175.9499969482422,24973000,175.9499969482422,0.5326209515008259,0.5330998085426479,0.5374064262398166,0.5325777220779877,0.12563881686681222,0.5325777220779877
2025-06-18,176.00999450683594,176.55999755859375,173.1999969482422,173.32000732421875,28707500,173.32000732421875,0.5344612458211002,0.5283500427627494,0.5291404489529747,0.5169713278378635,0.15749010644104802,0.5169713278378635
2025-06-20,173.9499969482422,174.33999633789062,165.4600067138672,166.63999938964844,75659900,166.63999938964844,0.5222321114238607,0.5151694857557986,0.48277932061599993,0.4773320697960101,0.5579438455240174,0.4773320697960101
2025-06-23,166.27000427246094,167.33999633789062,162.0,165.19000244140625,57671000,165.19000244140625,0.476639988166172,0.47360919372161936,0.4620545121277443,0.4687277681613042,0.40451777429039304,0.4687277681613042
2025-06-24,166.9199981689453,168.22000122070312,166.1300048828125,166.77000427246094,40524300,166.77000427246094,0.4804986639613603,0.4788339451389324,0.4867924873197587,0.47810352054082683,0.25827476801310045,0.47810352054082683
2025-06-25,167.6300048828125,172.36000061035156,167.5500030517578,170.67999267578125,35479000,170.67999267578125,0.4847136046493248,0.5034138856610914,0.4952980170885645,0.5013054449663609,0.21524375682314412,0.5013054449663609
2025-06-26,172.42999267578125,173.69000244140625,169.94000244140625,173.5399932861328,31796700,173.5399932861328,0.5132086363936319,0.5113103520188951,0.50961367706662,0.5182767275312933,0.18383767740174672,0.5182767275312933
2025-06-27,173.5399932861328,178.67999267578125,171.72999572753906,178.52999877929688,108140200,178.52999877929688,0.5197981328657897,0.5409368450743705,0.5203354100336937,0.5478874880739781,0.8349660548580786,0.5478874880739781
2025-06-30,180.77999877929688,181.22999572753906,174.5800018310547,176.22999572753906,63378900,176.22999572753906,0.5627782809942644,0.5560766838628137,0.5374064262398166,0.5342392386469297,0.45320005458515283,0.5342392386469297
2025-07-01,175.74000549316406,176.08999633789062,173.52999877929688,175.83999633789062,35904500,175.83999633789062,0.5328584614293432,0.5255595587643433,0.5311170996692787,0.5319249769583417,0.21887281659388647,0.5319249769583417
2025-07-02,175.5399932861328,178.86000061035156,175.07000732421875,178.63999938964844,29128900,178.63999938964844,0.5316710929537498,0.542005585407115,0.5403414696786971,0.5485402331936241,0.16108419759825326,0.5485402331936241
2025-07-03,178.5,179.6699981689453,177.0500030517578,179.52999877929688,21689700,179.52999877929688,0.5492431137406695,0.5468146904188476,0.5522012825791603,0.553821501690446,0.09763578056768558,0.553821501690446
2025-07-07,179.05999755859375,179.3000030517578,175.67999267578125,176.7899932861328,34175600,176.7899932861328,0.5525675280719389,0.5446179611157714,0.5439951705634692,0.5375622717848137,0.20412714929039302,0.5375622717848137
2025-07-08,177.85000610351562,177.9499969482422,172.80999755859375,174.36000061035156,40442500,174.36000061035156,0.5453844379454812,0.5366027257000523,0.5268044238150447,0.5231426621588108,0.25757710152838426,0.5231426621588108
2025-07-09,175.25,179.44000244140625,172.77000427246094,176.6199951171875,43025600,176.6199951171875,0.5299495535977342,0.5454491633326851,0.5265648713330807,0.5365535003355177,0.2796081809497817,0.5365535003355177
2025-07-10,175.6300048828125,178.42999267578125,174.3800048828125,177.6199951171875,29252400,177.6199951171875,0.5322054450011656,0.5394525489302926,0.5362084810352762,0.5424875139519855,0.1621375204694323,0.5424875139519855
2025-07-11,176.7899932861328,181.42999267578125,176.47999572753906,180.19000244140625,34282900,180.19000244140625,0.539091693008725,0.5572641026592265,0.5487870427789916,0.5577379724083217,0.2050423034934498,0.5577379724083217
2025-07-14,181.00999450683594,183.6699981689453,179.67999267578125,181.55999755859375,32536600,181.55999755859375,0.5641436460410008,0.5705634287240928,0.5679544402437202,0.5658675420882067,0.19014823280567686,0.5658675420882067
2025-07-15,182.80999755859375,184.22000122070312,181.60000610351562,182.0,33448300,182.0,0.5748293282368643,0.5738288983599135,0.5794549701199179,0.5684785225667904,0.19792405840611355,0.5684785225667904
2025-07-16,183.24000549316406,184.3300018310547,182.02999877929688,182.97000122070312,33104200,182.97000122070312,0.577382061759194,0.5744819922870776,0.5820305477398118,0.5742345230184333,0.19498925354803492,0.5742345230184333
2025-07-17,182.13999938964844,184.05999755859375,180.47999572753906,183.5800018310547,31992600,183.5800018310547,0.5708518974774172,0.5728789270850844,0.5727463124592425,0.5778542749463131,0.18550849481441048,0.5778542749463131
2025-07-18,185.39999389648438,186.4199981689453,183.7100067138672,185.05999755859375,34014500,185.05999755859375,0.5902047898107334,0.5868906863089489,0.5920934885321447,0.5866365897458441,0.20275313864628822,0.5866365897458441
2025-07-21,186.25,190.2899932861328,186.14999389648438,190.10000610351562,45803100,190.10000610351562,0.5952508340815152,0.6098675616291147,0.6067085662633149,0.6165440690785248,0.3032972843886463,0.6165440690785248
2025-07-22,191.5,191.64999389648438,187.4600067138672,191.33999633789062,44660200,191.33999633789062,0.6264173543124107,0.6179421362766679,0.6145553038573799,0.6239021880135931,0.2935495701419214,0.6239021880135931
2025-07-23,191.5,192.52999877929688,189.17999267578125,190.22999572753906,58681900,190.22999572753906,0.6264173543124107,0.623166887693981,0.6248577057343161,0.6173154292774793,0.4131396697598253,0.6173154292774793
2025-07-24,197.02999877929688,197.9499969482422,191.0,192.1699981689453,74881700,192.1699981689453,0.6592460817089411,0.6553464172262786,0.6357592173095633,0.6288274301807648,0.5513066320960699,0.6288274301807648
2025-07-25,191.97999572753906,194.3300018310547,191.25999450683594,193.17999267578125,39785900,193.17999267578125,0.6292668393701422,0.6338538380501908,0.6373165369357299,0.634820751336887,0.2519770060043668,0.634820751336887
2025-07-28,193.64999389648438,194.0500030517578,190.83999633789062,192.5800018310547,38139500,192.5800018310547,0.6391807501735693,0.6321914336163633,0.6348008245869867,0.6312603974945236,0.2379349754366812,0.6312603974945236
2025-07-29,192.42999267578125,195.9199981689453,192.0800018310547,195.75,41389200,195.75,0.6319382372732338,0.6432939397839065,0.6422282310909143,0.6500712097932231,0.2656514396834061,0.6500712097932231
2025-07-30,195.60000610351562,197.60000610351562,194.69000244140625,196.52999877929688,32445400,196.52999877929688,0.6507569587261279,0.6532684569811179,0.6578616582131724,0.6546997331703991,0.18937039437772926,0.6546997331703991
2025-07-31,195.7100067138672,195.99000549316406,191.08999633789062,191.89999389648438,51329200,191.89999389648438,0.6514099751543055,0.6437095861894868,0.6362982789420024,0.6272252211514772,0.3504290051855895,0.6272252211514772
2025-08-01,189.02999877929688,190.8300018310547,187.82000732421875,189.1300048828125,34832200,189.1300048828125,0.6117542413571002,0.6130736920331011,0.6167116417844969,0.610788068626882,0.2097272448144105,0.610788068626882
2025-08-04,190.2899932861328,195.27000427246094,190.1199951171875,195.0399932861328,31547400,195.0399932861328,0.6192341736024563,0.6394348060470029,0.6304881487327527,0.6458580202853517,0.18171141512008734,0.6458580202853517
2025-08-05,194.7100067138672,197.86000061035156,193.88999938964844,194.6699981689453,31602300,194.6699981689453,0.6454734951103255,0.65481209235703,0.6530697859976502,0.6436624642219344,0.18217965338427947,0.6436624642219344
2025-08-06,194.5,196.6300048828125,193.6699981689453,196.08999633789062,21562900,196.08999633789062,0.644226794444351,0.6475093806945562,0.6517520188534476,0.6520887526918153,0.09655431222707424,0.6520887526918153
2025-08-07,197.05999755859375,197.5399932861328,194.3300018310547,196.52000427246094,26321800,196.52000427246094,0.6594241688635807,0.6529121498073717,0.6557053202860554,0.6546404256307448,0.1371426378275109,0.6546404256307448
2025-08-08,197.22000122070312,202.61000061035156,197.1699981689453,201.4199981689453,39161800,201.4199981689453,0.6603740274106566,0.6830137190945087,0.672716379823667,0.6837170561330923,0.246654100709607,0.6837170561330923
2025-08-11,200.94000244140625,201.47999572753906,199.07000732421875,201.0,25832400,201.0,0.6824577404209424,0.6763046715331178,0.6840970877602026,0.6812247812796792,0.1329685794213974,0.6812247812796792
2025-08-12,201.3699951171875,204.5,200.58999633789062,203.33999633789062,30397900,203.33999633789062,0.6850103833597754,0.6942349943199672,0.6932015444325983,0.695110351411207,0.17190740993449782,0.695110351411207
2025-08-13,204.1300048828125,204.52999877929688,197.50999450683594,201.9600067138672,28342900,201.9600067138672,0.7013951262545984,0.6944131026097168,0.6747528958111219,0.6869214741916677,0.15438045851528384,0.6869214741916677
2025-08-14,201.5,204.44000244140625,201.22999572753906,202.94000244140625,25230400,202.94000244140625,0.6857821547522118,0.693878777740468,0.6970350239255441,0.6927367821829647,0.12783416348253276,0.6927367821829647
2025-08-15,203.85000610351562,206.44000244140625,201.27999877929688,203.89999389648438,34931400,203.89999389648438,0.6997329190889637,0.7057531468930907,0.6973345330760193,0.6984333845490911,0.21057331468340612,0.6984333845490911
2025-08-18,204.1999969482422,205.27000427246094,202.49000549316406,203.5,18526600,203.5,0.7018106327542587,0.6988066518101161,0.7045822523691339,0.6960598153208488,0.07065792167030567,0.6960598153208488
2025-08-19,203.02999877929688,203.44000244140625,199.9600067138672,201.57000732421875,24240200,201.57000732421875,0.6948649619728215,0.6879415931641567,0.689428021608164,0.6846072125030797,0.11938881686681223,0.6846072125030797
2025-08-20,200.72999572753906,201.27999877929688,196.60000610351562,199.32000732421875,28955500,199.32000732421875,0.681211039754968,0.675117252736705,0.6693022314208588,0.671255681866027,0.1596052811135371,0.671255681866027
2025-08-21,199.75,202.47999572753906,199.42999267578125,199.75,19774600,199.75,0.6753933146752467,0.6822418561094291,0.686253334289959,0.6738072642590944,0.08130202647379912,0.6738072642590944
2025-08-22,202.72999572753906,208.5399932861328,201.3000030517578,206.08999633789062,42827000,206.08999633789062,0.6930839998429282,0.7182211801467961,0.6974543550156815,0.7114288888564936,0.2779143354257642,0.7114288888564936
2025-08-25,206.42999267578125,210.52000427246094,205.27999877929688,208.49000549316406,29928900,208.49000549316406,0.7150489578889553,0.7299768708357505,0.7212938027562702,0.7256705758635337,0.16790734170305677,0.7256705758635337
2025-08-26,207.50999450683594,207.85000610351562,205.6999969482422,207.13999938964844,28464100,207.13999938964844,0.7214603672064733,0.7141245988883089,0.7238095151050132,0.7176596212629572,0.15541416484716158,0.7176596212629572
2025-08-27,205.6999969482422,208.91000366210938,205.64999389648438,207.47999572753906,23022900,207.47999572753906,0.7107153528202289,0.7204180000441194,0.7235100059545381,0.7196771641615494,0.10900655021834062,0.7196771641615494
2025-08-28,207.25,212.22000122070312,206.89999389648438,211.63999938964844,32339300,211.63999938964844,0.7199169150050974,0.7400700664966303,0.7309972777296164,0.7443626825370625,0.18846547489082968,0.7443626825370625
2025-08-29,210.50999450683594,214.64999389648438,210.1999969482422,212.91000366210938,39728400,212.91000366210938,0.7392698073384136,0.7544973815318282,0.7507636934952956,0.751898905182818,0.2514865925218341,0.751898905182818
2025-09-02,208.44000244140625,211.67999267578125,206.1999969482422,211.35000610351562,47523000,211.35000610351562,0.7269813407507931,0.7368639360926439,0.7268044238150446,0.7426418584284661,0.3179661913209607,0.7426418584284661
2025-09-03,226.2100067138672,231.30999755859375,224.7899932861328,230.66000366210938,103336100,230.66000366210938,0.8324726164956986,0.8534108983157941,0.8381551077186442,0.857227646875122,0.7939922216157205,0.857227646875122
2025-09-04,229.64999389648438,232.3699951171875,226.11000061035156,232.3000030517578,51684200,232.3000030517578,0.8528940317568529,0.8597042994716045,0.84606171058386,0.8669594255842947,0.3534567753820961,0.8669594255842947
2025-09-05,232.1999969482422,235.75999450683594,231.89999389648438,235.0,46588900,235.0,0.8680320739857015,0.87983135156153,0.8807427132311846,0.8829812442395855,0.3099993176855895,0.8829812442395855
2025-09-08,235.47000122070312,238.1300048828125,233.6699981689453,234.0399932861328,32474700,234.0399932861328,0.8874443890928955,0.8939025406114758,0.8913447156559565,0.877284551327597,0.18962029203056768,0.877284551327597
2025-09-09,234.1699981689453,240.47000122070312,233.22999572753906,239.6300048828125,38061000,239.6300048828125,0.879726946919022,0.907795530777425,0.8887091813675513,0.9104557562585074,0.23726545442139738,0.9104557562585074
2025-09-10,238.89999389648438,241.66000366210938,237.85000610351562,239.1699981689453,35141100,239.1699981689453,0.9078064721636688,0.9148607949183151,0.9163821999984463,0.9077260701547528,0.21236183133187772,0.9077260701547528
2025-09-11,239.8800048828125,242.25,236.25,240.3699951171875,30599300,240.3699951171875,0.913624287826887,0.9183637120757194,0.9067984555674017,0.9148468683853418,0.1736251364628821,0.9148468683853418
2025-09-12,240.3699951171875,242.0800018310547,238.0,240.8000030517578,26771600,240.8000030517578,0.9165331050749993,0.9173544015690561,0.9172806360525114,0.9173985413242712,0.1409789506004367,0.9173985413242712
2025-09-15,244.66000366210938,252.41000366210938,244.66000366210938,251.61000061035156,58383800,251.61000061035156,0.9420006551904321,0.9786855291136617,0.9571728420054957,0.9815452140309505,0.4105971956877729,0.9815452140309505
2025-09-16,252.0800018310547,253.0399932861328,249.47000122070312,251.16000366210938,34109700,251.16000366210938,0.9860493262467448,0.9824258937926498,0.9859838491724198,0.9788749260127124,0.20356509279475982,0.9788749260127124
2025-09-17,251.22000122070312,251.60000610351562,246.27999877929688,249.52999877929688,34108000,249.52999877929688,0.9809439497855821,0.973876424101929,0.966876316978842,0.969202454843194,0.2035505936135371,0.969202454843194
2025-09-18,251.67999267578125,253.99000549316406,249.8000030517578,252.02999877929688,31239500,252.02999877929688,0.9836746798790548,0.9880662916155432,0.9879604998887237,0.9840374888843636,0.1790853575327511,0.9840374888843636
2025-09-19,253.25,256.0,251.80999755859375,254.72000122070312,55571400,254.72000122070312,0.992994997028182,1.0,1.0,1.0,0.38661043258733624,1.0
2025-09-22,254.42999267578125,255.77999877929688,250.3000030517578,252.52999877929688,32255300,252.52999877929688,1.0,0.9986938121456718,0.9909554085987551,0.9870044956925975,0.18774904475982532,0.9870044956925975
