date,open,high,low,close,volume,price,open_norm,high_norm,low_norm,close_norm,volume_norm,price_norm
2023-01-02,1514.0,1526.5,1504.050048828125,1524.0,3801140,1524.0,0.3743340465602664,0.38186620986001807,0.40230976835295656,0.3872214400964612,0.07148802168371317,0.3872214400964612
2023-01-03,1519.8499755859375,1532.6500244140625,1515.0999755859375,1522.550048828125,4551130,1522.550048828125,0.3819363540143762,0.3897869063643844,0.4162564145466905,0.38535366821874034,0.08559308000373507,0.38535366821874034
2023-01-04,1521.0,1521.0,1491.0999755859375,1494.800048828125,7059590,1494.800048828125,0.3834308626746264,0.3747826882605911,0.385964855517762,0.34960717508702405,0.1327696751495932,0.34960717508702405
2023-01-05,1505.9000244140625,1505.9000244140625,1469.25,1475.199951171875,9868404,1475.199951171875,0.3638077624979695,0.3553352331308077,0.35838694613267563,0.3243590757626958,0.18559502652773688,0.3243590757626958
2023-01-06,1470.0,1475.0,1446.5,1448.5,6443714,1448.5,0.317154059555718,0.31553868942901997,0.3296730724698372,0.28996521553989973,0.12118689818203121,0.28996521553989973
2023-01-09,1448.199951171875,1489.3499755859375,1448.199951171875,1484.449951171875,11498717,1484.449951171875,0.2888239116309292,0.3340202097952451,0.331818662939385,0.3362745734732679,0.21625631527143996,0.3362745734732679
2023-01-10,1482.0,1483.9000244140625,1454.050048828125,1469.75,7158624,1469.75,0.3327486014660494,0.3270011467330998,0.33920235370935553,0.31733865622634916,0.13463220711090607,0.31733865622634916
2023-01-11,1470.0,1494.0,1464.0,1471.25,6173092,1471.25,0.317154059555718,0.340009036772495,0.35176066759509755,0.31927089909833384,0.11609731153063457,0.31927089909833384
2023-01-12,1481.949951171875,1485.0,1455.0,1480.5999755859375,6591385,1480.5999755859375,0.3326835607537362,0.3284178196097963,0.34040133295924935,0.33131518155110606,0.12396414596823631,0.33131518155110606
2023-01-13,1483.5,1519.4000244140625,1468.0,1503.6500244140625,11610426,1503.6500244140625,0.3346979192048408,0.37272205887485577,0.3568092607665856,0.36100737658246806,0.2183572258967434,0.36100737658246806
2023-01-16,1510.0,1528.0,1502.300048828125,1525.5,6073063,1525.5,0.3691358659234893,0.3837980793871345,0.40010100884043054,0.3891536829684458,0.11421606660911099,0.3891536829684458
2023-01-17,1527.0,1542.199951171875,1524.0,1539.5,5922644,1539.5,0.3912281336297921,0.40208638135745906,0.42748956516741876,0.40718794977363604,0.11138713720013305,0.40718794977363604
2023-01-18,1544.75,1551.8499755859375,1539.5999755859375,1545.4000244140625,5843098,1545.4000244140625,0.41429506020549056,0.4145147734250971,0.44717904772205497,0.4147881365193746,0.10989111596101724,0.4147881365193746
2023-01-19,1539.9000244140625,1549.550048828125,1526.1500244140625,1538.9000244140625,6165284,1538.9000244140625,0.40799229791057506,0.41155266781308536,0.4302032148112609,0.4064150840741077,0.11595046651221735,0.4064150840741077
2023-01-20,1538.0,1545.0,1524.0,1525.550048828125,6496429,1525.550048828125,0.4055231303809292,0.4056926006944543,0.42748956516741876,0.38921815396270965,0.1221783089332945,0.38921815396270965
2023-01-23,1535.0,1553.300048828125,1528.0999755859375,1548.0,4855020,1548.0,0.40162449490334634,0.41638234163087645,0.43266434235402673,0.4181373260482158,0.09130833777100057,0.4181373260482158
2023-01-24,1560.0,1568.800048828125,1549.75,1551.9000244140625,5200802,1551.9000244140625,0.4341131238832034,0.43634499341107974,0.4599898837088733,0.42316118896464144,0.09781145818062445,0.42316118896464144
2023-01-25,1547.0,1556.0,1538.75,1543.0,4158617,1543.0,0.4172190368136777,0.4198596438933082,0.4461062524872811,0.4116965164749336,0.0782110899020447,0.4116965164749336
2023-01-27,1546.0,1550.949951171875,1507.4000244140625,1519.1500244140625,6209955,1519.1500244140625,0.41591949165448344,0.4133556202656383,0.40653793431991053,0.38097388625964296,0.11679059379419937,0.38097388625964296
2023-01-30,1528.800048828125,1544.0,1520.0,1538.800048828125,6964719,1538.800048828125,0.3935673783706953,0.40440468767637666,0.42244097199593067,0.4062862993319075,0.13098543670924226,0.4062862993319075
2023-01-31,1548.9000244140625,1548.9000244140625,1513.0,1533.75,9448126,1533.75,0.4196882043433236,0.41071549290814596,0.4136059339458265,0.3997810187643615,0.1776908602046897,0.3997810187643615
2023-02-01,1542.199951171875,1555.050048828125,1528.050048828125,1551.0999755859375,6194199,1551.0999755859375,0.4109811565951917,0.4186361894125123,0.43260132738188506,0.4221305965343853,0.11649427077803881,0.4221305965343853
2023-02-02,1552.0,1586.949951171875,1552.0,1583.75,6916834,1583.75,0.42371676260964913,0.45972048891643313,0.46282971736783535,0.46418911449718364,0.1300848637447304,0.46418911449718364
2023-02-03,1597.5,1604.6500244140625,1573.0,1599.4000244140625,7040194,1599.4000244140625,0.48284606735298896,0.48251664366597397,0.4893348315181478,0.4843488799108225,0.1324048946709533,0.4843488799108225
2023-02-06,1598.0,1598.0,1561.5999755859375,1569.8499755859375,4570612,1569.8499755859375,0.4834958399325861,0.4739519906525688,0.4749463101652394,0.4462836324341936,0.08595947788396102,0.4462836324341936
2023-02-07,1569.0,1576.050048828125,1555.0999755859375,1562.4000244140625,4336238,1562.4000244140625,0.4458090303159519,0.4456823627921426,0.4667423462615713,0.4366868890685341,0.08155160719408941,0.4366868890685341
2023-02-08,1565.5,1603.0,1565.5,1590.5,7983338,1590.5,0.44126062225877194,0.48039155574295694,0.47986871932160763,0.47288420742111464,0.15014259933925383,0.47288420742111464
2023-02-09,1596.199951171875,1619.75,1586.050048828125,1617.0,6904911,1617.0,0.4811565951916829,0.5019640987957573,0.5058059283684623,0.5070204981595103,0.1298606279411202,0.5070204981595103
2023-02-10,1612.949951171875,1616.300048828125,1596.449951171875,1608.550048828125,4786762,1608.550048828125,0.5029239766081871,0.4975208617697673,0.518932147357662,0.4961355928791944,0.09002460989355146,0.4961355928791944
2023-02-13,1597.0,1597.0,1566.0,1567.449951171875,4001199,1567.449951171875,0.4821962947733918,0.47266407763449114,0.4804997934680436,0.44319201238975264,0.07525053033375552,0.44319201238975264
2023-02-14,1584.699951171875,1596.0,1578.1500244140625,1593.25,5043736,1593.25,0.46621182586094867,0.4713761646164135,0.49583492604060597,0.47642665268641987,0.09485751867464096,0.47642665268641987
2023-02-15,1584.0,1599.0,1576.0,1597.050048828125,3465747,1597.050048828125,0.46530220770386616,0.47523990367064645,0.49312127639676384,0.48132173086064534,0.06518028714708321,0.48132173086064534
2023-02-16,1600.0,1614.449951171875,1597.8499755859375,1601.800048828125,4290289,1601.800048828125,0.48609493025097467,0.495138096913568,0.5206991857818501,0.4874404999552634,0.08068744457225888,0.4874404999552634
2023-02-17,1594.0,1595.0,1575.5,1583.800048828125,2857734,1583.800048828125,0.478297659295809,0.4700882515983359,0.4924902022503278,0.46425358549144746,0.05374538958267372,0.46425358549144746
2023-02-20,1584.949951171875,1603.0,1582.5,1592.449951171875,2417716,1592.449951171875,0.4665367121507472,0.48039155574295694,0.501325240300432,0.4753960602561637,0.045469973174642415,0.4753960602561637
2023-02-21,1598.699951171875,1601.6500244140625,1576.0,1579.5,2723288,1579.5,0.4844054580896686,0.4786529046117411,0.49312127639676384,0.45871442635989373,0.05121686430781183,0.45871442635989373
2023-02-22,1563.0,1575.0,1555.300048828125,1561.800048828125,3656244,1561.800048828125,0.43801175936078623,0.44432999123678324,0.46699486836264764,0.4359140233690057,0.06876296330915098,0.4359140233690057
2023-02-23,1569.8499755859375,1569.8499755859375,1548.1500244140625,1550.699951171875,4766854,1550.699951171875,0.4469136119740903,0.43769720775049453,0.45797047725444534,0.4216153003192572,0.089650200233376,0.4216153003192572
2023-02-24,1560.0,1569.0,1545.0,1550.6500244140625,2790986,1550.6500244140625,0.4341131238832034,0.43660251312831744,0.4539946793177312,0.4215509865713209,0.052490060267956426,0.4215509865713209
2023-02-27,1540.0,1540.0,1502.0,1509.300048828125,4920268,1509.300048828125,0.40812222069931775,0.3992530356040661,0.3997223027242343,0.36828552284954247,0.09253545659293792,0.36828552284954247
2023-02-28,1515.5999755859375,1524.0,1481.300048828125,1487.550048828125,9679811,1487.550048828125,0.37641328708780053,0.378646427314824,0.3735958946901181,0.34026800120576484,0.18204815888450446,0.34026800120576484
2023-03-01,1492.4000244140625,1500.8499755859375,1481.5,1496.050048828125,5125043,1496.050048828125,0.34626390284884667,0.3488312095031379,0.37384826272035787,0.3512173774803446,0.09638665903228041,0.3512173774803446
2023-03-02,1485.0,1488.5999755859375,1467.300048828125,1472.1500244140625,4644499,1472.1500244140625,0.33664723694363224,0.3330542750316869,0.3559258185899098,0.3204302762707901,0.08734907033731569,0.3204302762707901
2023-03-03,1486.75,1489.800048828125,1473.0,1479.300048828125,4615015,1479.300048828125,0.3389214409722222,0.3345998649829468,0.3631200022309457,0.3296406654098492,0.08679456489123304,0.3296406654098492
2023-03-06,1494.550048828125,1520.4000244140625,1493.1500244140625,1507.449951171875,6561742,1507.449951171875,0.3490579566682911,0.37400997189293345,0.38855232114648425,0.36590229751036607,0.12340665020991898,0.36590229751036607
2023-03-08,1490.550048828125,1496.0,1481.0999755859375,1492.699951171875,4137080,1492.699951171875,0.34385977603151396,0.34258486280865025,0.37334337258904177,0.3469019092691835,0.07780604364671022,0.3469019092691835
2023-03-09,1495.0,1498.3499755859375,1474.5999755859375,1480.4000244140625,5104656,1480.4000244140625,0.34964268853557506,0.3456114269579438,0.36513940868537365,0.33105761206670575,0.09600324082141055,0.33105761206670575
2023-03-10,1460.0,1474.300048828125,1457.6500244140625,1471.550048828125,3699580,1471.550048828125,0.3041586079637752,0.31463721320274346,0.3437460567495275,0.31965741057126174,0.06957798325255886,0.31965741057126174
2023-03-13,1464.199951171875,1478.300048828125,1428.0,1435.0999755859375,8798403,1435.0999755859375,0.3096166341780377,0.319788865275054,0.3063233290517048,0.2727038144342379,0.1654715228710458,0.2727038144342379
2023-03-14,1441.0,1448.3499755859375,1411.0,1420.0,7402784,1420.0,0.27946724993908384,0.28121577605406217,0.28486680807288045,0.25325260097219116,0.13922412305567405,0.25325260097219116
2023-03-15,1438.0,1442.8499755859375,1416.8499755859375,1419.6500244140625,7556182,1419.6500244140625,0.275568614461501,0.2741322544546352,0.29225034477201445,0.2528017757513269,0.142109078503313,0.2528017757513269
2023-03-16,1417.800048828125,1417.800048828125,1398.699951171875,1404.0999755859375,7323117,1404.0999755859375,0.24931786570012995,0.24187012768135724,0.26934232244221995,0.2327707950798882,0.13772582617014067,0.2327707950798882
2023-03-17,1430.0,1442.9000244140625,1411.4000244140625,1420.699951171875,9090018,1420.699951171875,0.26517225318794674,0.2741967129919169,0.28537169820419656,0.2541542514139197,0.1709559247723954,0.2541542514139197
2023-03-20,1419.699951171875,1419.699951171875,1384.8499755859375,1403.6500244140625,8221829,1403.6500244140625,0.25178687459389215,0.24431703664294907,0.25186159940010977,0.2321911851168238,0.15462789842830882,0.2321911851168238
2023-03-21,1399.0,1405.0,1390.0,1390.699951171875,8536755,1390.699951171875,0.22488635325292397,0.2253847781635857,0.258361693922568,0.2155093939742264,0.160550710194454,0.2155093939742264
2023-03-22,1403.0,1407.25,1382.1500244140625,1389.25,8356487,1389.25,0.2300845338897011,0.2282825824542604,0.24845386063768995,0.21364162209650553,0.15716041078615026,0.21364162209650553
2023-03-23,1383.949951171875,1383.949951171875,1370.0,1374.550048828125,7607718,1374.550048828125,0.20532813515269654,0.1982741462466737,0.2331187280651276,0.19470570484958682,0.14307831580725125,0.19470570484958682
2023-03-24,1388.0,1398.949951171875,1377.5,1380.6500244140625,7559127,1380.6500244140625,0.21059135650178687,0.2175928415178382,0.24258484026166774,0.20256346107972562,0.14216446510413763,0.20256346107972562
2023-03-27,1386.25,1395.75,1374.0999755859375,1388.949951171875,4170193,1388.949951171875,0.20831715247319688,0.2134715827463676,0.23829350525173557,0.2132551106235776,0.07842879967832515,0.2132551106235776
2023-03-28,1392.0999755859375,1398.0,1375.8499755859375,1377.5999755859375,6633366,1377.5999755859375,0.21591945992730668,0.21636938703704228,0.2405022647642616,0.1986345043414925,0.12475368243316629,0.1986345043414925
2023-03-29,1379.0,1389.9000244140625,1364.550048828125,1383.550048828125,8813966,1383.550048828125,0.19889545006903833,0.20593732303380238,0.2262400814973097,0.2062991620814948,0.16576421613713535,0.2062991620814948
2023-03-31,1404.0,1429.949951171875,1393.9000244140625,1427.949951171875,8711975,1427.949951171875,0.23138407904889538,0.25751814507824483,0.2632841030789362,0.2634934252951789,0.1638460718910556,0.2634934252951789
2023-04-03,1435.0,1435.0,1405.1500244140625,1410.8499755859375,5242764,1410.8499755859375,0.27166997898391815,0.26402216870591466,0.2774832713737464,0.2414658880038192,0.09860063731264589,0.2414658880038192
2023-04-05,1400.0,1427.5,1400.0,1423.550048828125,7506334,1423.550048828125,0.22618589841211825,0.2543628210703324,0.2709831768512882,0.2578256386677525,0.14117158740724978,0.2578256386677525
2023-04-06,1416.0,1428.4000244140625,1410.3499755859375,1421.9000244140625,6948465,1421.9000244140625,0.24697862095922676,0.2555219742297912,0.2840463808683463,0.25570014005930386,0.13067974780947875,0.25570014005930386
2023-04-10,1423.949951171875,1434.0,1415.0,1427.5999755859375,4993788,1427.5999755859375,0.2573099415204678,0.26273425568783704,0.28991540124436854,0.2630426000743146,0.09391814687905908,0.2630426000743146
2023-04-11,1428.9000244140625,1433.3499755859375,1389.0,1406.1500244140625,6942255,1406.1500244140625,0.26374278524000977,0.2618970807828977,0.257099545629696,0.23541158990346492,0.13056295636936976,0.23541158990346492
2023-04-12,1413.050048828125,1431.5,1400.0,1428.300048828125,5831169,1428.300048828125,0.24314502619395711,0.259514473142643,0.2709831768512882,0.2639444077623706,0.10966676731543591,0.2639444077623706
2023-04-13,1409.75,1411.050048828125,1383.0,1389.199951171875,11267238,1389.199951171875,0.2388564637142625,0.23317671480933322,0.24952665587246387,0.2135771511022417,0.21190289083263364,0.2135771511022417
2023-04-17,1250.300048828125,1261.1500244140625,1185.300048828125,1258.300048828125,53171705,1258.300048828125,0.03164405153508772,0.04011852195630718,0.0,0.04495688227077534,1.0,0.04495688227077534
2023-04-18,1269.949951171875,1269.949951171875,1253.0999755859375,1259.3499755859375,12430884,1259.3499755859375,0.057179987004548405,0.051452062185823585,0.08557356181422107,0.04630935793336813,0.23378757555357685,0.04630935793336813
2023-04-19,1254.3499755859375,1254.3499755859375,1229.4000244140625,1232.199951171875,11307230,1232.199951171875,0.03690711424829435,0.031360650547001434,0.0556607089014888,0.011335730501180212,0.2126550201841374,0.011335730501180212
2023-04-20,1230.699951171875,1237.8499755859375,1221.4000244140625,1223.4000244140625,8621249,1223.4000244140625,0.006172839506172839,0.010110085748720498,0.045563522558512634,0.0,0.16213978844575325,0.0
2023-04-21,1228.0999755859375,1233.25,1220.0,1227.3499755859375,8691352,1227.3499755859375,0.0027940538194444445,0.004185717308752306,0.0437964841343245,0.005088176664361959,0.1634582152293217,0.005088176664361959
2023-04-24,1228.0,1230.0,1218.0,1226.300048828125,8313774,1226.300048828125,0.002664131030701754,0.0,0.04127218754858046,0.0037357010017691782,0.15635710760074367,0.0037357010017691782
2023-04-25,1225.949951171875,1235.5,1215.0,1224.9000244140625,6808576,1224.9000244140625,0.0,0.007083521599426979,0.0374857426699644,0.001932242871984664,0.12804885605981603,0.001932242871984664
2023-04-26,1228.0,1233.0,1220.550048828125,1227.550048828125,5680192,1227.550048828125,0.002664131030701754,0.003863739054232898,0.044490727323738724,0.005345903395089732,0.10682734360314382,0.005345903395089732
2023-04-27,1230.0,1247.800048828125,1225.4000244140625,1246.25,8020704,1246.25,0.0052632213490903185,0.022924914608159697,0.05061211573000072,0.02943446830063422,0.15084534152139753,0.02943446830063422
2023-04-28,1255.699951171875,1259.0,1244.949951171875,1252.75,10118277,1252.75,0.03866146848602989,0.03734947752425134,0.0752870224131468,0.0378075207459011,0.1902943868360061,0.0378075207459011
2023-05-02,1254.550048828125,1279.75,1254.550048828125,1277.449951171875,8886401,1277.449951171875,0.037167118461663415,0.06407367264936223,0.08740376928138742,0.06962505713938424,0.16712650083347902,0.06962505713938424
2023-05-03,1266.0,1272.5,1262.0999755859375,1269.1500244140625,5549783,1269.1500244140625,0.05204684708008447,0.05473630326829938,0.09693289645006926,0.058933407595532256,0.10437474216785037,0.058933407595532256
2023-05-04,1268.949951171875,1275.800048828125,1262.5,1273.550048828125,4505401,1273.550048828125,0.05588044184535412,0.05898647911433341,0.09743778658138538,0.0646013514692861,0.08473305492084558,0.0646013514692861
2023-05-05,1279.0,1279.0,1254.25,1259.0999755859375,5373791,1259.0999755859375,0.06894093414961014,0.063107737885804,0.08702506316519121,0.04598731745470402,0.10106486147096468,0.04598731745470402
2023-05-08,1262.449951171875,1270.300048828125,1255.199951171875,1265.5999755859375,5260842,1265.5999755859375,0.04743339831059129,0.05190295751490643,0.08822404241508501,0.054360369899970895,0.09894063017162982,0.054360369899970895
2023-05-09,1266.0,1272.0,1260.699951171875,1270.699951171875,4969897,1270.699951171875,0.05204684708008447,0.05409234675926057,0.09516585802588112,0.060929964215453256,0.09346882895705526,0.060929964215453256
2023-05-10,1276.4000244140625,1276.4000244140625,1259.1500244140625,1263.25,6515734,1263.25,0.06556214846288175,0.05975919548199107,0.09320962061443142,0.05133322084979375,0.12254137797537243,0.05133322084979375
2023-05-11,1270.25,1275.9000244140625,1253.050048828125,1256.0999755859375,6888461,1256.0999755859375,0.05756991400666017,0.059115238972952254,0.0855105468420794,0.042122831710734686,0.1295512528703001,0.042122831710734686
2023-05-12,1253.3499755859375,1256.0,1239.050048828125,1245.199951171875,8292212,1245.199951171875,0.035607569089100066,0.03348573847001845,0.0678404707418711,0.028081835391713966,0.1559515911705295,0.028081835391713966
2023-05-15,1249.9000244140625,1268.9000244140625,1245.6500244140625,1258.3499755859375,5534710,1258.3499755859375,0.03112420174423327,0.05009984784640883,0.07617061866065913,0.045021196018711684,0.10409126432940226,0.045021196018711684
2023-05-16,1265.0,1273.949951171875,1262.75,1264.300048828125,5236469,1264.300048828125,0.050747301920890185,0.05660371425813412,0.09775332365460339,0.052685853758714,0.09848224727794604,0.052685853758714
2023-05-17,1260.5999755859375,1260.949951171875,1242.449951171875,1246.9000244140625,10465667,1246.9000244140625,0.04502927149325861,0.0398608450231249,0.07213165168096675,0.030271804994426405,0.1968277488938901,0.030271804994426405
2023-05-18,1258.5999755859375,1259.6500244140625,1242.449951171875,1246.0,6948732,1246.0,0.042430181174870046,0.038186652429190726,0.07213165168096675,0.02911242782197011,0.13068476927719358,0.02911242782197011
2023-05-19,1256.050048828125,1273.300048828125,1252.800048828125,1268.9000244140625,11094136,1268.9000244140625,0.03911643620045484,0.05576669656913933,0.0851950097688614,0.058611367116868145,0.2086473623518373,0.058611367116868145
2023-05-22,1272.949951171875,1295.5999755859375,1270.25,1292.800048828125,7625947,1292.800048828125,0.06107862248213125,0.08448706254270379,0.10721943585114353,0.08939846832642262,0.14342114852250834,0.08939846832642262
2023-05-23,1299.199951171875,1314.1500244140625,1297.050048828125,1300.050048828125,7436031,1300.050048828125,0.09519168291098115,0.1083779119144217,0.1410450717284483,0.09873764220768183,0.139849399224644,0.09873764220768183
2023-05-24,1296.300048828125,1305.0,1291.300048828125,1298.6500244140625,4824077,1298.6500244140625,0.09142312885802469,0.09659347635582244,0.13378771904443418,0.09693418407789732,0.09072639291894063,0.09693418407789732
2023-05-25,1294.5,1307.0,1289.25,1304.3499755859375,4334121,1304.3499755859375,0.08908388411712151,0.09916930239197772,0.13120025341571193,0.10427664409290804,0.08151179278527931,0.10427664409290804
2023-05-26,1306.0,1323.449951171875,1306.0,1317.449951171875,5521606,1317.449951171875,0.10402865344785575,0.12035540865297693,0.15234123732131827,0.12115153372564195,0.10384481746447664,0.12115153372564195
2023-05-29,1332.699951171875,1332.699951171875,1309.8499755859375,1314.4000244140625,4419365,1314.4000244140625,0.1387264457439896,0.13226860407019503,0.15720047743470825,0.11722273423373629,0.08311497628296854,0.11722273423373629
2023-05-30,1315.0,1326.4000244140625,1309.1500244140625,1323.8499755859375,6274719,1323.8499755859375,0.11572455988060429,0.1241548463858727,0.15631703525803245,0.12939580142870868,0.1180086100304664,0.12939580142870868
2023-05-31,1319.8499755859375,1331.0999755859375,1314.1500244140625,1318.300048828125,17800782,1318.300048828125,0.12202732217551981,0.13020797468445974,0.16262777672239254,0.12224659715016191,0.33477922139227995,0.12224659715016191
2023-06-01,1322.550048828125,1329.5,1318.0999755859375,1319.5,4277841,1319.5,0.1255361892868746,0.12814734529872446,0.16761320085090242,0.12379232854921865,0.08045333509617568,0.12379232854921865
2023-06-02,1309.0,1312.9000244140625,1296.050048828125,1299.0,10909311,1299.0,0.1079272889254386,0.10676802064182465,0.13978292343557627,0.09738500929876158,0.2051713594664681,0.09738500929876158
2023-06-05,1304.0,1309.449951171875,1297.300048828125,1304.5,5002553,1304.5,0.10142956312946719,0.10232462639989008,0.14136060880166632,0.104469899829372,0.0940829901918699,0.104469899829372
2023-06-06,1288.5999755859375,1288.5999755859375,1273.0,1279.0,10008100,1279.0,0.0814165359506985,0.07547167141616035,0.1106903436565416,0.07162177100563272,0.18822228852732859,0.07162177100563272
2023-06-07,1290.5,1294.0,1282.5,1288.949951171875,5397578,1288.949951171875,0.08388570348034438,0.08242643315696849,0.12268075243882579,0.08443891915793333,0.10151222346546909,0.08443891915793333
2023-06-08,1286.199951171875,1292.0,1281.0999755859375,1282.800048828125,5034942,1282.800048828125,0.07829759584145549,0.07985060712081322,0.12091371401463766,0.0765168491798582,0.09469212995896972,0.0765168491798582
2023-06-09,1282.5,1282.5,1264.0,1265.949951171875,5339073,1265.949951171875,0.07348934220679013,0.06761543344907571,0.0993310090206934,0.054811195120835154,0.1004119202120752,0.054811195120835154
2023-06-12,1273.5,1295.699951171875,1273.0,1291.949951171875,4785588,1291.949951171875,0.06179343577404159,0.08461582240132262,0.1106903436565416,0.08830340490190267,0.09000253048120237,0.08830340490190267
2023-06-13,1299.9000244140625,1306.5,1297.050048828125,1304.8499755859375,4846587,1304.8499755859375,0.09610145970394737,0.09852534588293889,0.1410450717284483,0.10492072505023627,0.0911497383805917,0.10492072505023627
2023-06-14,1306.3499755859375,1306.699951171875,1293.199951171875,1300.4000244140625,3457981,1300.4000244140625,0.10448346252639701,0.09878286560017659,0.13618567754422178,0.09918846742854609,0.06503423202246383,0.09918846742854609
2023-06-15,1293.949951171875,1293.949951171875,1282.6500244140625,1286.800048828125,6161155,1286.800048828125,0.08836907082521117,0.08236197461968676,0.1228701054969239,0.08166949683848396,0.11587281242909175,0.08166949683848396
2023-06-16,1287.0,1301.5,1281.050048828125,1291.6500244140625,8536287,1291.6500244140625,0.0793372954231644,0.09208578079255073,0.12085069904249597,0.08791705067530221,0.16054190852070666,0.08791705067530221
2023-06-19,1294.0,1299.5,1287.050048828125,1294.0,4451787,1294.0,0.08843411153752437,0.08950995475639546,0.1284235887997281,0.09094419972547936,0.08372473668090952,0.09094419972547936
2023-06-20,1294.0,1305.0,1291.0999755859375,1303.4000244140625,4009180,1303.4000244140625,0.08843411153752437,0.09659347635582244,0.13353519694335786,0.10305295317251542,0.07540062896234002,0.10305295317251542
2023-06-21,1299.949951171875,1303.800048828125,1295.0,1299.3499755859375,4041529,1299.3499755859375,0.09616634178037686,0.09504804362050712,0.13845760609972604,0.09783583451962584,0.07600901644963237,0.09783583451962584
2023-06-22,1289.4000244140625,1289.4000244140625,1273.5,1281.550048828125,6676607,1281.550048828125,0.08245623553240741,0.0765020647170003,0.1113214178029776,0.07490664678653763,0.12556691571203143,0.07490664678653763
2023-06-23,1276.449951171875,1279.3499755859375,1263.3499755859375,1265.0,7239467,1265.0,0.06562703053931124,0.06355847599894225,0.09851058181615929,0.053587504200442525,0.13615262102277895,0.053587504200442525
2023-06-26,1270.25,1274.0,1262.25,1270.3499755859375,3403244,1270.3499755859375,0.05756991400666017,0.05666817279541583,0.09712224950816738,0.060479138994588996,0.06400479352693317,0.060479138994588996
2023-06-27,1280.0,1282.0,1274.199951171875,1279.1500244140625,3240024,1279.1500244140625,0.07024047930880442,0.0669714769400369,0.1122048599796534,0.07181502674209668,0.060935115772571144,0.07181502674209668
2023-06-28,1290.0,1296.699951171875,1281.4000244140625,1293.3499755859375,5662358,1293.3499755859375,0.08323593090074724,0.08590373541940026,0.12129242013083387,0.09010686303168718,0.10649193965098543,0.09010686303168718
2023-06-30,1308.199951171875,1338.9000244140625,1304.449951171875,1335.5,12821692,1335.5,0.10688758934372969,0.1402537591118431,0.15038484583903203,0.14440291918372172,0.241137499728474,0.14440291918372172
2023-07-03,1330.0,1346.0,1328.449951171875,1333.699951171875,7732412,1333.699951171875,0.13521773726851852,0.14939791009700537,0.18067640486796052,0.14208416483880915,0.1454234352650531,0.14208416483880915
2023-07-04,1344.300048828125,1346.0,1331.4000244140625,1345.1500244140625,5797775,1345.1500244140625,0.15380129649935023,0.14939791009700537,0.1843998347744349,0.1568337131094219,0.10903872651817353,0.1568337131094219
2023-07-05,1357.8499755859375,1357.949951171875,1341.0,1347.300048828125,5414936,1347.300048828125,0.17141003822490253,0.16478840777665527,0.196516427571839,0.15960329267519874,0.10183867528791864,0.15960329267519874
2023-07-06,1342.550048828125,1347.449951171875,1337.1500244140625,1343.9000244140625,5963897,1343.9000244140625,0.15152709247076024,0.15126532108684013,0.191657187458449,0.15522351071610135,0.11216298217256716,0.15522351071610135
2023-07-07,1334.0,1345.800048828125,1325.3499755859375,1330.199951171875,6295647,1330.199951171875,0.14041591790529565,0.1491403903797677,0.17676377597422457,0.1375755981375116,0.11840220282573222,0.1375755981375116
2023-07-10,1336.550048828125,1341.9000244140625,1319.300048828125,1329.1500244140625,3940315,1329.1500244140625,0.14372982151559455,0.144117498166076,0.16912787124485076,0.13622312247491883,0.07410548523881264,0.13622312247491883
2023-07-11,1333.449951171875,1350.9000244140625,1327.0,1348.5999755859375,6126128,1348.5999755859375,0.1397011046133853,0.1557087153287747,0.1788463514716307,0.16127780881645565,0.11521405980868961,0.16127780881645565
2023-07-12,1351.0,1351.9000244140625,1327.0,1333.300048828125,8102770,1333.300048828125,0.16250818561159844,0.15699662834685232,0.1788463514716307,0.14156902587000855,0.15238875638838364,0.14156902587000855
2023-07-13,1334.9000244140625,1376.800048828125,1330.8499755859375,1365.0999755859375,9977644,1365.0999755859375,0.14158554027574724,0.1890656939401743,0.18370559158502067,0.18253248040828696,0.18764950268192454,0.18253248040828696
2023-07-14,1380.6500244140625,1430.0,1380.6500244140625,1425.949951171875,12833381,1425.949951171875,0.20103973130888564,0.25758260361552654,0.24656063819838192,0.260917101465866,0.24135733469521053,0.260917101465866
2023-07-17,1425.949951171875,1458.949951171875,1414.300048828125,1422.949951171875,11569884,1422.949951171875,0.2599090318388564,0.29486762260249616,0.2890319590676927,0.25705261572189664,0.21759475269788697,0.25705261572189664
2023-07-18,1434.0,1477.949951171875,1429.0,1475.199951171875,16743977,1475.199951171875,0.27037043382472387,0.3193379699459712,0.3075854773445768,0.3243590757626958,0.31490389484407166,0.3243590757626958
2023-07-19,1486.0,1498.800048828125,1460.699951171875,1474.949951171875,13687062,1474.949951171875,0.3379467821028265,0.3461910821456455,0.34759551660028526,0.32403703528403166,0.25741250915312947,0.32403703528403166
2023-07-20,1471.0,1471.0,1440.699951171875,1449.5,8347221,1449.5,0.3184536047149123,0.31038703735670947,0.32235255074284486,0.2912533774545562,0.15698614516875092,0.2912533774545562
2023-07-21,1320.199951171875,1350.0,1305.0,1331.5999755859375,45548305,1331.5999755859375,0.12248213125406107,0.15454956216931592,0.15107908902844625,0.1393790562672961,0.856626752894232,0.1393790562672961
2023-07-24,1341.0,1349.9000244140625,1334.25,1336.5999755859375,8859789,1336.5999755859375,0.14951273401965562,0.15442080231069708,0.18799692659495285,0.14581986584057832,0.16662600907757236,0.14581986584057832
2023-07-25,1337.0,1342.8499755859375,1324.25,1334.5999755859375,6801982,1334.5999755859375,0.1443145533828785,0.1453409526468719,0.17537544366623264,0.14324354201126543,0.12792484273355537,0.14324354201126543
2023-07-26,1343.0,1350.0,1339.4000244140625,1348.8499755859375,5528885,1348.8499755859375,0.15211182433804418,0.15454956216931592,0.19449702111741107,0.16159984929511975,0.10398171358244014,0.16159984929511975
2023-07-27,1358.5999755859375,1363.800048828125,1347.050048828125,1353.1500244140625,9191861,1353.1500244140625,0.17238469709429824,0.17232282470516508,0.20415248637204933,0.16713900842667345,0.1728712855831875,0.16713900842667345
2023-07-28,1353.8499755859375,1363.8499755859375,1336.0,1340.5,6122735,1340.5,0.1662118575881254,0.17238712602650222,0.1902056861074789,0.15084372875700394,0.11515024767402136,0.15084372875700394
2023-07-31,1348.75,1357.5,1333.25,1355.699951171875,7902180,1355.699951171875,0.1595842090034113,0.16420890980489816,0.18673477830208082,0.17042372696125088,0.14861626122389718,0.17042372696125088
2023-08-01,1362.0,1369.0,1357.0,1365.199951171875,6064652,1365.199951171875,0.17680318236273554,0.17901990951279093,0.21671080025779133,0.18266126515048708,0.11405788097259624,0.18266126515048708
2023-08-02,1369.300048828125,1371.949951171875,1348.449951171875,1356.8499755859375,7419145,1356.8499755859375,0.18628992547920728,0.18281919002974212,0.20591937072540092,0.1719051446123713,0.13953182430392255,0.1719051446123713
2023-08-03,1350.0,1366.550048828125,1349.0,1364.300048828125,6503741,1364.300048828125,0.16120864045240416,0.17586458550487857,0.20661361391481517,0.18150204522435828,0.12231582568209916,0.18150204522435828
2023-08-04,1368.9000244140625,1385.9000244140625,1362.0,1378.3499755859375,5712345,1378.3499755859375,0.18577007568835283,0.20078567096149183,0.22302154172215144,0.1996006257774848,0.10743204491937958,0.1996006257774848
2023-08-07,1387.9000244140625,1395.0,1377.0,1393.0,3729093,1393.0,0.21046143371304418,0.21250564798280938,0.24195376611523173,0.2184722292764672,0.07013303410150191,0.2184722292764672
2023-08-08,1392.8499755859375,1393.550048828125,1384.4000244140625,1390.199951171875,4161877,1390.199951171875,0.2168941187967024,0.21063823699297465,0.251293694296652,0.21486531301689815,0.07827240070635312,0.21486531301689815
2023-08-09,1384.0,1396.0,1382.5,1394.4000244140625,4090828,1394.4000244140625,0.20539317586500974,0.213793561000887,0.24889558172602785,0.2202756874062517,0.07693618250533812,0.2202756874062517
2023-08-10,1391.5999755859375,1395.800048828125,1385.5999755859375,1389.0999755859375,3873025,1389.0999755859375,0.21526968734770954,0.2135360412836493,0.25280821061976383,0.21344836636004158,0.0728399625327042,0.21344836636004158
2023-08-11,1392.0,1396.8499755859375,1367.050048828125,1371.8499755859375,5783517,1371.8499755859375,0.215789537138564,0.21488825562306407,0.22939545222948973,0.19122757333221793,0.10877057638080254,0.19122757333221793
2023-08-14,1371.8499755859375,1395.0,1365.5999755859375,1393.550048828125,4304135,1393.550048828125,0.18960367045362247,0.21250564798280938,0.2275652447623234,0.21918078122805923,0.08094784622761297,0.21918078122805923
2023-08-16,1410.800048828125,1419.949951171875,1405.4000244140625,1418.5,7735313,1418.5,0.24022104958576998,0.24463901489746848,0.2777988084469644,0.2513203581002065,0.1454779943580895,0.2513203581002065
2023-08-17,1420.0,1420.0,1406.0,1411.550048828125,5618346,1411.550048828125,0.2521768015960039,0.24470347343475018,0.27855606660852034,0.2423676956918752,0.10566420617883139,0.2423676956918752
2023-08-18,1403.699951171875,1408.699951171875,1386.1500244140625,1388.800048828125,5134103,1388.800048828125,0.2309941520467836,0.23014999344409512,0.253502453809178,0.21306201213344111,0.09655705040867131,0.21306201213344111
2023-08-21,1389.75,1407.0,1387.1500244140625,1405.4000244140625,3032722,1405.4000244140625,0.21286556053037686,0.22796060419974098,0.25476460210205004,0.23444546846747258,0.05703638805639202,0.23444546846747258
2023-08-22,1404.699951171875,1406.050048828125,1396.6500244140625,1403.75,2890714,1403.75,0.2322936972059779,0.22673714971894507,0.26675501088433423,0.23231996985902395,0.05436564428392883,0.23231996985902395
2023-08-23,1416.0,1416.5999755859375,1405.6500244140625,1407.949951171875,2559125,1407.949951171875,0.24697862095922676,0.24032453773009732,0.27811434552018244,0.23773018700205,0.04812945155698881,0.23773018700205
2023-08-24,1421.5,1425.050048828125,1414.449951171875,1423.5999755859375,5171963,1423.5999755859375,0.25412611933479534,0.25120749706242007,0.2892211580549543,0.25788995241568885,0.09726908324643718,0.25788995241568885
2023-08-25,1413.0,1422.5,1411.4000244140625,1420.0999755859375,4307172,1420.0999755859375,0.24307998548164392,0.24792325597994427,0.28537169820419656,0.2533813857143913,0.08100496307199477,0.2533813857143913
2023-08-28,1420.0999755859375,1424.800048828125,1411.4000244140625,1415.6500244140625,3133464,1415.6500244140625,0.2523067243847466,0.25088551880790066,0.28537169820419656,0.24764912809270112,0.058931042365483674,0.24764912809270112
2023-08-29,1424.0,1424.4000244140625,1415.300048828125,1417.6500244140625,3074444,1417.6500244140625,0.25737498223278105,0.2503703221574807,0.2902941073605647,0.250225451922014,0.05782105350956867,0.250225451922014
2023-08-30,1427.0,1436.6500244140625,1424.0,1435.1500244140625,3070887,1435.1500244140625,0.2612736177103639,0.2661472566289317,0.3012747358802167,0.27276828542850173,0.05775415702768982,0.27276828542850173
2023-08-31,1435.1500244140625,1444.9000244140625,1428.6500244140625,1435.449951171875,9792735,1435.449951171875,0.271864942484974,0.27677253902807214,0.3071437562562389,0.27315463965510217,0.18417192000895966,0.27315463965510217
2023-09-01,1430.949951171875,1446.0,1428.199951171875,1443.8499755859375,3582133,1443.8499755859375,0.2664067576348278,0.27818921190476864,0.3065756970819446,0.2839752311874818,0.06736915808887453,0.2839752311874818
2023-09-04,1443.0,1470.0,1434.699951171875,1465.0999755859375,4609014,1465.0999755859375,0.2820663402574724,0.30909912433863185,0.3147796609856127,0.3113486718739312,0.08668170411311805,0.3113486718739312
2023-09-05,1465.0,1480.050048828125,1456.5,1478.9000244140625,5496840,1478.9000244140625,0.3106563337597466,0.32204271305668986,0.34229455539855735,0.32912536919472113,0.10337904342168452,0.32912536919472113
2023-09-06,1481.9000244140625,1482.9000244140625,1463.300048828125,1477.449951171875,5075786,1477.449951171875,0.3326186786773067,0.3257132337150222,0.3508772254184217,0.3272574400706728,0.0954602828703725,0.3272574400706728
2023-09-07,1470.5999755859375,1473.4000244140625,1462.050048828125,1466.199951171875,4411743,1466.199951171875,0.31793375492405784,0.3134780600432847,0.3492995400523317,0.3127656185307878,0.08297162936565604,0.3127656185307878
2023-09-08,1463.5,1474.75,1460.199951171875,1469.5999755859375,3125838,1469.5999755859375,0.3087070160209552,0.31521671117450056,0.3469644424538492,0.3171454004898852,0.05878762022019042,0.3171454004898852
2023-09-11,1469.5999755859375,1478.050048828125,1464.5,1476.449951171875,4182226,1476.449951171875,0.31663420976486356,0.3194668870205346,0.35239174174153354,0.32596927815601634,0.0786551042514059,0.32596927815601634
2023-09-12,1482.5,1504.0,1477.0999755859375,1501.0999755859375,6793161,1501.0999755859375,0.33339837404564654,0.35288816695327135,0.3682947794175537,0.35772250080156315,0.1277589462290141,0.35772250080156315
2023-09-13,1505.0,1505.0,1488.6500244140625,1498.3499755859375,4804686,1498.3499755859375,0.3626381401275179,0.354176079971349,0.3828726538285601,0.3541800555362579,0.09036170647527665,0.3541800555362579
2023-09-14,1505.0,1512.550048828125,1499.1500244140625,1506.949951171875,6444213,1506.949951171875,0.3626381401275179,0.3638998861442129,0.3961252109037164,0.36525821655303786,0.12119628287262935,0.36525821655303786
2023-09-15,1518.0,1518.4000244140625,1509.0,1511.5999755859375,8657816,1511.5999755859375,0.37953222719704355,0.37143414585677814,0.4085573407743385,0.3712482009054558,0.1628275038387428,0.3712482009054558
2023-09-18,1504.9000244140625,1504.9000244140625,1488.0,1491.800048828125,3991916,1491.800048828125,0.3625082173387752,0.3540473201127301,0.38205222662402605,0.34574268934305474,0.07507594499743801,0.34574268934305474
2023-09-20,1476.199951171875,1495.0999755859375,1476.199951171875,1490.25,4169337,1490.25,0.3252111760883691,0.3414257096491915,0.3671588151398016,0.34374597547680624,0.0784127008904454,0.34374597547680624
2023-09-21,1486.550048828125,1504.550048828125,1476.0,1501.75,6779195,1501.75,0.33866159539473684,0.3535965819995919,0.3669064471095618,0.35855983749535536,0.1274962877342376,0.35855983749535536
2023-09-22,1491.9000244140625,1506.949951171875,1485.199951171875,1496.1500244140625,5455613,1496.1500244140625,0.34561413026924953,0.3566874474702225,0.37851814977564974,0.3513461622225448,0.10260368743112526,0.3513461622225448
2023-09-25,1489.8499755859375,1489.8499755859375,1471.550048828125,1474.1500244140625,4217863,1474.1500244140625,0.34294999923854774,0.3346641663042839,0.3612899488346159,0.323006600100103,0.07932532913887189,0.323006600100103
2023-09-26,1479.1500244140625,1479.9000244140625,1459.0,1460.6500244140625,3996528,1460.6500244140625,0.3290449294895224,0.3218494946607893,0.34544992613073744,0.305616414252241,0.07516268285923876,0.305616414252241
2023-09-27,1456.0,1469.5999755859375,1450.050048828125,1467.0,3863586,1467.0,0.29896042732699807,0.30858392768821186,0.33415376053786744,0.31379621096104393,0.07266244330513758,0.31379621096104393
2023-09-28,1467.9000244140625,1472.5999755859375,1435.0,1439.449951171875,5814602,1439.449951171875,0.31442504644858676,0.31244766674244473,0.31515836710180894,0.27830728731372795,0.10935519182617898,0.27830728731372795
2023-09-29,1432.0999755859375,1446.800048828125,1416.0,1435.449951171875,6068968,1435.449951171875,0.267901266295078,0.27921960520560857,0.29117754953724057,0.27315463965510217,0.11413905196382174,0.27315463965510217
2023-10-03,1436.050048828125,1437.0,1420.300048828125,1434.0,4181867,1434.0,0.2730345648554256,0.26659799474206997,0.2966048488249248,0.27128686777738137,0.07864835254013389,0.27128686777738137
2023-10-04,1425.0,1449.949951171875,1418.199951171875,1444.3499755859375,4510406,1444.3499755859375,0.25867452739197533,0.28327640543979743,0.29395421415322437,0.28461931214481,0.08482718393175467,0.28461931214481
2023-10-05,1452.0,1475.6500244140625,1450.199951171875,1463.449951171875,7384621,1463.449951171875,0.29376224669022094,0.31637586433395937,0.33434295952512905,0.3092231732654826,0.13888253160209926,0.3092231732654826
2023-10-06,1469.5,1484.5,1463.300048828125,1478.699951171875,3598672,1478.699951171875,0.3165042869761209,0.3277738631007575,0.3508772254184217,0.32886764246399336,0.06768020698226622,0.32886764246399336
2023-10-09,1464.9000244140625,1491.0,1462.199951171875,1475.449951171875,3567552,1475.449951171875,0.3105264109710039,0.3361452977182621,0.34948873903959327,0.3246811162413599,0.06709493329205825,0.3246811162413599
2023-10-10,1483.9000244140625,1497.0,1469.0999755859375,1495.1500244140625,5688951,1495.1500244140625,0.3352177689956953,0.3438727758267279,0.35819759307457755,0.3500580003078883,0.10699207407398352,0.3500580003078883
2023-10-11,1497.0,1518.25,1481.449951171875,1494.4000244140625,7220129,1494.4000244140625,0.3522417788539636,0.3712409274608776,0.37378509367737967,0.34909187887189597,0.13578893134985986,0.34909187887189597
2023-10-12,1491.9000244140625,1504.4000244140625,1452.0,1465.5,11081662,1465.5,0.34561413026924953,0.3534033636036913,0.3366148880806333,0.3118639680890593,0.20841276389387928,0.3118639680890593
2023-10-13,1405.0,1438.0,1400.0,1431.1500244140625,17973439,1431.1500244140625,0.23268362420808966,0.2678859077601476,0.2709831768512882,0.26761563776987596,0.33802638076021824,0.26761563776987596
2023-10-16,1432.0999755859375,1443.5999755859375,1430.0,1434.1500244140625,4850745,1434.1500244140625,0.267901266295078,0.2750981892181934,0.30884762563744883,0.2714801235138453,0.09122793786657772,0.2714801235138453
2023-10-17,1440.25,1453.3499755859375,1438.050048828125,1442.449951171875,3923764,1442.449951171875,0.2784925910696881,0.28765534114445035,0.3190079810234032,0.2821717730576973,0.07379421066147869,0.2821717730576973
2023-10-18,1442.0,1454.0,1438.3499755859375,1440.550048828125,4264837,1440.550048828125,0.2807667950982781,0.2884925160493897,0.3193865330687629,0.279724391216912,0.08020876893076873,0.279724391216912
2023-10-19,1426.0999755859375,1439.6500244140625,1426.0999755859375,1433.6500244140625,6795691,1433.6500244140625,0.2601039953399123,0.2700109956831646,0.3039252164810806,0.2708360425565171,0.12780652792683628,0.2708360425565171
2023-10-20,1430.0,1438.5,1425.25,1427.25,3928622,1427.25,0.26517225318794674,0.2685298642691864,0.30285242124630674,0.26259177485345037,0.07388557504409535,0.26259177485345037
2023-10-23,1425.5999755859375,1432.3499755859375,1405.25,1408.6500244140625,2636516,1408.6500244140625,0.25945422276031516,0.26060916776482,0.27760945538886633,0.23863199469010601,0.049584943721477426,0.23863199469010601
2023-10-25,1399.0,1402.550048828125,1361.300048828125,1370.050048828125,6940777,1370.050048828125,0.22488635325292397,0.22222945415567333,0.22213809954547561,0.1889089762336328,0.13053515963048393,0.1889089762336328
2023-10-26,1355.050048828125,1374.0,1353.0999755859375,1359.449951171875,6357656,1359.449951171875,0.16777140696068876,0.1854594746031791,0.21178839110142314,0.17525433414121255,0.11956840579026007,0.17525433414121255
2023-10-27,1363.6500244140625,1385.0,1363.6500244140625,1380.3499755859375,4634358,1380.3499755859375,0.17894746360258285,0.19962651780203305,0.22510411721955756,0.2021769496067977,0.08715834859912805,0.2021769496067977
2023-10-30,1380.3499755859375,1380.3499755859375,1363.0999755859375,1377.050048828125,2667696,1377.050048828125,0.20064980430677387,0.19363769082478313,0.22440987403014334,0.19792610963622792,0.050171345831396603,0.19792610963622792
2023-10-31,1379.949951171875,1381.1500244140625,1363.0,1368.4000244140625,3451595,1368.4000244140625,0.20012995451591942,0.1946680841256231,0.22428369001502343,0.18678347762518419,0.064914130551202,0.18678347762518419
2023-11-01,1373.050048828125,1377.449951171875,1351.6500244140625,1354.1500244140625,3090672,1354.1500244140625,0.19116321982618584,0.18990271162916908,0.2099583377050933,0.1684271703413299,0.05812625342745733,0.1684271703413299
2023-11-02,1370.0,1376.300048828125,1361.6500244140625,1370.1500244140625,3758060,1370.1500244140625,0.1871995436362898,0.1884217374311355,0.2225798206338135,0.18903776097583297,0.07067781633107308,0.18903776097583297
2023-11-03,1380.050048828125,1392.0,1377.75,1389.050048828125,3349045,1389.050048828125,0.2002600359405458,0.20864190892857648,0.24290037733488576,0.21338405261210522,0.06298547319481292,0.21338405261210522
2023-11-06,1393.9000244140625,1407.25,1390.800048828125,1403.300048828125,2736381,1403.300048828125,0.21825870466820987,0.2282825824542604,0.25937147418520023,0.23174035989595954,0.0514631042957904,0.23174035989595954
2023-11-07,1400.0,1405.9000244140625,1394.8499755859375,1404.300048828125,2272209,1404.300048828125,0.22618589841211825,0.22654393132304448,0.26448308232883,0.23302852181061598,0.0427334237260212,0.23302852181061598
2023-11-08,1405.0,1405.0,1386.449951171875,1391.0,3550635,1391.0,0.23268362420808966,0.2253847781635857,0.2538810058545377,0.2158959054471543,0.066776775354486,0.2158959054471543
2023-11-09,1395.9000244140625,1397.5,1370.050048828125,1374.800048828125,5498051,1374.800048828125,0.22085779498659844,0.21572543052800347,0.2331818971081058,0.19502774532825093,0.10340181869285553,0.19502774532825093
2023-11-10,1369.949951171875,1373.1500244140625,1361.0,1368.8499755859375,2943649,1368.8499755859375,0.1871345029239766,0.18436477998100204,0.22175939342927942,0.1873630875882486,0.055361192574133175,0.1873630875882486
2023-11-13,1379.8499755859375,1382.449951171875,1370.8499755859375,1373.550048828125,3462092,1373.550048828125,0.20000003172717673,0.19634227671955726,0.2341915232999015,0.19341754293493038,0.06511154757967608,0.19341754293493038
2023-11-15,1399.0,1414.0,1393.0,1410.5,8551860,1410.5,0.22488635325292397,0.2369759953262844,0.26214813880118404,0.24101506278295493,0.16083478985674807,0.24101506278295493
2023-11-16,1416.0999755859375,1453.4000244140625,1410.5999755859375,1444.9000244140625,6673907,1444.9000244140625,0.24710854374796945,0.28771979968173206,0.28436191794156435,0.28532786409640204,0.12551613682502752,0.28532786409640204
2023-11-17,1441.050048828125,1451.0,1435.050048828125,1437.550048828125,4901251,1437.550048828125,0.279532290651397,0.2846287769951568,0.31522153614478715,0.2758599054729427,0.09217780396547375,0.2758599054729427
2023-11-20,1442.0,1452.0,1433.6500244140625,1436.5999755859375,3584210,1436.5999755859375,0.2807667950982781,0.28591669001323444,0.313454497720599,0.2746360573062226,0.06740822021787715,0.2746360573062226
2023-11-21,1442.0,1450.0,1436.75,1439.0,3793135,1439.0,0.2807667950982781,0.2833408639770792,0.31736712661433497,0.27772767735066356,0.07133747168724418,0.27772767735066356
2023-11-22,1436.199951171875,1458.949951171875,1436.199951171875,1457.800048828125,3108786,1457.800048828125,0.2732293697205978,0.29486762260249616,0.3166728834249207,0.30194518424473565,0.05846692333826797,0.30194518424473565
2023-11-23,1467.9000244140625,1467.9000244140625,1447.699951171875,1449.25,3186928,1449.25,0.31442504644858676,0.3063945384438577,0.33118758879294896,0.2909313369758921,0.05993653955614175,0.2909313369758921
2023-11-24,1445.550048828125,1452.6500244140625,1433.8499755859375,1437.4000244140625,2973195,1437.4000244140625,0.2853802438677713,0.28675386491817384,0.3137068657508388,0.27566664973647875,0.055916864053917395,0.27566664973647875
2023-11-28,1444.0,1445.0,1427.050048828125,1442.699951171875,3755373,1442.699951171875,0.2833658854166667,0.276901298886691,0.30512434980181097,0.2824938135363614,0.0706272819350066,0.2824938135363614
2023-11-29,1451.0999755859375,1460.699951171875,1449.800048828125,1459.5999755859375,3875778,1459.5999755859375,0.29259262431976935,0.297121470384132,0.3338382234646495,0.30426378134332077,0.07289173819045298,0.30426378134332077
2023-11-30,1453.25,1460.6500244140625,1449.550048828125,1455.1500244140625,10120867,1455.1500244140625,0.29538667813921377,0.2970571690627949,0.33352268639143146,0.2985315237216306,0.1903430969535395,0.2985315237216306
2023-12-01,1459.9000244140625,1459.9000244140625,1446.1500244140625,1452.300048828125,3489187,1452.300048828125,0.3040286851750325,0.29609123429923667,0.3292313513814993,0.29486029371412525,0.06562112311425786,0.29486029371412525
2023-12-04,1460.449951171875,1471.9000244140625,1449.300048828125,1464.3499755859375,5511948,1464.3499755859375,0.3047433398310591,0.3115461905161682,0.33320714931821344,0.3103825504379389,0.10366317950496415,0.3103825504379389
2023-12-05,1465.800048828125,1466.9000244140625,1442.0,1453.949951171875,5123039,1453.949951171875,0.3116960333414555,0.3051066254257801,0.32399340515191305,0.29698563507624637,0.0963489698139264,0.29698563507624637
2023-12-06,1456.75,1477.0,1451.050048828125,1474.300048828125,5269178,1474.300048828125,0.29993508619639375,0.3181145154651753,0.33541590883073946,0.32319985583656696,0.09909740528350558,0.32319985583656696
2023-12-07,1472.8499755859375,1472.8499755859375,1461.800048828125,1465.9000244140625,4424453,1465.9000244140625,0.32085773153224495,0.31276964499696414,0.3489840029791137,0.3123792643041874,0.08321066627447812,0.3123792643041874
2023-12-08,1470.4000244140625,1494.699951171875,1466.25,1491.1500244140625,6323433,1491.1500244140625,0.31767390934657247,0.3409105129987715,0.35460050125405956,0.34490535264926253,0.11892477399398797,0.34490535264926253
2023-12-11,1490.0,1498.0,1482.0,1488.5,3862018,1488.5,0.34314496273960365,0.34516068884480555,0.3744793368667939,0.3414916921261575,0.07263295393668494,0.3414916921261575
2023-12-12,1477.5,1490.0,1467.6500244140625,1476.050048828125,6103494,1476.050048828125,0.32690064824967513,0.3348573847001845,0.3563675396782477,0.3254541391872158,0.11478838227963538,0.3254541391872158
2023-12-13,1476.0,1476.050048828125,1433.1500244140625,1449.0,8549258,1449.0,0.3249513305108837,0.31689106098437936,0.312823423574163,0.290609296497228,0.16078585405527243,0.290609296497228
2023-12-14,1463.4000244140625,1511.0,1461.3499755859375,1501.449951171875,12489858,1501.449951171875,0.3085770932322125,0.3619035580798148,0.3484159438048194,0.3581733260224274,0.23489669928771326,0.3581733260224274
2023-12-15,1523.050048828125,1588.550048828125,1521.0,1578.4000244140625,18395389,1578.4000244140625,0.3860949937053281,0.461781275518113,0.4237031202888027,0.4572974797030372,0.3459619923792175,0.4572974797030372
2023-12-18,1567.949951171875,1593.0,1560.300048828125,1564.3499755859375,6467243,1564.3499755859375,0.4444444444444444,0.46751242556218064,0.4733056098270077,0.43919874190358316,0.12162940797177747,0.43919874190358316
2023-12-19,1570.0999755859375,1573.949951171875,1543.25,1558.300048828125,4221721,1558.300048828125,0.4472384982638889,0.4429776196814239,0.45178591980520516,0.4314054566677082,0.0793978865263019,0.4314054566677082
2023-12-20,1565.050048828125,1583.5,1530.0,1536.4000244140625,6592367,1536.4000244140625,0.44067589039148797,0.4552772518904431,0.4350624549246509,0.40319467928746655,0.12398261443750958,0.40319467928746655
2023-12-21,1521.25,1546.6500244140625,1521.25,1536.0,5319038,1536.0,0.38375574896442494,0.4078176886174713,0.4240186573620207,0.4026793830723385,0.10003512206351103,0.4026793830723385
2023-12-22,1534.949951171875,1566.0,1523.0,1562.9000244140625,6741060,1562.9000244140625,0.4015594541910331,0.43273877407408456,0.42622741687454674,0.4373309700258623,0.1267790829727954,0.4373309700258623
2023-12-26,1535.0,1548.0,1523.0,1543.949951171875,6878067,1543.949951171875,0.40162449490334634,0.40955633974868716,0.42622741687454674,0.41292020739532626,0.12935577296233025,0.41292020739532626
2023-12-27,1544.0,1570.0,1544.0,1567.0999755859375,4225849,1567.0999755859375,0.4133204013360949,0.43789042614639506,0.45273253102485916,0.4427411871688884,0.07947552180243232,0.4427411871688884
2023-12-28,1568.949951171875,1568.949951171875,1555.0,1562.6500244140625,5702253,1562.6500244140625,0.4457439896036387,0.43653805459103573,0.4666161622464514,0.43700892954719817,0.10724224472395609,0.43700892954719817
2023-12-29,1541.050048828125,1559.449951171875,1540.0,1542.9000244140625,4388990,1542.9000244140625,0.4094868065708252,0.42430288091929824,0.4476839378533711,0.4115677317327334,0.0825437138041746,0.4115677317327334
2024-01-01,1539.0,1557.0,1535.25,1551.3499755859375,2808451,1551.3499755859375,0.40682267554012347,0.42114755691138583,0.441688733462229,0.4224526370130494,0.05281852443889095,0.4224526370130494
2024-01-02,1546.0,1549.1500244140625,1523.0,1534.4000244140625,5396313,1534.4000244140625,0.41591949165448344,0.41103747116266537,0.42622741687454674,0.40061835545815366,0.101488432616558,0.40061835545815366
2024-01-03,1519.949951171875,1519.949951171875,1488.0,1490.0,7550363,1490.0,0.3820662768031189,0.37343031670523175,0.38205222662402605,0.3434239349981421,0.14199964059832199,0.3434239349981421
2024-01-04,1504.949951171875,1519.75,1492.9000244140625,1512.699951171875,7056038,1512.699951171875,0.36257309941520466,0.37317279698799405,0.38823678407326623,0.3726651475623124,0.13270287270269027,0.3726651475623124
2024-01-05,1506.75,1539.699951171875,1506.25,1532.550048828125,8895403,1532.550048828125,0.36491234415610785,0.398866598812265,0.4050864329689404,0.3982352873653048,0.16729580140414907,0.3982352873653048
2024-01-08,1528.949951171875,1536.0,1513.25,1522.800048828125,4440136,1522.800048828125,0.3937621832358674,0.39410138353175556,0.41392147101904453,0.3856757086974044,0.08350561637999007,0.3856757086974044
2024-01-09,1541.9000244140625,1553.0,1525.8499755859375,1529.300048828125,4412074,1529.300048828125,0.4105913882289636,0.41599590483907534,0.4298245086950647,0.39404876114267134,0.08297785448106282,0.39404876114267134
2024-01-10,1524.949951171875,1535.449951171875,1505.0,1519.9000244140625,4096845,1519.9000244140625,0.3885640025990903,0.39339296848543504,0.4035087476028504,0.38194000769563524,0.0770493441953761,0.38194000769563524
2024-01-11,1524.9000244140625,1525.0,1486.5999755859375,1494.199951171875,11296088,1494.199951171875,0.38849912052266083,0.37993434033290163,0.38028518819983786,0.3488341521411682,0.21244547264376795,0.3488341521411682
2024-01-12,1562.0,1618.0,1555.4000244140625,1612.75,26754401,1612.75,0.43671221420159195,0.4997102510141215,0.4671210523777675,0.5015458100222204,0.503169890828214,0.5015458100222204
2024-01-15,1644.949951171875,1664.949951171875,1636.0,1652.0999755859375,13228305,1652.0999755859375,0.5445094217024041,0.5601777043264885,0.5688501739690851,0.552234949914686,0.24878466846229588,0.552234949914686
2024-01-16,1644.800048828125,1648.5,1625.0,1631.550048828125,6500917,1631.550048828125,0.5443146168372319,0.5389915980654892,0.5549665427474928,0.5257633169162926,0.12226271472769211,0.5257633169162926
2024-01-17,1620.25,1647.5,1620.25,1640.199951171875,9209876,1640.199951171875,0.5124107197246589,0.5377036850474116,0.5489713383563507,0.5369057916810088,0.17321009360147469,0.5369057916810088
2024-01-18,1642.6500244140625,1649.0,1628.25,1642.5999755859375,6375464,1642.5999755859375,0.5415205630177875,0.539635554574528,0.5590685246993269,0.5399974117254498,0.11990332076054361,0.5399974117254498
2024-01-19,1651.5999755859375,1665.5,1644.1500244140625,1659.199951171875,4522736,1659.199951171875,0.5531514287382229,0.560886119372809,0.5791367133701594,0.5613808680594813,0.08505907418240585,0.5613808680594813
2024-01-23,1650.0999755859375,1674.699951171875,1637.699951171875,1642.1500244140625,9401255,1642.1500244140625,0.5512021109994314,0.5727348562527453,0.5709957644386329,0.5394178017623854,0.17680935753329707,0.5394178017623854
2024-01-24,1659.9000244140625,1680.0,1645.0,1675.4000244140625,8999681,1675.4000244140625,0.5639377170138888,0.5795608581349346,0.5802095086049333,0.5822491854247122,0.16925695724822065,0.5822491854247122
2024-01-25,1672.949951171875,1680.550048828125,1658.0,1669.0999755859375,8865304,1669.0999755859375,0.580896686159844,0.5802692731812552,0.5966174364122695,0.5741337024638455,0.16672972965602664,0.5741337024638455
2024-01-29,1665.1500244140625,1679.3499755859375,1647.5999755859375,1656.5999755859375,4253785,1656.5999755859375,0.5707603290996589,0.5787236832299953,0.5834910633522332,0.55803167853064,0.08000091401996608,0.55803167853064
2024-01-30,1662.449951171875,1690.0,1648.25,1651.449951171875,4995943,1651.449951171875,0.5672514619883041,0.592439988315711,0.5843114905567673,0.5513976132208939,0.09395867595368627,0.5513976132208939
2024-01-31,1648.25,1667.25,1638.0999755859375,1660.9000244140625,6763779,1660.9000244140625,0.5487979841820988,0.5631399671544448,0.571500654569949,0.5635708376621937,0.12720635909644049,0.5635708376621937
2024-02-01,1659.550048828125,1677.0,1650.3499755859375,1657.050048828125,5760011,1657.050048828125,0.5634829079353476,0.5756971190807018,0.5869619711576313,0.5586114457400319,0.10832849915194558,0.5586114457400319
2024-02-02,1666.050048828125,1718.5,1665.0,1693.3499755859375,7858483,1693.3499755859375,0.5719299514701105,0.6291455093309235,0.6054524744623737,0.6053716288942642,0.14779445195522695,0.6053716288942642
2024-02-05,1694.75,1700.75,1681.8499755859375,1687.199951171875,3634135,1687.199951171875,0.6092268340846329,0.6062850532600456,0.6267196423831,0.5974494016698616,0.06834715945256975,0.5974494016698616
2024-02-06,1686.75,1733.0,1673.949951171875,1729.449951171875,7694265,1729.449951171875,0.5988304728110786,0.6478202480930492,0.6167486400552437,0.6518742425640963,0.14470600481966867,0.6518742425640963
2024-02-07,1729.0,1729.0,1686.8499755859375,1693.75,4613877,1693.75,0.6537362557870371,0.6426685960207387,0.63303038384746,0.6058869251093923,0.08677316253071064,0.6058869251093923
2024-02-08,1698.0,1706.3499755859375,1682.800048828125,1692.0999755859375,5919715,1692.0999755859375,0.6134503558520142,0.6134973347180914,0.6279187757038303,0.6037614265009437,0.11133205151123139,0.6037614265009437
2024-02-09,1684.699951171875,1692.9000244140625,1659.800048828125,1669.3499755859375,4600004,1669.3499755859375,0.5961663417803769,0.596174967511325,0.5988893649677738,0.5744557429425097,0.08651225308648651,0.5744557429425097
2024-02-12,1670.3499755859375,1692.949951171875,1670.3499755859375,1680.0999755859375,3555808,1680.0999755859375,0.5775179004731157,0.5962392688326622,0.6122049370150717,0.5883034835250665,0.06687406394058644,0.5883034835250665
2024-02-13,1683.0,1689.0999755859375,1663.5,1684.550048828125,2696481,1684.550048828125,0.5939571784641,0.5912808351562522,0.6035592520230656,0.594035898393084,0.0507127051878438,0.594035898393084
2024-02-14,1660.199951171875,1669.449951171875,1635.5,1666.199951171875,3768579,1666.199951171875,0.564327485380117,0.5659733129078378,0.5682190998226491,0.5703980014620763,0.07087564711344126,0.5703980014620763
2024-02-15,1677.0,1687.75,1661.5999755859375,1676.3499755859375,4834391,1676.3499755859375,0.5861599075089343,0.5895421840250363,0.6011611394524415,0.5834728763451047,0.09092036826729555,0.5834728763451047
2024-02-16,1689.0,1709.0,1687.949951171875,1701.6500244140625,4880654,1701.6500244140625,0.6017544494192657,0.6169103356591861,0.634418716155452,0.6160634356844438,0.09179043628561469,0.6160634356844438
2024-02-19,1705.0,1711.5,1687.699951171875,1699.75,3690993,1699.75,0.6225471719663743,0.6201301182043801,0.6341031790822339,0.613615896597331,0.06941648758489125,0.613615896597331
2024-02-20,1685.0,1694.25,1668.75,1685.25,3706389,1685.25,0.5965562687824886,0.5979136186425409,0.6101855305606437,0.5949375488348125,0.06970604008278464,0.5949375488348125
2024-02-21,1674.0,1674.0,1645.300048828125,1655.550048828125,4300508,1655.550048828125,0.5822612720313515,0.5718333800264689,0.5805882147211294,0.5566792028680472,0.08087963325607106,0.5566792028680472
2024-02-22,1665.0,1684.5999755859375,1644.4000244140625,1681.3499755859375,5841277,1681.3499755859375,0.5705653655986029,0.5854852265749029,0.5794522504433773,0.589913685918387,0.10985686842278237,0.589913685918387
2024-02-23,1697.0,1698.449951171875,1671.9000244140625,1676.8499755859375,5373072,1676.8499755859375,0.61215081069282,0.6033227904320891,0.6141613284973579,0.584116957302433,0.1010513392414255,0.584116957302433
2024-02-26,1674.949951171875,1674.949951171875,1645.0,1660.1500244140625,2782438,1660.1500244140625,0.5834957764782326,0.5730568345072647,0.5802095086049333,0.5626047162262013,0.0523292980731011,0.5626047162262013
2024-02-27,1661.0,1671.0999755859375,1652.800048828125,1663.5999755859375,5159088,1663.5999755859375,0.5653671849618258,0.5680984008308548,0.5900543269176697,0.5670488119332351,0.09702694318340929,0.5670488119332351
2024-02-28,1670.0,1687.800048828125,1662.050048828125,1671.25,3188916,1671.25,0.5770630913945743,0.5896066425623181,0.6017291986267358,0.5769032820296224,0.05997392786257277,0.5769032820296224
2024-02-29,1665.0,1682.25,1653.300048828125,1673.9000244140625,7814722,1673.9000244140625,0.5705653655986029,0.5824586624256094,0.5906854010641056,0.5803169425527275,0.14697143903886475,0.5803169425527275
2024-03-01,1669.0,1671.949951171875,1651.0,1654.699951171875,6387291,1654.699951171875,0.5757635462353801,0.5691930954530319,0.5877823983621654,0.5555841394435272,0.12012575109261589,0.5555841394435272
2024-03-04,1657.8499755859375,1664.449951171875,1633.6500244140625,1637.199951171875,4445156,1637.199951171875,0.5612735859831871,0.5595337478174497,0.5658841562950031,0.5330413059370395,0.08360002749582696,0.5330413059370395
2024-03-05,1634.0,1637.3499755859375,1602.0,1606.5,4596579,1606.5,0.5302794656635802,0.5246313364707347,0.5259371320114363,0.4934947980556177,0.0864478391279723,0.4934947980556177
2024-03-06,1602.800048828125,1620.1500244140625,1576.0,1617.550048828125,6420684,1617.550048828125,0.48973372015107214,0.5024792954461773,0.49312127639676384,0.5077290501111024,0.12075377308288308,0.5077290501111024
2024-03-07,1616.5999755859375,1628.449951171875,1604.199951171875,1616.449951171875,6348359,1616.449951171875,0.507667348166423,0.5131688791666549,0.5287137966274202,0.5063119462079183,0.11939355715600995,0.5063119462079183
2024-03-11,1608.1500244140625,1613.800048828125,1588.0,1600.5999755859375,6752895,1600.5999755859375,0.4966862550255848,0.4943010792245732,0.5082670559112281,0.4858946113098792,0.1270016637608292,0.4858946113098792
2024-03-12,1600.0,1625.0,1597.6500244140625,1612.949951171875,4614222,1612.949951171875,0.48609493025097467,0.5087256421406648,0.5204468177516104,0.5018033795066208,0.08677965094405003,0.5018033795066208
2024-03-13,1612.9000244140625,1624.5,1598.550048828125,1611.4000244140625,5688997,1611.4000244140625,0.5028590945317576,0.508081685631626,0.5215827820293625,0.49980682288669975,0.10699293919576211,0.49980682288669975
2024-03-14,1614.4000244140625,1657.75,1608.0,1653.300048828125,8803799,1653.300048828125,0.5048084122705491,0.5509047934827074,0.5335100217686685,0.5537808385600702,0.16557300541707287,0.5537808385600702
2024-03-15,1641.0999755859375,1645.800048828125,1618.3499755859375,1634.0,11809997,1634.0,0.5395062045666829,0.5355142958030574,0.5465732257857266,0.5289192507086699,0.22211055673313465,0.5289192507086699
2024-03-18,1630.0,1632.6500244140625,1598.8499755859375,1602.6500244140625,4958904,1602.6500244140625,0.5250812850268031,0.5185782081721477,0.5219613340747222,0.4885354061334559,0.09326208365896863,0.4885354061334559
2024-03-19,1592.3499755859375,1599.0,1558.0,1561.449951171875,6870411,1561.449951171875,0.47615337805596164,0.47523990367064645,0.4704026071250675,0.435463040901814,0.12921178660718138,0.435463040901814
2024-03-20,1563.0,1574.949951171875,1552.3499755859375,1554.949951171875,4759059,1554.949951171875,0.43801175936078623,0.44426553269950153,0.46327143845617325,0.4270899884565471,0.0895035997058962,0.4270899884565471
2024-03-21,1564.0,1576.949951171875,1543.4000244140625,1554.699951171875,11062497,1554.699951171875,0.4393113045199805,0.4468413587356568,0.45197527286330325,0.426767947977883,0.20805232783112748,0.426767947977883
2024-03-22,1521.0,1528.9000244140625,1498.199951171875,1508.8499755859375,14673890,1508.8499755859375,0.3834308626746264,0.3849572325465933,0.39492607758298603,0.36770575564015057,0.27597177859916283,0.36770575564015057
2024-03-26,1492.0,1507.449951171875,1487.9000244140625,1492.6500244140625,8351081,1492.6500244140625,0.3457440530579922,0.35733140397926133,0.3819260426089061,0.3468375955212472,0.15705874017017132,0.3468375955212472
2024-03-27,1496.0,1499.0,1481.550048828125,1483.8499755859375,6857402,1483.8499755859375,0.35094223369476935,0.3464486018628832,0.3739114317633361,0.3355017077737395,0.1289671264067985,0.3355017077737395
2024-03-28,1487.1500244140625,1511.800048828125,1487.1500244140625,1498.050048828125,12499530,1498.050048828125,0.33944129076307666,0.3629339513806547,0.3809794313892521,0.3537937013096575,0.23507860054515836,0.3537937013096575
2024-04-01,1525.0,1529.949951171875,1492.800048828125,1495.449951171875,6580002,1495.449951171875,0.3886290433114035,0.38630944688600805,0.38811060005814635,0.35044435453448874,0.12375006594202688,0.35044435453448874
2024-04-02,1484.8499755859375,1493.1500244140625,1480.8499755859375,1482.8499755859375,7279400,1482.8499755859375,0.33645227344257633,0.33891434215031796,0.37302783551582375,0.3342135458590831,0.1369036407615667,0.3342135458590831
2024-04-03,1479.0,1495.0999755859375,1475.0,1480.6500244140625,8736248,1480.6500244140625,0.32884996598846655,0.3414257096491915,0.36564429881668975,0.3313796525453699,0.1643025740852207,0.3313796525453699
2024-04-04,1490.550048828125,1495.6500244140625,1468.0,1486.699951171875,11186915,1486.699951171875,0.34385977603151396,0.342134124695512,0.3568092607665856,0.3391729377812449,0.21039225655825783,0.3391729377812449
2024-04-05,1480.050048828125,1486.699951171875,1476.050048828125,1479.0999755859375,5072482,1479.0999755859375,0.330214551859974,0.33060720885415046,0.36696961615254,0.32938293867912144,0.09539814455827587,0.32938293867912144
2024-04-08,1483.0,1490.949951171875,1474.0999755859375,1476.699951171875,6610887,1476.699951171875,0.3340481466252437,0.3360808391809804,0.3645083345389376,0.32629131863468047,0.124330919988366,0.32629131863468047
2024-04-09,1490.0,1513.800048828125,1487.300048828125,1494.8499755859375,9423230,1494.8499755859375,0.34314496273960365,0.36550977741680996,0.3811687844473502,0.3496714888349604,0.17722264125252332,0.3496714888349604
2024-04-10,1500.3499755859375,1509.8499755859375,1484.550048828125,1506.800048828125,6744595,1506.800048828125,0.3565952234100877,0.36042242666583657,0.37769787664195215,0.3650651180629014,0.12684556570078015,0.3650651180629014
2024-04-12,1504.0,1506.800048828125,1479.5,1484.75,12275616,1484.75,0.3613385949683236,0.35649438629026653,0.3713239661346138,0.3366610849461958,0.2308674510249389,0.3366610849461958
2024-04-15,1480.0,1491.949951171875,1461.050048828125,1468.1500244140625,8531224,1468.1500244140625,0.33014951114766083,0.33736875219905804,0.3480373917594597,0.31527762861216435,0.16044668870407672,0.31527762861216435
2024-04-16,1451.0,1455.1500244140625,1413.050048828125,1414.449951171875,16173541,1414.449951171875,0.29246270153102666,0.2899736474633679,0.2874542737016027,0.2461032394473169,0.30417570773779024,0.2461032394473169
2024-04-18,1421.0999755859375,1444.699951171875,1407.5,1419.25,22107945,1419.25,0.2536062695439409,0.2765148620948899,0.28044928904782834,0.2522864795361988,0.4157840152013181,0.2522864795361988
2024-04-19,1385.0,1426.8499755859375,1378.75,1411.25,20603621,1411.25,0.20669272102420402,0.2535256461653931,0.24416252562775778,0.24198118421894727,0.3874922009741835,0.24198118421894727
2024-04-22,1419.9000244140625,1436.8499755859375,1413.050048828125,1432.75,5859087,1432.75,0.25204687880726123,0.2664047763461694,0.2874542737016027,0.26967666538406077,0.1101918210070563,0.26967666538406077
2024-04-23,1443.0,1446.8499755859375,1433.0,1442.4000244140625,4856174,1442.4000244140625,0.2820663402574724,0.27928390652694574,0.3126340705160649,0.28210745930976094,0.09133004104344594,0.28210745930976094
2024-04-24,1444.300048828125,1444.300048828125,1427.050048828125,1430.75,4268213,1430.75,0.28375581241877845,0.2759998226604145,0.30512434980181097,0.2671003415547479,0.0802722613465188,0.2671003415547479
2024-04-25,1420.0,1444.9000244140625,1420.0,1438.449951171875,9089398,1438.449951171875,0.2521768015960039,0.27677253902807214,0.2962261427087286,0.27701912539907153,0.1709442644353797,0.27701912539907153
2024-04-26,1439.699951171875,1445.4000244140625,1427.0,1430.25,8062444,1430.25,0.2777777777777778,0.277416495537111,0.30506118075883276,0.26645626059741967,0.1516303455004875,0.26645626059741967
2024-04-29,1429.949951171875,1439.800048828125,1428.25,1434.75,5055957,1434.75,0.2651072124756335,0.27020421407906514,0.3066388661249228,0.27225298921337365,0.09508735896281678,0.27225298921337365
2024-04-30,1434.699951171875,1436.550048828125,1417.550048828125,1420.550048828125,6936588,1420.550048828125,0.2712800519818064,0.26601849677031286,0.2931339410195268,0.2539611529237832,0.13045637712764713,0.2539611529237832
2024-05-02,1413.0,1424.0,1411.8499755859375,1414.449951171875,10076354,1414.449951171875,0.24307998548164392,0.24985512550706074,0.28593960330765433,0.2461032394473169,0.18950594117679695,0.2461032394473169
2024-05-03,1422.0999755859375,1424.800048828125,1403.199951171875,1416.300048828125,8842345,1416.300048828125,0.25490581470313517,0.25088551880790066,0.2750219897601441,0.2484864647864933,0.16629793985353677,0.2484864647864933
2024-05-06,1420.0,1445.699951171875,1417.0999755859375,1425.9000244140625,6445422,1425.9000244140625,0.2521768015960039,0.2778027751129675,0.29256588184523247,0.26085278771792964,0.12121902052980998,0.26085278771792964
2024-05-07,1424.949951171875,1443.3499755859375,1415.5999755859375,1440.949951171875,6080661,1440.949951171875,0.2586094866796621,0.274776210963674,0.2906726594059244,0.2802395301857126,0.11435896215853902,0.2802395301857126
2024-05-08,1435.25,1439.75,1425.5999755859375,1427.300048828125,6234983,1427.300048828125,0.2719948652737167,0.27013975554178343,0.30329414233464463,0.2626562458477142,0.11726129526973039,0.2626562458477142
2024-05-09,1427.550048828125,1449.949951171875,1424.8499755859375,1439.550048828125,6088406,1439.550048828125,0.2619884310022742,0.28327640543979743,0.30234753111499063,0.2784362293022556,0.11450462233625948,0.2784362293022556
2024-05-10,1435.050048828125,1435.949951171875,1413.0,1424.9000244140625,8777481,1424.9000244140625,0.2717350196962313,0.2652456231867106,0.2873911046586245,0.2595646258032732,0.16507804291775108,0.2595646258032732
2024-05-13,1425.0,1425.0,1411.199951171875,1423.449951171875,3735954,1423.449951171875,0.25867452739197533,0.25114303852513836,0.2851191761031202,0.2576966966792249,0.0702620688954774,0.2576966966792249
2024-05-14,1426.4000244140625,1433.75,1418.050048828125,1424.699951171875,3463230,1424.699951171875,0.26049392234202406,0.26241227743331763,0.2937650151659628,0.25930689907254545,0.06513294994019846,0.25930689907254545
2024-05-15,1426.0,1431.800048828125,1418.550048828125,1419.949951171875,4327544,1419.949951171875,0.2599740725511696,0.2599009099344441,0.2943960893123988,0.25318812997792733,0.08138809917793684,0.25318812997792733
2024-05-16,1433.949951171875,1455.75,1427.0,1453.3499755859375,9249145,1453.3499755859375,0.27030539311241064,0.29074636383102553,0.30506118075883276,0.29621276937671803,0.17394862549545853,0.29621276937671803
2024-05-17,1457.0,1457.0,1439.25,1444.300048828125,7542860,1444.300048828125,0.30025997248619235,0.2923562551036226,0.320522497346515,0.2845549983968737,0.14185853171343668,0.2845549983968737
2024-05-21,1430.0,1444.699951171875,1428.4000244140625,1434.1500244140625,6752663,1434.1500244140625,0.26517225318794674,0.2765148620948899,0.3068282191830209,0.2714801235138453,0.1269973005379459,0.2714801235138453
2024-05-22,1428.75,1459.949951171875,1428.0,1454.800048828125,7173285,1454.800048828125,0.26354782173895386,0.2961555356205738,0.3063233290517048,0.29808069850076635,0.13490793646733729,0.29808069850076635
2024-05-23,1454.699951171875,1478.1500244140625,1450.0,1472.4000244140625,8641428,1472.4000244140625,0.297270955165692,0.3195956468791534,0.33409059149488923,0.32075231674945426,0.16251929480162428,0.32075231674945426
2024-05-24,1468.25,1475.5,1460.0,1465.0999755859375,5277938,1465.0999755859375,0.314879855527128,0.3161826459380588,0.34671207442360946,0.3113486718739312,0.09926215456134047,0.3113486718739312
2024-05-27,1471.8499755859375,1479.5999755859375,1460.25,1471.3499755859375,5821844,1471.3499755859375,0.31955818637305067,0.32146305786898816,0.3470276114968274,0.31939968384053397,0.10949139208532056,0.31939968384053397
2024-05-28,1475.5,1476.0,1460.300048828125,1467.050048828125,6186922,1467.050048828125,0.32430155793128657,0.3168266024470976,0.3470907805398057,0.31386068195530775,0.1163574122740657,0.31386068195530775
2024-05-29,1465.4000244140625,1465.5,1450.0,1450.949951171875,7401634,1450.949951171875,0.31117618355060106,0.3033035157572825,0.33409059149488923,0.29312114933227706,0.13920249501120943,0.29312114933227706
2024-05-30,1442.800048828125,1449.8499755859375,1421.550048828125,1427.449951171875,9663150,1427.449951171875,0.28180649467998703,0.2831476455811786,0.29818253419101487,0.2628493443378507,0.1817348155377,0.2628493443378507
2024-05-31,1409.800048828125,1436.75,1400.0,1406.9000244140625,37113815,1406.9000244140625,0.2389215044265757,0.26627601648755056,0.2709831768512882,0.23637771133945723,0.6979993400625389,0.23637771133945723
2024-06-03,1440.0,1440.0,1404.0,1405.9000244140625,10589244,1405.9000244140625,0.27816770477988956,0.27046173379630284,0.2760317700227763,0.2350895494248008,0.19915186093806847,0.2350895494248008
2024-06-04,1409.0,1415.0,1358.3499755859375,1393.6500244140625,13736134,1393.6500244140625,0.2378818048448668,0.23826390834436204,0.21841466963900125,0.21930956597025938,0.25833540602092786,0.21930956597025938
2024-06-05,1400.1500244140625,1438.0,1400.1500244140625,1430.0999755859375,9233424,1430.0999755859375,0.22638086191317414,0.2678859077601476,0.27117252990938634,0.2662630048609557,0.1736529607241295,0.2662630048609557
2024-06-06,1444.949951171875,1474.300048828125,1437.5,1472.25,12660930,1472.25,0.28460038986354774,0.31463721320274346,0.318313737833989,0.32055906101299025,0.23811404956828072,0.32055906101299025
2024-06-07,1481.0,1539.699951171875,1477.25,1533.5999755859375,24075302,1533.5999755859375,0.3314490563068551,0.398866598812265,0.3684841324756518,0.39958776302789756,0.4527840888307042,0.39958776302789756
2024-06-10,1525.300048828125,1529.800048828125,1497.300048828125,1499.75,6810606,1499.75,0.3890189703135153,0.3861163857060521,0.3937902673760704,0.3559835136660425,0.1280870342600449,0.3559835136660425
2024-06-11,1500.050048828125,1506.449951171875,1493.949951171875,1495.75,4853054,1495.75,0.35620545504385964,0.3560434909611837,0.3895619473382799,0.3508308660074167,0.09127136321846366,0.3508308660074167
2024-06-12,1507.0,1508.75,1482.75,1485.199951171875,9564320,1485.199951171875,0.36523723044590645,0.35900575378914007,0.3754259480864479,0.33724069490926023,0.17987612020340518,0.33724069490926023
2024-06-13,1495.0,1505.0,1489.3499755859375,1493.949951171875,7307565,1493.949951171875,0.34964268853557506,0.354176079971349,0.38375609600523597,0.3485121116625041,0.13743333978099817,0.3485121116625041
2024-06-14,1503.699951171875,1503.699951171875,1486.050048828125,1488.9000244140625,4237727,1488.9000244140625,0.36094866796621183,0.3525017301614702,0.3795910990812602,0.34200698834128557,0.07969891129125914,0.34200698834128557
2024-06-18,1497.0,1507.0,1495.4000244140625,1498.199951171875,5420939,1498.199951171875,0.3522417788539636,0.3567519060075042,0.39139215480544626,0.35398679979979397,0.10195157368002399,0.35398679979979397
2024-06-19,1505.0,1515.6500244140625,1496.699951171875,1511.3499755859375,5493456,1511.3499755859375,0.3626381401275179,0.3678923850570647,0.393032855143678,0.3709261604267917,0.10331540054997296,0.3709261604267917
2024-06-20,1516.300048828125,1517.5,1499.0999755859375,1515.4000244140625,7927010,1515.4000244140625,0.37732306388076675,0.3702749926973194,0.3960620418607381,0.37614327907968126,0.14908323891438124,0.37614327907968126
2024-06-21,1545.0,1557.75,1523.699951171875,1532.699951171875,17301941,1532.699951171875,0.41461994649528916,0.4221134916749441,0.42711085905122254,0.39842838585544127,0.3253975211063854,0.39842838585544127
2024-06-24,1524.550048828125,1529.0999755859375,1515.4000244140625,1527.1500244140625,5564989,1527.1500244140625,0.38804431144411955,0.385214752263831,0.4166351206628867,0.39127918157689445,0.10466072133665828,0.39127918157689445
2024-06-25,1526.0,1543.9000244140625,1520.3499755859375,1541.949951171875,4551525,1541.949951171875,0.3899285884705978,0.4042759278177578,0.42288269308426857,0.41034388356601337,0.08560050876683378,0.41034388356601337
2024-06-26,1541.0,1548.8499755859375,1535.0,1540.699951171875,4851004,1540.699951171875,0.40942176585851203,0.41065103437086425,0.441373196389011,0.40873368117269276,0.09123280887833106,0.40873368117269276
2024-06-27,1538.449951171875,1578.4000244140625,1532.050048828125,1573.3499755859375,14757754,1573.3499755859375,0.4061078622482131,0.4487089269414361,0.43764992055337315,0.4507921991354911,0.2775490084434945,0.4507921991354911
2024-06-28,1572.550048828125,1588.5,1564.25,1566.75,8197544,1566.75,0.4504224790854451,0.4617168169808313,0.4782910339555176,0.4422903619480241,0.15417117055020146,0.4422903619480241
2024-07-01,1559.5,1599.9000244140625,1559.5,1590.800048828125,6801771,1590.800048828125,0.43346335130360625,0.4763990568301052,0.4722958295643755,0.47327071889404254,0.127920874457571,0.47327071889404254
2024-07-02,1596.199951171875,1633.800048828125,1586.5,1621.050048828125,10493173,1621.050048828125,0.4811565951916829,0.5200593395861259,0.50637383347192,0.5122376168124,0.19734505410349357,0.5122376168124
2024-07-03,1625.0,1636.0,1606.0,1627.4000244140625,7269965,1627.4000244140625,0.5185835592308317,0.5228926853395188,0.5309857251829244,0.5204174135212029,0.13672619676198083,0.5204174135212029
2024-07-04,1628.199951171875,1660.0,1628.0,1650.6500244140625,8008311,1650.6500244140625,0.5227420402859,0.553802597773382,0.5587529876261089,0.5503671780369651,0.1506122664300496,0.5503671780369651
2024-07-05,1651.449951171875,1665.8499755859375,1633.3499755859375,1647.449951171875,7065022,1647.449951171875,0.552956465237167,0.5613368574859473,0.5655054501788069,0.5462449655622681,0.132871834747447,0.5462449655622681
2024-07-08,1643.0999755859375,1666.0,1640.0,1661.6500244140625,5880533,1661.6500244140625,0.5421052948850714,0.5615300758818478,0.5738987671405732,0.564536959098186,0.1105951558258288,0.564536959098186
2024-07-09,1659.9000244140625,1666.75,1651.0,1657.1500244140625,5191182,1657.1500244140625,0.5639377170138888,0.562496010645406,0.5877823983621654,0.558740230482232,0.09763053488692905,0.558740230482232
2024-07-10,1657.0,1674.0,1637.550048828125,1648.25,9852770,1648.25,0.5601690043250487,0.5718333800264689,0.5708065654513713,0.5472755579925241,0.18530099796498908,0.5472755579925241
2024-07-11,1656.0,1665.0,1642.050048828125,1652.699951171875,8857679,1652.699951171875,0.5588694591658544,0.5602421628637702,0.5764862327692954,0.5530078156142144,0.16658632631772857,0.5530078156142144
2024-07-12,1680.0,1719.75,1666.6500244140625,1711.75,17078316,1711.75,0.5900585429865172,0.6307554006035205,0.6075350499597798,0.6290738395732083,0.3211918068077749,0.6290738395732083
2024-07-15,1726.199951171875,1728.0,1702.6500244140625,1707.050048828125,6942230,1707.050048828125,0.6500974658869396,0.641380683002661,0.6529723885031725,0.623019541472854,0.1305624861944901,0.623019541472854
2024-07-16,1718.5999755859375,1737.9000244140625,1700.0,1726.050048828125,6886281,1726.050048828125,0.6402209544042398,0.6541310533248185,0.6496276647128943,0.6474946178513264,0.12951025362079324,0.6474946178513264
2024-07-18,1719.0,1765.4000244140625,1719.0,1758.050048828125,11248896,1758.050048828125,0.6407408041950943,0.6895486613219534,0.6736084822774627,0.6887157991203327,0.21155793292692043,0.6887157991203327
2024-07-19,1844.0,1844.0,1786.449951171875,1792.949951171875,29819116,1792.949951171875,0.8031839490943795,0.7907785930996665,0.7587403230033459,0.7336725241447805,0.560807971081612,0.7336725241447805
2024-07-22,1800.1500244140625,1823.0,1792.949951171875,1810.8499755859375,8462126,1810.8499755859375,0.746198925590887,0.7637324197200361,0.7669442869070141,0.7567306538663963,0.15914716295067086,0.7567306538663963
2024-07-23,1810.0,1839.949951171875,1783.25,1836.9000244140625,7113056,1836.9000244140625,0.7589994136817739,0.7855624824900742,0.7547015100944902,0.7902873346417276,0.13377520995424164,0.7902873346417276
2024-07-24,1837.5,1842.3499755859375,1819.5999755859375,1833.949951171875,6002845,1833.949951171875,0.7947369055596166,0.7886535051766494,0.8005805697262207,0.7864871626456946,0.11289547702109609,0.7864871626456946
2024-07-25,1820.0,1830.9000244140625,1812.0,1824.8499755859375,5815599,1824.8499755859375,0.7719948652737167,0.7739069640060383,0.7909882735145607,0.7747649206715865,0.10937394240038005,0.7747649206715865
2024-07-26,1825.3499755859375,1883.0,1825.3499755859375,1878.9000244140625,11369047,1878.9000244140625,0.7789474001482294,0.841007200804694,0.8078379224102349,0.8443901350572982,0.21381761220558942,0.8443901350572982
2024-07-29,1893.5999755859375,1903.0,1864.0,1871.0999755859375,4635931,1871.0999755859375,0.8676413572632391,0.8667654611662468,0.8566199847439058,0.8343424092244469,0.08718793200255662,0.8343424092244469
2024-07-30,1871.0999755859375,1879.949951171875,1860.0,1877.1500244140625,2721265,1877.1500244140625,0.8384015911813678,0.8370790032131795,0.8515713915724177,0.8421358517066494,0.051178817756549276,0.8421358517066494
2024-07-31,1877.0,1885.1500244140625,1865.050048828125,1868.25,5004209,1868.25,0.8460689393477908,0.8437762452367499,0.8579453020797561,0.8306711792169416,0.09411413457589897,0.8306711792169416
2024-08-01,1856.0999755859375,1867.9000244140625,1845.0999755859375,1852.5999755859375,7475014,1852.5999755859375,0.8189084137934536,0.8215597456749107,0.8327653511944573,0.8105114138033027,0.14058255231800448,0.8105114138033027
2024-08-02,1843.0,1859.5,1816.1500244140625,1821.199951171875,7400938,1821.199951171875,0.8018844039351852,0.8107412448798698,0.7962262197441469,0.770063098233825,0.13918940534255955,0.770063098233825
2024-08-05,1784.949951171875,1797.5,1718.550048828125,1751.9000244140625,10736703,1751.9000244140625,0.7264457439896036,0.7308906377590565,0.673040577174005,0.6807935718959299,0.201925121641294,0.6807935718959299
2024-08-06,1760.199951171875,1796.949951171875,1744.8499755859375,1751.0999755859375,7690163,1751.0999755859375,0.6942820012995452,0.7301822227127359,0.7062349848340372,0.6797629794656739,0.1446288585254131,0.6797629794656739
2024-08-07,1796.0,1797.9000244140625,1762.0999755859375,1791.6500244140625,5094329,1791.6500244140625,0.740805781453054,0.7314058344094765,0.7280070428860795,0.7319980080035235,0.09580902098211821,0.7319980080035235
2024-08-08,1779.949951171875,1779.949951171875,1727.0999755859375,1743.1500244140625,6227910,1743.1500244140625,0.7199480181936322,0.7082877014054162,0.6838318526355588,0.6695221551426861,0.11712827339277534,0.6695221551426861
2024-08-09,1771.25,1780.75,1756.0,1770.75,4258524,1770.75,0.7086420387629955,0.7093180947062562,0.7203079691137275,0.7050753925379384,0.08009004037015552,0.7050753925379384
2024-08-12,1773.050048828125,1803.5,1768.0999755859375,1797.4000244140625,4315329,1797.4000244140625,0.7109812835038987,0.7386181158675224,0.7355799326433117,0.7394049390127981,0.08115837173173213,0.7394049390127981
2024-08-13,1810.0,1810.0,1789.050048828125,1797.449951171875,4176918,1797.449951171875,0.7589994136817739,0.7469895504850269,0.7620220318214824,0.7394692527607345,0.07855527672095525,0.7394692527607345
2024-08-14,1802.0,1825.0,1797.449951171875,1823.25,7450718,1823.25,0.7486030524082197,0.7663082457561914,0.7726239542249382,0.7727038930574017,0.14012561756295006,0.7727038930574017
2024-08-16,1850.0,1861.8499755859375,1829.5,1858.949951171875,7335657,1858.949951171875,0.8109812200495452,0.8137678090291632,0.8130758686398211,0.8186912105121057,0.13796166588978104,0.8186912105121057
2024-08-19,1860.0,1867.550048828125,1849.199951171875,1864.800048828125,2585989,1864.800048828125,0.823976671641488,0.8211090075617725,0.8379401283810652,0.8262270835099078,0.04863468267568249,0.8262270835099078
2024-08-20,1880.0,1885.699951171875,1868.199951171875,1872.199951171875,3870333,1872.199951171875,0.8499675748253737,0.8444845030671259,0.8619209459456336,0.8357593558813036,0.07278933410166177,0.8357593558813036
2024-08-21,1875.0999755859375,1879.0,1867.0999755859375,1872.699951171875,1966902,1872.699951171875,0.8435997718181449,0.8358555487323835,0.8605326136376418,0.8364034368386317,0.036991516446576236,0.8364034368386317
2024-08-22,1884.0,1893.6500244140625,1869.699951171875,1880.25,4300287,1880.25,0.8551657554621508,0.8547235058904098,0.8638141683849416,0.8461291221928189,0.08087547691013482,0.8461291221928189
2024-08-23,1878.199951171875,1882.5999755859375,1857.0,1862.0999755859375,5015935,1862.0999755859375,0.8476283300844705,0.8404920041542742,0.8477849466938017,0.822748951992539,0.09433466540145741,0.822748951992539
2024-08-26,1870.0,1888.75,1864.0,1876.1500244140625,3728589,1876.1500244140625,0.8369721232334308,0.8484127006586405,0.8566199847439058,0.840847689791993,0.07012355537592785,0.840847689791993
2024-08-27,1876.1500244140625,1902.75,1873.9000244140625,1900.0999755859375,3830679,1900.0999755859375,0.8449643576896524,0.8664434829117273,0.8691152836575061,0.8716991047494838,0.07204356151453109,0.8716991047494838
2024-08-28,1906.9000244140625,1951.0,1897.4000244140625,1939.0999755859375,6514531,1939.0999755859375,0.8849253713348766,0.9285852860339731,0.8987757685399985,0.9219374194210851,0.1225187531601629,0.9219374194210851
2024-08-29,1933.0,1950.5,1920.9000244140625,1933.3499755859375,7228284,1933.3499755859375,0.9188434682626706,0.9279413295249342,0.928436253422491,0.9145304884118105,0.13594230239560684,0.9145304884118105
2024-08-30,1938.0,1950.0,1928.0,1943.699951171875,13466759,1943.699951171875,0.925341194058642,0.9272973730158954,0.9373974754877151,0.9278629327792393,0.25326927169252894,0.9278629327792393
2024-09-02,1943.3499755859375,1975.75,1942.800048828125,1964.5,5573739,1964.5,0.9322937289331547,0.9604611332313945,0.9560773318505557,0.9546567635026242,0.1048252825445413,0.9546567635026242
2024-09-03,1967.0,1967.0,1936.449951171875,1941.25,4694322,1941.25,0.9630280036752762,0.9491918943232153,0.948062566934149,0.9247069989868619,0.08828609125849923,0.9247069989868619
2024-09-04,1921.0999755859375,1927.199951171875,1900.050048828125,1922.449951171875,4778310,1922.449951171875,0.9033788491410819,0.8979328933173476,0.9021204923302767,0.9004894920927898,0.08986565317023405,0.9004894920927898
2024-09-05,1926.25,1940.0,1909.5999755859375,1933.1500244140625,4081810,1933.1500244140625,0.9100715384381092,0.9144182428351192,0.9141739160847026,0.9142729189274102,0.07676658102274508,0.9142729189274102
2024-09-06,1922.0,1936.5,1896.8499755859375,1901.8499755859375,5848106,1901.8499755859375,0.9045484715115335,0.9099105472718474,0.8980815253505844,0.8739533881001326,0.10998530139291189,0.8739533881001326
2024-09-09,1890.0,1920.8499755859375,1889.0,1894.6500244140625,4772612,1894.6500244140625,0.8629630264173165,0.8897546770957435,0.8881736920657063,0.8646786852131372,0.08975849091166063,0.8646786852131372
2024-09-10,1904.9000244140625,1935.0,1896.0,1912.300048828125,6909600,1912.300048828125,0.882326281016488,0.907978677744731,0.8970087301158104,0.8874147744560889,0.1299488139415503,0.8874147744560889
2024-09-11,1914.699951171875,1926.0,1905.0,1910.1500244140625,5312946,1910.1500244140625,0.8950617283950617,0.8963874605820323,0.9083680647516587,0.884645194890312,0.09992054984883407,0.884645194890312
2024-09-12,1925.0,1956.4000244140625,1910.800048828125,1950.449951171875,8555092,1950.449951171875,0.9084471069891163,0.9355400477747813,0.9156885864786509,0.9365580257031701,0.16089557406519125,0.9365580257031701
2024-09-13,1950.449951171875,1958.5999755859375,1935.6500244140625,1944.0999755859375,3843127,1944.0999755859375,0.9415204678362573,0.9383733935281742,0.9470529407423534,0.9283782289943673,0.07227767099061427,0.9283782289943673
2024-09-16,1945.75,1952.0,1933.050048828125,1950.25,1570181,1950.25,0.9354126690423976,0.9298731990520508,0.9437713859950534,0.9363004562187699,0.029530386509140527,0.9363004562187699
2024-09-17,1947.75,1958.449951171875,1942.1500244140625,1952.550048828125,2793127,1952.550048828125,0.9380117593607862,0.9381801751322736,0.9552569046460215,0.9392632915210107,0.052530326044651,0.9392632915210107
2024-09-18,1938.75,1938.75,1881.300048828125,1892.1500244140625,6385468,1892.1500244140625,0.9263158529280376,0.9128083515625222,0.8784552118389264,0.8614582804264961,0.12009146594039066,0.8614582804264961
2024-09-19,1910.5999755859375,1924.9000244140625,1878.800048828125,1894.199951171875,7976570,1894.199951171875,0.8897336249695419,0.8949707877053358,0.8752998411067463,0.8640989180037453,0.1500153135958307,0.8640989180037453
2024-09-20,1905.0,1915.0,1867.4000244140625,1905.75,15242974,1905.75,0.8824562038052307,0.8822204173831784,0.860911319753838,0.8789772510165582,0.28667453864795195,0.8789772510165582
2024-09-23,1909.0,1918.9000244140625,1878.449951171875,1896.449951171875,3636672,1896.449951171875,0.8876543844420078,0.88724330959687,0.8748579659475718,0.8669972823117222,0.06839487279935823,0.8669972823117222
2024-09-24,1888.0,1910.9000244140625,1871.4000244140625,1898.5999755859375,7277616,1898.5999755859375,0.8603639360989279,0.8769400054522489,0.865959912925326,0.8697668618774992,0.13687008908215376,0.8697668618774992
2024-09-25,1886.3499755859375,1901.5999755859375,1876.800048828125,1895.300048828125,4268341,1895.300048828125,0.8582196548590806,0.8649623514977491,0.8727755445210023,0.8655160219069293,0.08027466864190268,0.8655160219069293
2024-09-26,1897.800048828125,1917.949951171875,1893.0,1900.25,8952803,1900.25,0.8730995421133854,0.8860196979001295,0.8932222852371944,0.8718923604859478,0.16837532292786173,0.8718923604859478
2024-09-27,1932.0999755859375,1974.5999755859375,1903.300048828125,1906.75,14908931,1906.75,0.917673845892219,0.9589800018174163,0.9062224742821108,0.8802654129312146,0.2803921935548239,0.8802654129312146
2024-09-30,1880.0,1901.25,1870.5,1875.5999755859375,6986955,1875.5999755859375,0.8499675748253737,0.8645116133846109,0.864823948647574,0.840139137840401,0.13140362905421218,0.840139137840401
2024-10-01,1875.0,1908.949951171875,1875.0,1904.3499755859375,4029072,1904.3499755859375,0.8434698490294023,0.8744284807374308,0.870503615965498,0.8771737928867737,0.07577473771059251,0.8771737928867737
2024-10-03,1889.5,1911.8499755859375,1881.0,1893.4000244140625,7503887,1893.4000244140625,0.8623132538377193,0.8781634599330449,0.8780765057227301,0.8630684828198166,0.1411255666900281,0.8630684828198166
2024-10-04,1889.550048828125,1954.0999755859375,1886.0,1918.1500244140625,10001483,1918.1500244140625,0.8623782945500325,0.9325777849468249,0.8843872471870903,0.8949504902075636,0.18809784264017865,0.8949504902075636
2024-10-07,1923.199951171875,1942.0,1916.050048828125,1934.300048828125,6112575,1934.300048828125,0.9061078622482132,0.9169940688712744,0.9223148650162291,0.9157543365785307,0.11495916860292518,0.9157543365785307
2024-10-08,1937.9000244140625,1957.949951171875,1906.3499755859375,1948.550048828125,5637391,1948.550048828125,0.9252112712698993,0.9375362186232348,0.9100719341328686,0.934110643862385,0.10602238540216079,0.934110643862385
2024-10-09,1952.550048828125,1977.0,1945.0999755859375,1952.75,4857163,1952.75,0.9442496395792722,0.9620710245039915,0.9589801804816593,0.939520861005411,0.09134864116168552,0.939520861005411
2024-10-10,1957.9000244140625,1964.0,1914.0999755859375,1919.0,4782119,1919.0,0.951202174453785,0.9453281552689823,0.9198535834026267,0.8960453963857561,0.08993728901489993,0.8960453963857561
2024-10-11,1918.0,1947.0,1910.0999755859375,1935.0999755859375,4709431,1935.0999755859375,0.8993502908747564,0.9234336339616626,0.9148049902311386,0.9167847717624593,0.08857024614877405,0.9167847717624593
2024-10-14,1932.1500244140625,1969.5,1931.0999755859375,1958.9000244140625,3751378,1958.9000244140625,0.9177388866045322,0.9524116768684093,0.941310104381451,0.9474430882298136,0.07055214798923601,0.9474430882298136
2024-10-15,1960.0,1991.449951171875,1951.75,1959.300048828125,5353705,1959.300048828125,0.9539311875609162,0.9806813047288355,0.9673734974434256,0.9479583844449417,0.100687104165646,0.9479583844449417
2024-10-16,1955.0,1959.550048828125,1916.3499755859375,1920.0999755859375,3111512,1920.0999755859375,0.9474334617649448,0.9395970052249147,0.9226934170615887,0.8974623430426126,0.058518191207146734,0.8974623430426126
2024-10-17,1935.199951171875,1978.0,1930.1500244140625,1968.0999755859375,8162822,1968.0999755859375,0.9217024041585445,0.9633589375220691,0.9401111251315573,0.9592941149461219,0.15351815406333125,0.9592941149461219
2024-10-18,1893.800048828125,1936.8499755859375,1869.25,1879.5999755859375,10526196,1879.5999755859375,0.8679013614766082,0.9103612853849857,0.8632462632814839,0.8452917854990267,0.19796611750554172,0.8452917854990267
2024-10-21,1891.0999755859375,1898.800048828125,1838.0,1852.75,4654601,1852.75,0.8643924943652534,0.8613562893766985,0.8238041291292332,0.8107046695397667,0.08753905860269104,0.8107046695397667
2024-10-22,1858.199951171875,1877.800048828125,1846.949951171875,1851.5999755859375,4125240,1851.5999755859375,0.8216374269005848,0.8343101159970683,0.8351002947221032,0.8092232518886463,0.0775833688237005,0.8092232518886463
2024-10-23,1845.25,1886.0,1844.0,1873.4000244140625,4311910,1873.4000244140625,0.8048083805433723,0.844870939858927,0.8313770188864653,0.8373052445266878,0.08109407061518904,0.8373052445266878
2024-10-24,1861.4000244140625,1884.0,1860.0,1863.3499755859375,2906475,1863.3499755859375,0.8257960665915367,0.8422951138227717,0.8515713915724177,0.8243591543858595,0.054662061335065334,0.8243591543858595
2024-10-25,1863.449951171875,1876.3499755859375,1846.4000244140625,1862.050048828125,4689120,1862.050048828125,0.8284600389863548,0.8324425477912889,0.8344062056035255,0.8226846382446026,0.08818825726953837,0.8226846382446026
2024-10-28,1859.699951171875,1881.9000244140625,1857.0,1865.3499755859375,7018940,1865.3499755859375,0.8235867446393762,0.8395905279279976,0.8477849466938017,0.8269354782151724,0.13200517079525662,0.8269354782151724
2024-10-29,1846.0,1851.5999755859375,1829.0,1839.300048828125,4621252,1839.300048828125,0.8057830394127681,0.8005667005938675,0.812444794493385,0.7933789546861686,0.08691186412021205,0.7933789546861686
2024-10-30,1832.0,1839.0,1796.3499755859375,1802.0999755859375,5919715,1802.0999755859375,0.7875894071840481,0.7843390280092782,0.7712356219169463,0.7454592371131524,0.11133205151123139,0.7454592371131524
2024-10-31,1787.9000244140625,1787.9000244140625,1746.5,1757.25,7395236,1757.25,0.730279497390757,0.7185267042287001,0.7083175603314433,0.6876852066900765,0.13908216785600536,0.6876852066900765
2024-11-01,1764.5,1766.0,1752.050048828125,1760.8499755859375,371966,1760.8499755859375,0.699870108938434,0.6903213776896111,0.7153225449852176,0.6923225581335741,0.006995562771590642,0.6923225581335741
2024-11-04,1724.5,1767.0,1718.0,1763.6500244140625,7336722,1763.6500244140625,0.6478883025706628,0.6916092907076887,0.6723463339845908,0.6959294743931432,0.1379816953396548,0.6959294743931432
2024-11-05,1760.0,1768.449951171875,1745.0,1754.199951171875,3160880,1754.199951171875,0.6940221557220598,0.6934767016975234,0.7064243378921353,0.6837562499518434,0.059446654945520365,0.6837562499518434
2024-11-06,1764.0,1827.199951171875,1762.6500244140625,1823.699951171875,10421494,1823.699951171875,0.699220336358837,0.7691415915095844,0.7287012860754938,0.7732835030204661,0.195996987495511,0.7732835030204661
2024-11-07,1812.949951171875,1825.699951171875,1787.0,1803.050048828125,4550965,1803.050048828125,0.7628330084470435,0.767209721982468,0.7594345661927602,0.7466830852798725,0.08558997684952928,0.7466830852798725
2024-11-08,1818.0,1840.5999755859375,1813.1500244140625,1829.949951171875,4210960,1829.949951171875,0.7693957749553282,0.7863996573950135,0.7924397748655309,0.7813345149870689,0.07919550445109858,0.7813345149870689
2024-11-11,1829.0,1868.0,1822.550048828125,1860.0999755859375,3804234,1860.0999755859375,0.7836907717064653,0.8216885055335296,0.8043039996326952,0.8201726281632261,0.07154621052682061,0.8201726281632261
2024-11-12,1871.0999755859375,1881.0,1861.0,1868.800048828125,5012450,1868.800048828125,0.8384015911813678,0.8384313747685388,0.8528335398652898,0.8313797311685336,0.094269123023232,0.8313797311685336
2024-11-13,1861.0999755859375,1873.199951171875,1856.300048828125,1868.4000244140625,4257495,1868.4000244140625,0.825406139589425,0.8283855903411554,0.8469015045171259,0.8308644349534056,0.08007068797210848,0.8308644349534056
2024-11-14,1865.5999755859375,1876.0,1856.0,1864.550048828125,4311431,1864.550048828125,0.8312540928057992,0.8319918096781507,0.8465227984009296,0.8259050430312438,0.08108506206449465,0.8259050430312438
2024-11-18,1849.199951171875,1849.199951171875,1795.0,1811.449951171875,4839244,1811.449951171875,0.8099415204678363,0.7974756779072922,0.7695317525357364,0.7575035195659247,0.09101163861493627,0.7575035195659247
2024-11-19,1825.5,1859.699951171875,1820.550048828125,1824.75,4669769,1824.75,0.7791423636492852,0.8109987645971074,0.8017797030469511,0.7746361359293863,0.08782432310568186,0.7746361359293863
2024-11-21,1842.0,1867.0,1820.5999755859375,1834.050048828125,5436504,1834.050048828125,0.800584858775991,0.8204005925154519,0.8018427180190928,0.7866161046342223,0.10224430456010392,0.7866161046342223
2024-11-22,1854.0999755859375,1914.050048828125,1834.0,1902.25,6301486,1902.25,0.816309323475065,0.8809969629023824,0.8187555359577452,0.8744686843152606,0.11851201687062696,0.8744686843152606
2024-11-25,1916.0,1919.300048828125,1882.0,1889.699951171875,12764638,1889.699951171875,0.8967512005563678,0.88775850624729,0.8793386540156022,0.8583021893877913,0.24006448542509592,0.8583021893877913
2024-11-26,1904.949951171875,1938.5999755859375,1897.300048828125,1924.1500244140625,6850495,1924.1500244140625,0.8823911630929174,0.9126151331666216,0.8986495845248786,0.9026794616955023,0.12883722649104443,0.9026794616955023
2024-11-27,1930.0999755859375,1941.4000244140625,1911.75,1924.5,4447143,1924.5,0.9150747555738304,0.9162213525036168,0.9168875657285448,0.9031302869163665,0.0836373969952628,0.9031302869163665
2024-11-28,1914.9000244140625,1914.9000244140625,1851.6500244140625,1856.6500244140625,8468790,1856.6500244140625,0.8953217326084308,0.8820916575245595,0.8410324841411037,0.8157285324561924,0.15927249276659455,0.8157285324561924
2024-11-29,1851.0999755859375,1877.0,1845.0,1857.8499755859375,5244346,1857.8499755859375,0.8124106879974822,0.8332797226962283,0.8326391671793374,0.8172742638552492,0.09863038997903115,0.8172742638552492
2024-12-02,1859.0,1882.800048828125,1835.199951171875,1879.800048828125,2868263,1879.800048828125,0.8226771264822937,0.8407496810874564,0.8202700522808569,0.8455495122297545,0.05394340843499376,0.8455495122297545
2024-12-03,1887.0,1899.75,1871.1500244140625,1892.0999755859375,4715792,1892.0999755859375,0.8590643909397336,0.8625797438574945,0.8656443758521081,0.8613938094322322,0.08868987744515622,0.8613938094322322
2024-12-04,1884.0,1913.949951171875,1875.0,1889.25,4705573,1889.25,0.8551657554621508,0.880868045827819,0.870503615965498,0.8577225794247268,0.08849768876134402,0.8577225794247268
2024-12-05,1900.0,1949.9000244140625,1888.949951171875,1934.8499755859375,9050038,1934.8499755859375,0.8759584780092593,0.9271686131572766,0.8881105230227281,0.9164627312837952,0.17020402110483385,0.9164627312837952
2024-12-06,1932.800048828125,1937.949951171875,1912.4000244140625,1922.4000244140625,3573331,1922.4000244140625,0.9185836226851852,0.9117779582616822,0.9177079929330789,0.9004251783448535,0.06720361891724179,0.9004251783448535
2024-12-09,1924.199951171875,1930.199951171875,1897.199951171875,1923.6500244140625,4274645,1923.6500244140625,0.9074074074074074,0.9017966323715805,0.8985232464389222,0.902035380738174,0.0803932279395592,0.902035380738174
2024-12-10,1939.0,1965.5999755859375,1932.0,1948.550048828125,6174921,1948.550048828125,0.9266407392178363,0.9473887846547177,0.9424460686592032,0.934110643862385,0.11613170952483093,0.934110643862385
2024-12-11,1955.0,1978.0,1952.0,1974.1500244140625,5025612,1974.1500244140625,0.9474334617649448,0.9633589375220691,0.9676890345166436,0.9670875574283244,0.09451666069387844,0.9670875574283244
2024-12-12,1975.199951171875,1998.800048828125,1970.550048828125,1987.0,6462130,1987.0,0.9736842105263158,0.9901475911844618,0.9911019469777542,0.9836404065823942,0.12153324780538823,0.9836404065823942
2024-12-13,1969.75,2006.449951171875,1953.800048828125,1999.699951171875,5362693,1999.699951171875,0.9666017528630604,1.0,0.9699609630721479,1.0,0.10085614143838344,1.0
2024-12-16,1995.449951171875,1999.5999755859375,1977.5999755859375,1980.050048828125,3119221,1980.050048828125,1.0,0.9911778272693571,1.0,0.9746877441740629,0.058663174333040476,0.9746877441740629
2024-12-17,1968.0,1982.0,1958.0,1976.5999755859375,5811050,1976.5999755859375,0.9643275488344705,0.9685105895943797,0.9752619242738757,0.9702434912207016,0.10928838937927607,0.9702434912207016
2024-12-18,1966.800048828125,1984.949951171875,1961.5999755859375,1979.1500244140625,3064095,1979.1500244140625,0.9627681580977908,0.9723098701113309,0.9798056273140476,0.9735283670016066,0.05762641991638222,0.9735283670016066
2024-12-19,1934.0,1959.75,1920.0,1946.199951171875,5323592,1946.199951171875,0.9201430134218649,0.9398545249421524,0.9273002891447389,0.9310833375658804,0.10012076911959096,0.9310833375658804
2024-12-20,1975.1500244140625,1979.949951171875,1911.25,1922.1500244140625,11056720,1922.1500244140625,0.9736193284498863,0.9658703050209427,0.9162564915821088,0.9001031378661893,0.2079436798199343,0.9001031378661893
2024-12-23,1930.050048828125,1940.0,1909.0,1924.300048828125,2781793,1924.300048828125,0.9150098734974009,0.9144182428351192,0.9134166579231467,0.9028727174319662,0.05231716756120572,0.9028727174319662
2024-12-24,1927.050048828125,1942.0,1840.0,1909.050048828125,2360544,1909.050048828125,0.9111112380198181,0.9169940688712744,0.8263284257149772,0.8832282482334555,0.04439473964583231,0.8832282482334555
2024-12-26,1909.050048828125,1919.75,1902.300048828125,1907.4000244140625,3623321,1907.4000244140625,0.887719425154321,0.8883380042190471,0.9049603259892388,0.8811027496250068,0.0681437806066215,0.8811027496250068
2024-12-27,1909.4000244140625,1924.1500244140625,1903.9000244140625,1916.75,3937500,1916.75,0.8881742342328622,0.8940048529417776,0.9069797324436667,0.893147032077779,0.07405254354736227,0.893147032077779
2024-12-30,1915.699951171875,1916.0,1886.5,1906.0,7789055,1906.0,0.896361273554256,0.883508330401256,0.8850183213335262,0.8792992914952223,0.14648871989340947,0.8792992914952223
2024-12-31,1892.300048828125,1897.0,1845.050048828125,1880.0,3613063,1880.0,0.8659520437378168,0.8590379830577809,0.8327023362223156,0.8458070817141548,0.06795085844999704,0.8458070817141548
2025-01-01,1874.0,1892.949951171875,1874.0,1882.5,1838368,1882.5,0.842170303870208,0.8538218724481887,0.869241467672626,0.8490274865007958,0.03457417812725772,0.8490274865007958
2025-01-02,1887.0,1962.6500244140625,1885.300048828125,1957.8499755859375,7083645,1957.8499755859375,0.8590643909397336,0.9435895041377664,0.8835038050104144,0.9460904553208934,0.13322207741880762,0.9460904553208934
2025-01-03,1952.949951171875,1952.949951171875,1922.0,1938.75,6218003,1938.75,0.944769330734243,0.9310966535328467,0.929824585730483,0.9214865942002208,0.11694195249146139,0.9214865942002208
2025-01-06,1952.0,1973.0,1928.0,1937.8499755859375,7164403,1937.8499755859375,0.943534826287362,0.956919372431681,0.9373974754877151,0.9203272170277645,0.1347408927360896,0.9203272170277645
2025-01-07,1945.0,1958.550048828125,1923.6500244140625,1930.8499755859375,4294832,1930.8499755859375,0.934438010173002,0.9383090922068371,0.9319071612278891,0.9113100836251694,0.08077288475139174,0.9113100836251694
2025-01-08,1930.0,1938.5999755859375,1888.75,1933.1500244140625,5482050,1933.1500244140625,0.9149448327850878,0.9126151331666216,0.8878581549924883,0.9142729189274102,0.10310088796287424,0.9142729189274102
2025-01-09,1934.050048828125,1951.8499755859375,1910.550048828125,1917.300048828125,6833503,1917.300048828125,0.920208054134178,0.9296799806561502,0.915373049405433,0.8938555840293712,0.1285176580288332,0.8938555840293712
2025-01-10,1937.0,1977.800048828125,1932.25,1966.949951171875,8036913,1966.949951171875,0.9240416488994477,0.9631014178048315,0.9427616057324212,0.9578126972950015,0.15115018410637762,0.9578126972950015
2025-01-13,1956.0,1982.800048828125,1949.0,1962.199951171875,5804152,1962.199951171875,0.9487330069241391,0.9695409828952196,0.9639025896380276,0.9516939282003833,0.10915865872647867,0.9516939282003833
2025-01-14,1968.8499755859375,1971.800048828125,1931.0999755859375,1940.050048828125,5792162,1940.050048828125,0.9654321304926088,0.9553739396963657,0.941310104381451,0.9231612675878051,0.10893316285419097,0.9231612675878051
2025-01-15,1947.0,1958.050048828125,1937.0999755859375,1949.6500244140625,2985439,1949.6500244140625,0.9370371004913906,0.9376651356977983,0.9488829941386832,0.9355275905192415,0.056147136902982515,0.9355275905192415
2025-01-16,1965.949951171875,1966.949951171875,1916.8499755859375,1928.449951171875,7533579,1928.449951171875,0.9616634178037686,0.9491274357859335,0.9233244912080247,0.9082184635807284,0.14168398399110957,0.9082184635807284
2025-01-17,1851.0,1858.0,1812.0,1815.449951171875,16409953,1815.449951171875,0.8122807652087395,0.8088093753527533,0.7909882735145607,0.7626561672245504,0.30862190708385223,0.7626561672245504
2025-01-20,1822.949951171875,1827.949951171875,1793.1500244140625,1813.300048828125,4333011,1813.300048828125,0.7758284600389863,0.7701075262731426,0.7671968090080904,0.7598867449051011,0.08149091702062215,0.7598867449051011
2025-01-21,1819.050048828125,1831.6500244140625,1793.050048828125,1800.699951171875,7169109,1800.699951171875,0.7707603608268356,0.7748728987695965,0.7670706249929705,0.7436557789833679,0.1348293984554379,0.7436557789833679
2025-01-22,1807.4000244140625,1865.800048828125,1805.1500244140625,1856.449951171875,8373913,1856.449951171875,0.7556206279950455,0.8188551597801367,0.7823425885225547,0.8154708057254646,0.1574881414842725,0.8154708057254646
2025-01-23,1858.0,1879.550048828125,1852.699951171875,1865.449951171875,5907471,1865.449951171875,0.8213775813230995,0.8365639637787041,0.8423576474061173,0.8270642629573726,0.11110177866216628,0.8270642629573726
2025-01-24,1865.5,1894.9000244140625,1864.25,1875.449951171875,4887027,1875.449951171875,0.8311241700170565,0.8563333971630068,0.8569355218171237,0.839945882103937,0.0919102932659391,0.839945882103937
2025-01-27,1848.75,1863.0,1812.0,1822.0,7652371,1822.0,0.8093567886005523,0.8152489404431414,0.7909882735145607,0.7710936906640811,0.1439181045633199,0.7710936906640811
2025-01-28,1830.0,1863.5,1824.9000244140625,1829.75,6999495,1829.75,0.7849903168656596,0.8158928969521803,0.807270017306777,0.7810769455026686,0.13163946877385255,0.7810769455026686
2025-01-29,1845.0,1888.6500244140625,1840.5,1881.25,5145155,1881.25,0.8044834942535738,0.8482839408000217,0.8269594998614133,0.8474172841074753,0.09676490531947396,0.8474172841074753
2025-01-30,1873.1500244140625,1887.199951171875,1844.0,1859.949951171875,7336056,1859.949951171875,0.8410657222120695,0.8464163725942423,0.8313770188864653,0.8199793724267621,0.1379691698808605,0.8199793724267621
2025-01-31,1871.0,1897.449951171875,1871.0,1879.800048828125,5820470,1879.800048828125,0.8382716683926251,0.859617481029538,0.8654550227940099,0.8455495122297545,0.10946555127393413,0.8455495122297545
2025-02-01,1880.300048828125,1890.5999755859375,1846.0,1851.3499755859375,1701402,1851.3499755859375,0.8503575018274854,0.8507953082988952,0.8339013154722094,0.8089012114099822,0.031998259224525524,0.8089012114099822
2025-02-03,1836.0,1876.550048828125,1832.4000244140625,1863.300048828125,4823228,1863.300048828125,0.7927875878208253,0.8327002247244712,0.8167361295033172,0.8242948406379232,0.09071042578002718,0.8242948406379232
2025-02-04,1889.0,1911.199951171875,1875.0,1898.800048828125,7334787,1898.800048828125,0.8616634812581222,0.8773262850281055,0.870503615965498,0.870024588608227,0.13794530380396866,0.870024588608227
2025-02-05,1906.0,1919.699951171875,1894.300048828125,1897.050048828125,4996744,1897.050048828125,0.883755748964425,0.8882735456817654,0.8948631396462626,0.8677703052575781,0.09397374035683076,0.8677703052575781
2025-02-06,1917.0,1924.0,1900.0,1915.6500244140625,4765255,1915.6500244140625,0.8980507457155621,0.893811634545877,0.9020573232872985,0.8917300854209225,0.08962012784807258,0.8917300854209225
2025-02-07,1919.300048828125,1923.699951171875,1889.449951171875,1903.6500244140625,4126260,1903.6500244140625,0.9010397630360624,0.8934251977540759,0.8887415971691641,0.8762721424450451,0.07760255195879086,0.8762721424450451
2025-02-10,1905.0,1905.0,1878.5999755859375,1880.300048828125,3828734,1880.300048828125,0.8824562038052307,0.869341287202402,0.87504731900567,0.8461935931870828,0.07200698190889308,0.8461935931870828
2025-02-11,1883.0999755859375,1903.0,1870.0,1875.6500244140625,4411601,1875.6500244140625,0.8539961330916992,0.8667654611662468,0.8641928745011379,0.8402036088346647,0.08296895877233953,0.8402036088346647
2025-02-12,1885.0,1894.5999755859375,1847.0,1863.1500244140625,5633947,1863.1500244140625,0.8564653006213451,0.8559469603712057,0.8351634637650814,0.8241015849014592,0.10595761411073804,0.8241015849014592
2025-02-13,1868.5,1873.5,1835.6500244140625,1843.25,5237744,1843.25,0.8350228054946394,0.8287720271329566,0.8208381114551513,0.7984671313505305,0.098506226196809,0.7984671313505305
2025-02-14,1854.0,1859.300048828125,1828.3499755859375,1856.4000244140625,5292961,1856.4000244140625,0.8161794006863223,0.810483725162632,0.8116243672888509,0.8154064919775282,0.09954469205002923,0.8154064919775282
2025-02-17,1838.550048828125,1852.75,1822.1500244140625,1842.300048828125,4428956,1842.300048828125,0.7961014914311241,0.8020478320078457,0.803799109501379,0.7972434404301378,0.08329535417380353,0.7972434404301378
2025-02-18,1842.300048828125,1861.6500244140625,1837.5999755859375,1851.949951171875,4365260,1851.949951171875,0.8009747857781027,0.8135102893119256,0.8232992389979171,0.8096740771095106,0.08209742380839584,0.8096740771095106
2025-02-19,1847.4000244140625,1849.199951171875,1805.9000244140625,1810.800048828125,4611411,1810.800048828125,0.8076024343628168,0.7974756779072922,0.7832891997422087,0.7566663401184599,0.08672678448058041,0.7566663401184599
2025-02-20,1805.550048828125,1831.0,1805.550048828125,1825.1500244140625,2218020,1825.1500244140625,0.7532165011777128,0.7740357238646572,0.7828474786538707,0.7751514321445144,0.04171429146385281,0.7751514321445144
2025-02-21,1821.800048828125,1829.8499755859375,1806.199951171875,1815.0,3379879,1815.0,0.7743341100146199,0.772554592450679,0.7836677517875683,0.762076557261486,0.06356536808439751,0.762076557261486
2025-02-24,1800.050048828125,1808.0,1750.25,1764.0999755859375,7594720,1764.0999755859375,0.7460690028021443,0.7444137244488717,0.7130506164297135,0.6965090843562076,0.1428338624838154,0.6965090843562076
2025-02-25,1745.1500244140625,1778.449951171875,1745.1500244140625,1767.699951171875,5092963,1767.699951171875,0.6747239418352015,0.7063558318782998,0.7066136909502334,0.7011464357997053,0.09578333062669328,0.7011464357997053
2025-02-27,1755.199951171875,1775.8499755859375,1751.0999755859375,1764.300048828125,5757079,1764.300048828125,0.6877842755035738,0.7030072894744869,0.7141234116644873,0.6967668110869354,0.10827335704205837,0.6967668110869354
2025-02-28,1755.050048828125,1755.0999755859375,1682.449951171875,1687.699951171875,12182167,1687.699951171875,0.6875894706384016,0.676283094349376,0.6274769005446558,0.5980934826271899,0.22910995613174337,0.5980934826271899
2025-03-03,1692.300048828125,1728.5999755859375,1692.300048828125,1708.5999755859375,7504969,1708.5999755859375,0.6060430118989604,0.6421533993703187,0.6399091844861144,0.625016098092775,0.14114591585882003,0.625016098092775
2025-03-04,1695.0,1699.0,1670.0,1688.300048828125,6759673,1688.300048828125,0.6095517203744314,0.6040312054784097,0.6117632159267338,0.5988665055730457,0.1271291375742042,0.5988665055730457
2025-03-05,1692.449951171875,1732.949951171875,1692.449951171875,1711.5,8180782,1711.5,0.6062378167641326,0.6477557895557675,0.640098383473376,0.6287517990945442,0.15385592769688314,0.6287517990945442
2025-03-06,1715.0,1722.300048828125,1691.0999755859375,1715.8499755859375,10610547,1715.8499755859375,0.6355426235583171,0.6340396416859964,0.6383945140921661,0.6343552719740342,0.1995525063565293,0.6343552719740342
2025-03-07,1703.0999755859375,1705.0,1675.5,1686.0,8019331,1686.0,0.6200780044367284,0.6117586835868755,0.6187050315375299,0.5959036702708049,0.15081951951700628,0.5959036702708049
2025-03-10,1686.0,1719.0,1676.199951171875,1701.449951171875,7558981,1701.449951171875,0.5978558139416829,0.6297894658399623,0.6195884737142057,0.615805708953716,0.14216171928284038,0.615805708953716
2025-03-11,1680.0,1680.0,1637.050048828125,1661.5999755859375,12671234,1661.5999755859375,0.5900585429865172,0.5795608581349346,0.5701754913049353,0.5644724881039223,0.23830783684668377,0.5644724881039223
2025-03-12,1636.9000244140625,1636.9000244140625,1563.800048828125,1590.8499755859375,14870008,1590.8499755859375,0.5340481783524204,0.5240518384989776,0.4777231288520598,0.4733350326419789,0.2796601688811747,0.4733350326419789
2025-03-13,1599.25,1606.050048828125,1570.300048828125,1579.8499755859375,7822888,1579.8499755859375,0.4851202713815789,0.4843197533344716,0.48592709275572793,0.459165251580758,0.14712501696155877,0.459165251580758
2025-03-17,1545.1500244140625,1594.0,1545.1500244140625,1590.050048828125,7526032,1590.050048828125,0.414814909996345,0.46880033858025827,0.4541840323758293,0.4723045974580502,0.14154204759843605,0.4723045974580502
2025-03-18,1590.050048828125,1590.050048828125,1590.050048828125,1590.050048828125,0,1590.050048828125,0.473164519371345,0.4637131450452295,0.5108545215399504,0.4723045974580502,0.0,0.4723045974580502
2025-03-19,1603.0,1603.0,1572.800048828125,1586.550048828125,7387068,1586.550048828125,0.4899935657285575,0.48039155574295694,0.48908246348790796,0.4677960307567527,0.13892855231932097,0.4677960307567527
2025-03-20,1592.0,1631.9000244140625,1592.0,1615.550048828125,7186750,1615.550048828125,0.4756985689774204,0.5176122734085895,0.5133156490827162,0.5051527262817895,0.13516117265752528,0.5051527262817895
2025-03-21,1577.949951171875,1603.9000244140625,1563.6500244140625,1592.550048828125,10074677,1592.550048828125,0.45743989603638724,0.48155070890241575,0.47753377579396167,0.4755250022446913,0.18947440184586897,0.4755250022446913
2025-03-24,1597.949951171875,1607.0999755859375,1572.699951171875,1592.75,8857726,1592.75,0.4834307992202729,0.4856719676738863,0.48895612540195155,0.4757825717290916,0.16658721024650233,0.4757825717290916
2025-03-25,1605.0,1636.1500244140625,1605.0,1628.449951171875,9890140,1628.449951171875,0.4925926560469461,0.5230859037354194,0.5297235768900524,0.5217698891837956,0.1860038153751135,0.5217698891837956
2025-03-26,1626.0,1637.75,1595.0,1599.449951171875,6651302,1599.449951171875,0.5198831043900259,0.5251465331211547,0.5171020939613322,0.4844131936587588,0.12509100469883372,0.4844131936587588
2025-03-27,1595.550048828125,1619.949951171875,1586.0,1603.550048828125,9426573,1603.550048828125,0.48031201774691357,0.502221618512995,0.5057427593254841,0.4896947833059122,0.17728551303743223,0.4896947833059122
2025-03-28,1590.0,1598.449951171875,1560.0,1570.6500244140625,6799047,1570.6500244140625,0.47309947865903185,0.47453148862432587,0.47292690371081153,0.4473142248644497,0.1278696442026826,0.4473142248644497
2025-04-01,1539.25,1547.4000244140625,1517.8499755859375,1526.5,12680733,1526.5,0.407147561829922,0.4087836233810295,0.41972732235208854,0.3904418448831023,0.2384864844939616,0.3904418448831023
2025-04-02,1535.199951171875,1555.6500244140625,1535.199951171875,1550.1500244140625,6193478,1550.1500244140625,0.4018843404808317,0.41940890578017,0.44162556441925077,0.42090690561399263,0.11648071093450925,0.42090690561399263
2025-04-03,1534.6500244140625,1534.6500244140625,1485.050048828125,1496.5,10459504,1496.5,0.40116968582480506,0.3923627324005397,0.3783289507883882,0.35179698744340904,0.19671184138255488,0.35179698744340904
2025-04-04,1460.5,1472.0,1448.0,1451.6500244140625,9590254,1451.6500244140625,0.30480838054337234,0.3116749503747871,0.3315662949091452,0.29402295702033304,0.1803638608165753,0.29402295702033304
2025-04-07,1352.0,1405.9000244140625,1307.0,1396.75,21715252,1396.75,0.16380773077079272,0.22654393132304448,0.1536033856141903,0.22330283645642884,0.4083986398404941,0.22330283645642884
2025-04-08,1431.0,1456.5,1415.0,1428.800048828125,12805001,1428.800048828125,0.266471798347141,0.2917122985945838,0.28991540124436854,0.2645884887196988,0.24082359217181393,0.2645884887196988
2025-04-09,1405.050048828125,1409.449951171875,1381.9000244140625,1403.699951171875,8546854,1403.699951171875,0.23274866492040286,0.23111592820765334,0.24813832356447194,0.23225549886476013,0.16074064203884378,0.23225549886476013
2025-04-11,1411.25,1438.800048828125,1397.050048828125,1409.449951171875,12567440,1409.449951171875,0.24080578145305392,0.2689163010609875,0.26725990101565034,0.2396624298740347,0.23635578358828252,0.2396624298740347
2025-04-15,1445.5999755859375,1447.699951171875,1409.0,1426.0,10178530,1426.0,0.2854451259442008,0.2803786011491228,0.2823425114871364,0.2609815724601298,0.19142756471698621,0.2609815724601298
2025-04-16,1425.0,1427.5,1396.800048828125,1413.0999755859375,12022740,1413.0999755859375,0.25867452739197533,0.2543628210703324,0.26694436394243237,0.2443642523117962,0.22611161331012425,0.2443642523117962
2025-04-17,1398.0,1429.800048828125,1378.300048828125,1419.5,14264227,1419.5,0.2235868080937297,0.25732508389828884,0.24359462052429998,0.25260852001486295,0.26826724853002176,0.25260852001486295
2025-04-21,1410.0,1471.800048828125,1410.0,1451.0,15648970,1451.0,0.23918135000406107,0.3114174306575494,0.28360465978000843,0.2931856203265409,0.29431010346574366,0.2931856203265409
2025-04-22,1440.0,1440.0,1419.300048828125,1422.800048828125,9399738,1422.800048828125,0.27816770477988956,0.27046173379630284,0.2953427005320528,0.25685951723176015,0.17678082732159897,0.25685951723176015
2025-04-23,1446.0,1487.800048828125,1439.5999755859375,1474.9000244140625,11136642,1474.9000244140625,0.28596497573505525,0.3320240389467915,0.3209642184348529,0.32397272153609535,0.2094467724892403,0.32397272153609535
2025-04-24,1469.9000244140625,1482.9000244140625,1461.5,1471.4000244140625,7114292,1471.4000244140625,0.31702413676697533,0.3257132337150222,0.34860529686291747,0.3194641548347978,0.1337984554002923,0.3194641548347978
2025-04-25,1475.5,1501.699951171875,1463.5,1480.199951171875,8329979,1480.199951171875,0.32430155793128657,0.34992590412531493,0.3511295934486615,0.330799885335978,0.15666187495774303,0.330799885335978
2025-04-28,1480.199951171875,1489.5999755859375,1465.300048828125,1482.0999755859375,5886253,1482.0999755859375,0.3304093567251462,0.3343421880497645,0.35340152200416575,0.33324742442309074,0.11070273183829633,0.33324742442309074
2025-04-29,1482.0,1509.800048828125,1474.0999755859375,1497.5,8056743,1497.5,0.3327486014660494,0.36035812534449946,0.3645083345389376,0.35308514935806545,0.15152312682092853,0.35308514935806545
2025-04-30,1496.800048828125,1508.800048828125,1482.5999755859375,1500.0999755859375,7704183,1500.0999755859375,0.35198193327647825,0.35907021232642183,0.37523659502834983,0.35643433888690673,0.14489253259792967,0.35643433888690673
2025-05-02,1499.699951171875,1523.199951171875,1496.199951171875,1506.9000244140625,7402310,1506.9000244140625,0.3557504873294347,0.377616034013984,0.392401780997242,0.3651939028051015,0.13921520853995561,0.3651939028051015
2025-05-05,1515.0,1523.0,1502.800048828125,1508.5999755859375,4282493,1508.5999755859375,0.3756335917194607,0.37735851429674633,0.4007320829868665,0.3673837151614865,0.08054082523778389,0.3673837151614865
2025-05-06,1506.0,1515.5999755859375,1499.0999755859375,1511.5,4270530,1511.5,0.36393768528671216,0.36782792651978297,0.3960620418607381,0.37111941616325567,0.08031583715436622,0.37111941616325567
2025-05-07,1500.0,1518.800048828125,1496.5999755859375,1508.300048828125,5691799,1508.300048828125,0.3561404143315465,0.37194934250719813,0.3929066711285581,0.36699736093488605,0.10704563639627505,0.36699736093488605
2025-05-08,1508.0,1516.5,1501.199951171875,1511.4000244140625,8424409,1511.4000244140625,0.36653677560510073,0.3689870796792417,0.3987125224616021,0.3709906314210555,0.15843781951321667,0.3709906314210555
2025-05-09,1500.699951171875,1511.4000244140625,1494.0999755859375,1507.5999755859375,4478653,1507.5999755859375,0.357050032488629,0.3624187547302347,0.38975130039637806,0.36609555324683,0.08423000541359356,0.36609555324683
2025-05-12,1537.0,1632.0,1532.0,1626.9000244140625,11372857,1626.9000244140625,0.4042235852217349,0.5177410332672083,0.43758675151039494,0.5197733325638746,0.2138892668572505,0.5197733325638746
2025-05-13,1609.0,1612.199951171875,1564.5999755859375,1568.5999755859375,12846210,1568.5999755859375,0.4977908366837232,0.49224029262289337,0.4787327550438555,0.44467343004087306,0.24159860963645985,0.44467343004087306
2025-05-14,1574.0,1595.0,1569.5,1592.4000244140625,4870057,1592.4000244140625,0.45230675611192334,0.4700882515983359,0.4849173124930957,0.47533174650822735,0.09159113855762195,0.47533174650822735
2025-05-15,1589.800048828125,1618.5999755859375,1571.0,1613.0,11151167,1613.0,0.4728396330815465,0.5004829673817791,0.4868105349324037,0.5018678505008846,0.20971994409432612,0.5018678505008846
2025-05-16,1612.5999755859375,1612.5999755859375,1581.5,1589.9000244140625,4576751,1589.9000244140625,0.5024691675296459,0.4927554892733133,0.5000630920075599,0.47211134172158625,0.08607493402741176,0.47211134172158625
2025-05-19,1576.5,1585.0,1555.699951171875,1559.800048828125,8855798,1559.800048828125,0.45555561900990904,0.4572091214175596,0.4674996044231272,0.4333376995396928,0.1665509503597825,0.4333376995396928
2025-05-20,1570.0,1583.5,1558.0,1560.5999755859375,7143998,1560.5999755859375,0.4471085754751462,0.4552772518904431,0.4704026071250675,0.4343681347236215,0.1343571359993064,0.4343681347236215
2025-05-21,1567.9000244140625,1571.0,1552.0999755859375,1568.5,4157309,1568.5,0.44437956236801496,0.43917833916447274,0.4629559013829552,0.4445446452986729,0.0781864903523406,0.4445446452986729
2025-05-22,1555.5,1560.800048828125,1540.0,1547.5,6158990,1547.5,0.4282651706668291,0.4260416892664587,0.4476839378533711,0.4174932450908876,0.11583209528451269,0.4174932450908876
2025-05-23,1550.0,1587.199951171875,1550.0,1564.800048828125,5038421,1564.800048828125,0.42111767229126057,0.46004246717095254,0.4603054207820913,0.43977850911297506,0.094757559495224,0.43977850911297506
2025-05-26,1566.5999755859375,1583.800048828125,1562.699951171875,1580.5,3170102,1580.5,0.4426900902067089,0.45566368868224427,0.4763346424732314,0.4600025882745502,0.05962009305513148,0.4600025882745502
2025-05-27,1579.9000244140625,1582.9000244140625,1556.4000244140625,1570.0999755859375,7775714,1570.0999755859375,0.45997410427834634,0.45450453552278547,0.46838320067063954,0.4466056729128577,0.1462378157706246,0.4466056729128577
2025-05-28,1581.0,1587.699951171875,1570.0,1571.800048828125,3623370,1571.800048828125,0.4614035722262833,0.46068642367999135,0.4855483866395317,0.44879564251557014,0.06814470214938566,0.44879564251557014
2025-05-29,1589.0,1608.9000244140625,1576.5999755859375,1585.5999755859375,8609500,1585.5999755859375,0.47179993349983756,0.4879902739928039,0.49387853455831976,0.4665721825900326,0.16191882505930552,0.4665721825900326
2025-05-30,1571.0,1572.0,1555.0999755859375,1562.699951171875,13148092,1562.699951171875,0.4484081206343405,0.44046625218255037,0.4667423462615713,0.43707324329513453,0.24727610295739058,0.43707324329513453
2025-06-02,1560.0,1560.0,1539.0,1553.800048828125,4374509,1553.800048828125,0.4341131238832034,0.42501129596561876,0.44642178956049905,0.42560872805175415,0.082271369706877,0.42560872805175415
2025-06-03,1559.0,1567.300048828125,1535.5999755859375,1543.0,6853403,1543.0,0.4328135787240091,0.4344131238839633,0.4421304545505669,0.4116965164749336,0.12889191723304716,0.4116965164749336
2025-06-04,1543.0,1557.300048828125,1541.4000244140625,1551.199951171875,4548307,1551.199951171875,0.4120208561769006,0.421533993703187,0.44945097627755926,0.42225938127658547,0.0855399878563232,0.42225938127658547
2025-06-05,1547.9000244140625,1567.699951171875,1541.5999755859375,1554.300048828125,6948539,1554.300048828125,0.4183886591841293,0.4349281633184387,0.449703344307799,0.4262528090090824,0.13068113952712254,0.4262528090090824
2025-06-06,1554.699951171875,1568.9000244140625,1543.0999755859375,1563.800048828125,3960020,1563.800048828125,0.4272254710851202,0.4364737532696986,0.4515965667471071,0.4384903471983186,0.07447607707896521,0.4384903471983186
2025-06-09,1578.0,1588.0,1571.0,1572.9000244140625,2903202,1572.9000244140625,0.45750493674870046,0.46107286047179247,0.4868105349324037,0.45021258917242674,0.05460050603981949,0.45021258917242674
2025-06-10,1584.0,1607.5,1577.5,1596.0,8591925,1596.0,0.46530220770386616,0.4861871643243063,0.49501449883607185,0.47996909795172504,0.16158829211890047,0.47996909795172504
2025-06-11,1590.0999755859375,1634.5999755859375,1590.0999755859375,1631.0999755859375,10597410,1631.0999755859375,0.47322940144777453,0.5210895756710212,0.510917536512092,0.5251835497069007,0.19930543886076252,0.5251835497069007
2025-06-12,1617.0,1628.0,1598.0999755859375,1608.5999755859375,10483574,1608.5999755859375,0.5081871979572774,0.5125893811948978,0.5210147228550682,0.49619990662713076,0.1971645257566971,0.49619990662713076
2025-06-13,1576.0,1609.0,1570.199951171875,1602.0,6968315,1602.0,0.4549058464303119,0.48811903385142275,0.4858007546697715,0.4876980694396637,0.13105306666393338,0.4876980694396637
2025-06-16,1600.0,1634.800048828125,1597.0999755859375,1623.800048828125,5591842,1623.800048828125,0.48609493025097467,0.5213472526042036,0.5197525745621961,0.5157800620777052,0.10516574557840491,0.5157800620777052
2025-06-17,1620.699951171875,1647.4000244140625,1615.5999755859375,1639.9000244140625,7622083,1639.9000244140625,0.5129954515919428,0.5375749251887928,0.5431023179803286,0.5365194374544084,0.1433484782931072,0.5365194374544084
2025-06-18,1621.0,1644.699951171875,1621.0,1632.9000244140625,5629707,1632.9000244140625,0.5133853785940545,0.5340974657104164,0.5499179495760048,0.5275023040518133,0.10587787245114672,0.5275023040518133
2025-06-19,1623.9000244140625,1630.0,1611.5,1618.4000244140625,5147760,1618.4000244140625,0.5171540912828947,0.5151652072310531,0.5379275407937205,0.5088239562892949,0.09681389754193513,0.5088239562892949
2025-06-20,1619.0,1630.699951171875,1608.9000244140625,1622.9000244140625,9202821,1622.9000244140625,0.510786288275666,0.5160666834573295,0.5346459860464207,0.5146206849052488,0.173077410250433,0.5146206849052488
2025-06-23,1601.0,1601.0,1575.4000244140625,1584.0,7943676,1584.0,0.48739447541016895,0.4778157297068017,0.4923640182352079,0.4645111549758478,0.14939667629616166,0.4645111549758478
2025-06-24,1601.0,1609.0,1576.5999755859375,1581.5999755859375,8083992,1581.5999755859375,0.48739447541016895,0.48811903385142275,0.49387853455831976,0.4614195349314068,0.15203559863276905,0.4614195349314068
2025-06-25,1590.0,1619.9000244140625,1585.0999755859375,1614.9000244140625,7813533,1614.9000244140625,0.47309947865903185,0.5021573171916579,0.5046067950477319,0.5043153895879974,0.14694907752158784,0.5043153895879974
2025-06-26,1608.800048828125,1624.0,1606.5999755859375,1616.0,6519233,1616.0,0.49753099110623783,0.5074377291225872,0.5317429833444803,0.5057323362448539,0.12260718365153045,0.5057323362448539
2025-06-27,1619.0,1629.5999755859375,1602.4000244140625,1608.0,8912268,1608.0,0.510786288275666,0.5146500105806331,0.5264420221427525,0.49542704092760237,0.16761298137797162,0.49542704092760237
2025-06-30,1615.0,1615.0,1594.0999755859375,1601.800048828125,6294505,1601.800048828125,0.5055881076388888,0.49584651195988855,0.5159661296835801,0.4874404999552634,0.11838072523722909,0.4874404999552634
2025-07-01,1609.0,1617.699951171875,1600.5,1606.800048828125,4178937,1606.800048828125,0.4977908366837232,0.4993238142223203,0.5240439095721283,0.49388130952854564,0.07859324804423706,0.49388130952854564
2025-07-02,1618.0,1649.0,1603.4000244140625,1610.5,8653641,1610.5,0.5094867431164717,0.539635554574528,0.5277041704356245,0.49864744571424346,0.1627489846338386,0.49864744571424346
2025-07-03,1618.5,1632.4000244140625,1615.0,1618.699951171875,5259695,1618.699951171875,0.5101365156960689,0.5182562299176283,0.5423450598187727,0.5092103105158953,0.09891905854815075,0.5092103105158953
2025-07-04,1625.0,1643.4000244140625,1612.300048828125,1640.699951171875,4411273,1640.699951171875,0.5185835592308317,0.5324232731164822,0.5389373210563528,0.5375498726383371,0.08296279007791832,0.5375498726383371
2025-07-07,1640.0,1644.0,1623.0,1627.0,3294523,1627.0,0.5380767366187459,0.5331959894841399,0.5524422461617488,0.5199021173060748,0.061960078203247386,0.5199021173060748
2025-07-08,1628.0,1646.199951171875,1621.5,1638.699951171875,4590681,1638.699951171875,0.5224821947084145,0.5360293352375328,0.5505490237224407,0.5349735488090241,0.08633691547036154,0.5349735488090241
2025-07-09,1637.800048828125,1638.0,1623.5999755859375,1633.699951171875,4580828,1633.699951171875,0.535217800722872,0.5254685113756741,0.5531995043233047,0.528532739235742,0.08615161014678765,0.528532739235742
2025-07-10,1638.9000244140625,1638.9000244140625,1607.0999755859375,1615.800048828125,5330179,1615.800048828125,0.5366472686708089,0.5266276645351329,0.5323740574909164,0.5054747667604537,0.1002446507968853,0.5054747667604537
2025-07-11,1579.0999755859375,1607.0999755859375,1563.0,1594.9000244140625,11391755,1594.9000244140625,0.45893440469663743,0.4856719676738863,0.47671334858942754,0.47855215129486844,0.21424468145228745,0.47855215129486844
2025-07-14,1591.800048828125,1591.800048828125,1559.800048828125,1570.300048828125,9173426,1570.300048828125,0.47543872339993504,0.4659669928268653,0.4726745356805717,0.44686339964358546,0.17252457862692197,0.44686339964358546
2025-07-15,1565.0999755859375,1603.5999755859375,1564.0,1585.5999755859375,7614807,1585.5999755859375,0.4407407724679175,0.48116427211061463,0.47797549688229957,0.4665721825900326,0.1432116385961293,0.4665721825900326
2025-07-16,1579.0,1612.0,1578.5,1607.9000244140625,6223491,1607.9000244140625,0.45880448190789475,0.4919827729056557,0.49627664712894387,0.49529825618540224,0.11704516528104562,0.49529825618540224
2025-07-17,1598.0,1610.0,1580.0999755859375,1583.5,7374814,1583.5,0.4834958399325861,0.48940694686950037,0.4982960535833718,0.4638670740185195,0.13869809140030398,0.4638670740185195
2025-07-18,1592.0999755859375,1599.300048828125,1580.0,1586.0999755859375,5161833,1586.0999755859375,0.4758284917661631,0.47562634046244756,0.49816986956825193,0.4672162635473608,0.0970785683851966,0.4672162635473608
2025-07-21,1580.0,1589.0,1566.800048828125,1584.300048828125,3682661,1584.300048828125,0.460104027067089,0.4623607734898701,0.4815095737306759,0.46489766644877567,0.06925978770099624,0.46489766644877567
2025-07-22,1565.0,1585.800048828125,1565.0,1570.9000244140625,8473741,1570.9000244140625,0.4406108496791748,0.4582395147183995,0.4792376451751716,0.44763626534311385,0.1593656061997636,0.44763626534311385
2025-07-23,1576.300048828125,1591.9000244140625,1550.0,1574.5,8035026,1574.5,0.45529577343242367,0.46609575268548414,0.4603054207820913,0.45227361678661154,0.15111469530646046,0.45227361678661154
2025-07-24,1580.0,1582.0,1548.199951171875,1552.5,14169664,1552.5,0.460104027067089,0.45334538236332667,0.45803349222658707,0.4239340546641698,0.2664888026441883,0.4239340546641698
2025-07-25,1543.4000244140625,1549.5,1511.300048828125,1515.699951171875,10851259,1515.699951171875,0.41254070596775505,0.4114882092758036,0.4114603434762787,0.3765296333062817,0.20407957578189379,0.3765296333062817
2025-07-28,1513.9000244140625,1519.300048828125,1482.5,1516.0,6439855,1516.0,0.37420412377152373,0.37259329901623695,0.3751104110132299,0.37691614477920965,0.12111432198760601,0.37691614477920965
2025-07-29,1512.9000244140625,1517.199951171875,1496.0999755859375,1513.699951171875,7070448,1513.699951171875,0.37290457861232945,0.3698885559055182,0.3922755969821221,0.37395330947696886,0.13297388150332964,0.37395330947696886
2025-07-30,1519.9000244140625,1521.699951171875,1506.0,1519.0,5719051,1519.0,0.3820013947266894,0.3756841644868676,0.4047708958957224,0.38078063052317895,0.10755816462910113,0.38078063052317895
2025-07-31,1509.699951171875,1527.0999755859375,1497.0,1509.0,6851407,1509.0,0.3687459389213775,0.3826389262276757,0.3934115612598742,0.36789901137661457,0.12885437847065465,0.36789901137661457
2025-08-01,1493.9000244140625,1498.699951171875,1465.5,1469.5999755859375,8702978,1469.5999755859375,0.3482132205876381,0.34606216507108206,0.35365389003440556,0.3171454004898852,0.16367686535536147,0.3171454004898852
2025-08-04,1461.5,1482.800048828125,1451.0,1480.5,8610216,1480.5,0.3061079257025666,0.3255844738564034,0.33535273978776126,0.33118639680890594,0.16193229086785912,0.33118639680890594
2025-08-05,1478.699951171875,1478.699951171875,1455.0,1460.300048828125,10213323,1460.300048828125,0.3284600389863548,0.3203039047095294,0.34040133295924935,0.30516558903137675,0.1920819165005147,0.30516558903137675
2025-08-06,1452.0,1456.0999755859375,1430.300048828125,1436.699951171875,10566934,1436.699951171875,0.29376224669022094,0.2911971019441638,0.30922633175364506,0.2747648420484228,0.19873227687545472,0.2747648420484228
2025-08-07,1430.0,1442.0,1414.199951171875,1436.9000244140625,9892020,1436.9000244140625,0.26517225318794674,0.2730375598324581,0.2889056209817363,0.27502256877915054,0.1860391725260644,0.27502256877915054
2025-08-08,1425.0,1433.199951171875,1417.0999755859375,1423.0999755859375,10048009,1423.0999755859375,0.25867452739197533,0.2617038623869971,0.29256588184523247,0.25724587145836064,0.18897285689823187,0.25724587145836064
2025-08-11,1419.9000244140625,1433.4000244140625,1414.0,1428.199951171875,6625368,1428.199951171875,0.25204687880726123,0.2619615393201794,0.2886532529514965,0.26381546577384296,0.1246032640856636,0.26381546577384296
2025-08-12,1428.199951171875,1441.0,1421.0,1424.0999755859375,9899184,1424.0999755859375,0.26283300844704355,0.27174964681438046,0.2974882910016006,0.25853403337301706,0.1861739058395814,0.25853403337301706
2025-08-13,1425.0,1434.0,1422.4000244140625,1426.5999755859375,10318063,1426.5999755859375,0.25867452739197533,0.26273425568783704,0.29925532942578875,0.26175443815965815,0.1940517611763625,0.26175443815965815
2025-08-14,1426.199951171875,1470.0,1426.199951171875,1447.699951171875,12902347,1447.699951171875,0.260233918128655,0.30909912433863185,0.30405140049620055,0.28893462310964363,0.2426543779252518,0.28893462310964363
2025-08-18,1464.699951171875,1464.699951171875,1429.5999755859375,1435.800048828125,7254561,1435.800048828125,0.31026640675763484,0.30227312245644256,0.3083427355061327,0.27360562212229395,0.13643649380812595,0.27360562212229395
2025-08-19,1432.699951171875,1449.4000244140625,1432.699951171875,1440.0,3986094,1440.0,0.2686809616634178,0.2825681476094215,0.3122553643998687,0.27901583926532,0.07496645067146145,0.27901583926532
2025-08-20,1440.699951171875,1499.0,1440.699951171875,1496.199951171875,10413061,1496.199951171875,0.27907732293697207,0.3464486018628832,0.32235255074284486,0.3514104759704811,0.19583838810510215,0.3514104759704811
2025-08-21,1508.0,1508.0,1484.300048828125,1496.4000244140625,6565539,1496.4000244140625,0.36653677560510073,0.35803981902558185,0.3773823395687342,0.35166820270120885,0.12347806037064261,0.35166820270120885
2025-08-22,1498.0999755859375,1504.300048828125,1486.0999755859375,1487.5,5543397,1487.5,0.3536712468019006,0.35327460374507247,0.3796541140534019,0.340203530211501,0.10425464069658853,0.340203530211501
2025-08-25,1506.699951171875,1539.0,1506.699951171875,1532.0999755859375,10694531,1532.0999755859375,0.3648473034437947,0.3979651225859885,0.4056543380723982,0.3976555201559129,0.20113199304028337,0.3976555201559129
2025-08-26,1523.0,1538.4000244140625,1518.5999755859375,1529.5999755859375,15994798,1529.5999755859375,0.38602995299301496,0.3971924062183308,0.42067393357174254,0.3944351153692718,0.3008140889971461,0.3944351153692718
2025-08-27,1529.5999755859375,1529.5999755859375,1529.5999755859375,1529.5999755859375,0,1529.5999755859375,0.3946069193165205,0.3858587087728698,0.4345575647933348,0.3944351153692718,0.0,0.3944351153692718
2025-08-28,1529.5999755859375,1529.5999755859375,1498.0,1500.0999755859375,5443364,1500.0999755859375,0.3946069193165205,0.3858587087728698,0.3946737095527462,0.35643433888690673,0.1023733205470842,0.35643433888690673
2025-08-29,1501.9000244140625,1501.9000244140625,1467.699951171875,1469.5999755859375,8169075,1469.5999755859375,0.35860958186119235,0.35018358105849723,0.35643055465038936,0.3171454004898852,0.15363575420423325,0.3171454004898852
2025-09-01,1476.699951171875,1503.4000244140625,1476.199951171875,1499.4000244140625,4546057,1499.4000244140625,0.3258609486679662,0.35211545058561367,0.3671588151398016,0.3555326884451782,0.08549767211715328,0.3555326884451782
2025-09-02,1499.4000244140625,1512.800048828125,1486.300048828125,1498.699951171875,5218763,1498.699951171875,0.35536071896320665,0.36422186439873233,0.3799066361544782,0.3546308807571222,0.09814925062117154,0.3546308807571222
2025-09-03,1500.0,1501.9000244140625,1473.0,1479.0999755859375,4623483,1479.0999755859375,0.3561404143315465,0.35018358105849723,0.3631200022309457,0.32938293867912144,0.08695382252647343,0.32938293867912144
2025-09-04,1484.0,1484.0,1460.0999755859375,1463.0,5787724,1463.0,0.33534769178443796,0.3271299065917187,0.34683825843872934,0.30864356330241816,0.10884969740955269,0.30864356330241816
2025-09-05,1470.0,1472.699951171875,1433.0,1444.5999755859375,5466487,1444.5999755859375,0.317154059555718,0.3125764266010636,0.3126340705160649,0.28494135262347414,0.10280819469678469,0.28494135262347414
2025-09-08,1451.0,1458.0,1428.300048828125,1432.9000244140625,3811567,1432.9000244140625,0.29246270153102666,0.29364416812170024,0.306702035167901,0.26986992112052477,0.07168412222252418,0.26986992112052477
2025-09-09,1481.0,1507.199951171875,1472.5,1504.300048828125,13072640,1504.300048828125,0.3314490563068551,0.3570094257247419,0.3624889280845097,0.3618447132762603,0.24585707755656885,0.3618447132762603
2025-09-10,1510.0999755859375,1534.9000244140625,1509.300048828125,1532.5999755859375,7281071,1532.5999755859375,0.369265788712232,0.3926847106550591,0.4089360468905347,0.3982996011132411,0.13693506725052357,0.3982996011132411
2025-09-11,1523.9000244140625,1527.5,1506.5,1509.699951171875,8003662,1509.699951171875,0.38719957536346655,0.3831541228780957,0.4054019700421584,0.3688006618183431,0.15052483270942693,0.3688006618183431
2025-09-12,1537.0,1542.9000244140625,1521.0999755859375,1525.5999755859375,12856963,1525.5999755859375,0.4042235852217349,0.40298801479968016,0.42382930430392257,0.389282467710646,0.2418008412557017,0.389282467710646
2025-09-15,1525.5999755859375,1527.5,1501.199951171875,1508.4000244140625,6167414,1508.4000244140625,0.38940873867974335,0.3831541228780957,0.3987125224616021,0.3671261456770862,0.11599052541196488,0.3671261456770862
2025-09-16,1508.4000244140625,1514.0,1503.5,1511.300048828125,8923112,1511.300048828125,0.3670566253959552,0.36576729713404765,0.4016155251635423,0.37086184667885536,0.16781692443377544,0.37086184667885536
2025-09-17,1516.9000244140625,1526.699951171875,1514.0,1522.4000244140625,4795698,1522.4000244140625,0.3781027592491066,0.38212372957725577,0.41486808223869853,0.3851604124822764,0.09019266920253921,0.3851604124822764
2025-09-18,1550.0,1555.0,1538.5,1540.5999755859375,9331945,1540.5999755859375,0.42111767229126057,0.4185717308752306,0.44579071541406307,0.40860489643049264,0.17550584469691163,0.40860489643049264
2025-09-19,1544.5999755859375,1551.300048828125,1520.0999755859375,1540.199951171875,12988129,1540.199951171875,0.4141000967044347,0.4138065155947212,0.4225671560110506,0.40808960021536456,0.24426767958635143,0.40808960021536456
2025-09-22,1482.699951171875,1514.699951171875,1482.0,1499.5,15655204,1499.5,0.3336582196231319,0.36666877336032416,0.3744793368667939,0.35566147318737834,0.2944273462737371,0.35566147318737834
