date,open,high,low,close,volume,price,open_norm,high_norm,low_norm,close_norm,volume_norm,price_norm
2023-01-03,243.0800018310547,245.75,237.39999389648438,239.5800018310547,25740000,239.5800018310547,0.06044006565188189,0.06063272898769425,0.057750717438878676,0.055117618263522336,0.2603879009445203,0.055117618263522336
2023-01-04,232.27999877929688,232.8699951171875,225.9600067138672,229.10000610351562,50623400,229.10000610351562,0.027932454398617298,0.02156571393925874,0.02114861693523859,0.02167046939194121,0.6091987697966575,0.02167046939194121
2023-01-05,227.1999969482422,227.5500030517578,221.75999450683594,222.30999755859375,39585600,222.30999755859375,0.012641836062827101,0.005429368342445918,0.007710728722228932,0.0,0.4544729442175116,0.0
2023-01-06,223.0,225.75999450683594,219.35000610351562,224.92999267578125,43613600,224.92999267578125,0.0,0.0,0.0,0.008361775043200686,0.5109366983562712,0.008361775043200686
2023-01-09,226.4499969482422,231.24000549316406,226.41000366210938,227.1199951171875,27369800,227.1199951171875,0.010384363697022517,0.016621707337561523,0.02258837672368651,0.015351218511613392,0.28323413393740765,0.015351218511613392
2023-01-10,227.75999450683594,231.30999755859375,227.3300018310547,228.85000610351562,27033900,228.85000610351562,0.014327408080751667,0.01683400392427024,0.025531899728158745,0.020872588606940277,0.2785255502692822,0.020872588606940277
2023-01-11,231.2899932861328,235.9499969482422,231.11000061035156,235.77000427246094,28669300,235.77000427246094,0.024952574341533817,0.03090782824572069,0.03762596006361872,0.04295792289191267,0.30145028301966137,0.04295792289191267
2023-01-12,235.25999450683594,239.89999389648438,233.55999755859375,238.50999450683594,27269500,238.50999450683594,0.036902131738797514,0.04288877014925788,0.04546469564100043,0.05170266512830472,0.2818281472094738,0.05170266512830472
2023-01-13,237.0,239.3699951171875,234.9199981689453,239.22999572753906,21333300,239.22999572753906,0.04213948416168558,0.04128120318986382,0.049816001130287835,0.05400056568500968,0.1986156007053764,0.05400056568500968
2023-01-17,237.97000122070312,240.91000366210938,237.08999633789062,240.35000610351562,29831300,240.35000610351562,0.045059152095730935,0.045952283484209544,0.056758884002843686,0.057575104716983155,0.31773898269921413,0.057575104716983155
2023-01-18,241.57000732421875,242.3800048828125,235.52000427246094,235.80999755859375,30028700,235.80999755859375,0.055895037822950085,0.050411020909617056,0.05173571339509233,0.04308556239005033,0.32050609915080086,0.04308556239005033
2023-01-19,233.77999877929688,235.52000427246094,230.67999267578125,231.92999267578125,28623000,231.92999267578125,0.03244739913022647,0.02960359501845851,0.0362501548824363,0.030702437023226784,0.3008012582389701,0.030702437023226784
2023-01-20,234.86000061035156,240.74000549316406,234.50999450683594,240.22000122070312,35389800,240.22000122070312,0.035698164848392215,0.04543665316536895,0.0485041993766818,0.057160191125173586,0.39565700091676503,0.057160191125173586
2023-01-23,241.10000610351562,245.1699981689453,239.64999389648438,242.5800018310547,31934000,242.5800018310547,0.05448035146610779,0.05887349516223426,0.06494956520142918,0.06469218768353352,0.347214239856009,0.06469218768353352
2023-01-24,242.5,243.9499969482422,240.44000244140625,242.0399932861328,40234400,242.0399932861328,0.0586942815109192,0.05517304578492694,0.06747718797743213,0.06296873791661561,0.46356770183549256,0.06296873791661561
2023-01-25,234.47999572753906,243.3000030517578,230.89999389648438,240.61000061035156,66526600,240.61000061035156,0.034554364152632175,0.05320151537275823,0.03695404612484388,0.0584048832018239,0.8321268668223578,0.0584048832018239
2023-01-26,243.64999389648438,248.30999755859375,242.0,248.0,33454500,248.0,0.06215572076712909,0.06839759119508353,0.07246838128155074,0.08199023725850033,0.3685283257964221,0.08199023725850033
2023-01-27,248.99000549316406,249.8300018310547,246.8300018310547,248.16000366210938,26498900,248.16000366210938,0.0782289589172363,0.07300799548655698,0.08792191367026313,0.08250089264860773,0.2710260198660458,0.08250089264860773
2023-01-30,244.50999450683594,245.60000610351562,242.1999969482422,242.7100067138672,25867400,242.7100067138672,0.06474429091705405,0.06017777467172593,0.07310826909638193,0.06510710127534308,0.2621737704274592,0.06510710127534308
2023-01-31,243.4499969482422,247.9499969482422,242.9499969482422,247.80999755859375,26541100,247.80999755859375,0.061553737321926434,0.06730565455453007,0.0755078850172321,0.08138384007009507,0.271617571610002,0.08138384007009507
2023-02-01,248.0,255.17999267578125,245.47000122070312,252.75,31259900,252.75,0.07524907886015282,0.08923533194656347,0.08357060818097573,0.09714997217351803,0.33776483154793113,0.09714997217351803
2023-02-02,258.82000732421875,264.69000244140625,257.25,264.6000061035156,39940400,264.6000061035156,0.10781690223645553,0.11808063891692178,0.12126057167217083,0.13496954086207358,0.459446464567172,0.13496954086207358
2023-02-03,259.5400085449219,264.20001220703125,257.1000061035156,258.3500061035156,29077300,258.3500061035156,0.10998407938189936,0.11659442396327227,0.12078066801612515,0.11502252123705027,0.30716955106549404,0.11502252123705027
2023-02-06,257.44000244140625,258.29998779296875,254.77999877929688,256.7699890136719,22518000,256.7699890136719,0.10366313838628938,0.09869875197654046,0.11335783266721274,0.10997986013321259,0.2152225047590478,0.10997986013321259
2023-02-07,260.5299987792969,268.7699890136719,260.0799865722656,267.55999755859375,50841400,267.55999755859375,0.11296391351058999,0.130455859133555,0.13031507945163856,0.14441642208516872,0.6122546532133034,0.14441642208516872
2023-02-08,273.20001220703125,276.760009765625,266.2099914550781,266.7300109863281,54686000,266.7300109863281,0.15110018709390116,0.15469080809466937,0.14992795586722008,0.14176750073389058,0.6661475402942059,0.14176750073389058
2023-02-09,273.79998779296875,273.9800109863281,262.79998779296875,263.6199951171875,42375100,263.6199951171875,0.15290609150111625,0.14625864870237357,0.13901769043021336,0.13184181312174947,0.49357563591812476,0.13184181312174947
2023-02-10,261.5299987792969,264.0899963378906,260.6600036621094,263.1000061035156,25818500,263.1000061035156,0.1159738766649961,0.1162607290885895,0.13217083710917754,0.13018225615206797,0.26148829933078954,0.13018225615206797
2023-02-13,267.6400146484375,274.6000061035156,267.1499938964844,271.32000732421875,44630900,271.32000732421875,0.13436479930394601,0.1481391882513486,0.1529354822992687,0.1564165802588009,0.5251970203734906,0.1564165802588009
2023-02-14,272.6700134277344,274.9700012207031,269.2799987792969,272.1700134277344,37047900,272.1700134277344,0.14950491029633733,0.14926143975222345,0.15975040713698266,0.1591293944073154,0.41889993804126285,0.1591293944073154
2023-02-15,268.32000732421875,270.7300109863281,266.17999267578125,269.32000732421875,28922400,269.32000732421875,0.1364115522033136,0.13640090407707103,0.14983197513601096,0.15003353397879343,0.3049981917020149,0.15003353397879343
2023-02-16,264.0199890136719,266.739990234375,261.8999938964844,262.1499938964844,29603600,262.1499938964844,0.12346865552529589,0.12429856388555978,0.13613817085331753,0.12715027021004172,0.3145471264883414,0.12715027021004172
2023-02-17,259.3900146484375,260.0899963378906,256.0,258.05999755859375,30000100,258.05999755859375,0.10953260328009559,0.10412812031898638,0.11726121180408722,0.11409695225513329,0.32010518967503904,0.11409695225513329
2023-02-21,254.47999572753906,255.49000549316406,251.58999633789062,252.6699981689453,28397400,252.6699981689453,0.09475362724075444,0.09017564800328048,0.10315145847261362,0.09689464447846433,0.29763883943715674,0.09689464447846433
2023-02-22,254.08999633789062,254.33999633789062,250.33999633789062,251.50999450683594,22491100,251.50999450683594,0.09357974344767177,0.08668749521268189,0.09915209860453,0.09319246594835319,0.2148454255668103,0.09319246594835319
2023-02-23,255.55999755859375,256.8399963378906,250.47999572753906,254.77000427246094,29219100,254.77000427246094,0.09800439295892018,0.09427037569368384,0.09960002495694292,0.10359686255198351,0.30915727706769763,0.10359686255198351
2023-02-24,249.9600067138672,251.0,248.10000610351562,249.22000122070312,24990900,249.22000122070312,0.08114862685128166,0.07655677799779835,0.09198527696592312,0.08588389938520714,0.2498871565986055,0.08588389938520714
2023-02-27,252.4600067138672,252.82000732421875,249.38999938964844,250.16000366210938,21190000,250.16000366210938,0.08867353473729694,0.08207713720343794,0.09611259486884863,0.0888839389286152,0.19660684798241607,0.0888839389286152
2023-02-28,249.07000732421875,251.49000549316406,248.72999572753906,249.4199981689453,22491000,249.4199981689453,0.07846976148099594,0.07804303923367736,0.09400092114162586,0.08652219427345222,0.21484402378542652,0.08652219427345222
2023-03-01,250.75999450683594,250.92999267578125,245.7899932861328,246.27000427246094,27565300,246.27000427246094,0.08355656063209227,0.07634443512886015,0.08459441892064347,0.07646891586195181,0.28597461654270245,0.07646891586195181
2023-03-02,246.5500030517578,251.39999389648438,245.61000061035156,251.11000061035156,24808200,251.11000061035156,0.07088464147194252,0.07777002036186687,0.08401853453338864,0.09191587617186306,0.24732610201043487,0.09191587617186306
2023-03-03,252.19000244140625,255.6199951171875,251.38999938964844,255.2899932861328,30760100,255.2899932861328,0.08786083182565729,0.09056992631637653,0.10251157065778241,0.10525641952166502,0.33075872819178614,0.10525641952166502
2023-03-06,256.42999267578125,260.1199951171875,255.97999572753906,256.8699951171875,24109800,256.8699951171875,0.10062304620616778,0.10421911118218005,0.11719720837651083,0.11029903192672431,0.2375360608260978,0.11029903192672431
2023-03-07,256.29998779296875,257.69000244140625,253.38999938964844,254.14999389648438,21473200,254.14999389648438,0.10023173629900926,0.09684857357011631,0.10891054644671619,0.1016180850900119,0.20057669286128813,0.1016180850900119
2023-03-08,254.0399932861328,254.5399932861328,250.80999755859375,253.6999969482422,17340200,253.6999969482422,0.09342923610427288,0.08729411639471614,0.1006558618205543,0.1001819094167659,0.14264106826955694,0.1001819094167659
2023-03-09,255.82000732421875,259.55999755859375,251.5800018310547,252.32000732421875,26653400,252.32000732421875,0.09878701277323719,0.10252055335959233,0.10311948116898087,0.09577764059873005,0.27319177210398976,0.09577764059873005
2023-03-10,251.0800018310547,252.7899932861328,247.60000610351562,248.58999633789062,28333900,248.58999633789062,0.0845197708871308,0.08198610005801478,0.09038553301868968,0.08387322422339571,0.29674870825845484,0.08387322422339571
2023-03-13,247.39999389648438,257.9100036621094,245.72999572753906,253.9199981689453,33339700,253.9199981689453,0.07344308259615201,0.09751587075502284,0.0844024574582252,0.10088404840346898,0.36691908076783974,0.10088404840346898
2023-03-14,256.75,261.07000732421875,255.86000061035156,260.7900085449219,33620300,260.7900085449219,0.10158625646120631,0.10710064279074438,0.11681328545167428,0.1228098454904639,0.3708524793307335,0.1228098454904639
2023-03-15,259.9800109863281,266.4800109863281,259.2099914550781,265.44000244140625,46028000,265.44000244140625,0.11130847051838091,0.1235100072593677,0.12753154060595184,0.1376504086119699,0.5447813080863161,0.1376504086119699
2023-03-16,265.2099914550781,276.55999755859375,263.2799987792969,276.20001220703125,54768800,276.20001220703125,0.12705051902758202,0.15408414063040562,0.14055347977018132,0.17199122876562817,0.6673082152799777,0.17199122876562817
2023-03-17,278.260009765625,283.3299865722656,276.32000732421875,279.42999267578125,69527400,279.42999267578125,0.16633059330665323,0.17461854764975368,0.1822748292534037,0.1822997861734039,0.8741915225869035,0.1822997861734039
2023-03-20,276.9800109863281,277.4800109863281,269.8500061035156,272.2300109863281,43466600,272.2300109863281,0.16247784414328484,0.1568746813757763,0.16157413867057802,0.1593208780039111,0.5088760797221109,0.1593208780039111
2023-03-21,274.8800048828125,275.0,269.5199890136719,273.7799987792969,34558700,273.7799987792969,0.15615690314767486,0.14935243061541711,0.16051825298665576,0.16426769991189416,0.38400679583614855,0.16426769991189416
2023-03-22,273.3999938964844,281.0400085449219,272.17999267578125,272.2900085449219,34873300,272.2900085449219,0.15170212461071095,0.16767269577556637,0.1690289025028123,0.15951236160050677,0.38841680006952833,0.15951236160050677
2023-03-23,277.94000244140625,281.05999755859375,275.20001220703125,277.6600036621094,36610900,277.6600036621094,0.1653673830516147,0.16773332549620915,0.17869141843410025,0.17665082527871773,0.41277415339413326,0.17665082527871773
2023-03-24,277.239990234375,280.6300048828125,275.2799987792969,280.57000732421875,28172000,280.57000732421875,0.16326037210081612,0.16642909226894695,0.178947334503784,0.1859381693038354,0.29447922419811096,0.1859381693038354
2023-03-27,280.5,281.4599914550781,275.5199890136719,276.3800048828125,26840200,276.3800048828125,0.17307288137835147,0.16894656786027765,0.1797151803534571,0.1725656795554152,0.2758102997288955,0.1725656795554152
2023-03-28,275.7900085449219,276.1400146484375,272.04998779296875,275.2300109863281,21878600,275.2300109863281,0.1588959806409987,0.15281026854569432,0.1686129534540321,0.1688954474239223,0.20625951459114242,0.1688954474239223
2023-03-29,278.9599914550781,281.1400146484375,278.4100036621094,280.510009765625,25087000,280.510009765625,0.16843751240066607,0.16797602950769824,0.18896174723596487,0.1857466857072397,0.2512342685084205,0.1857466857072397
2023-03-30,284.2300109863281,284.4599914550781,281.4800109863281,284.04998779296875,25053400,284.04998779296875,0.18430007701272916,0.17804602443748,0.19878419850572746,0.19704460749661204,0.2507632699634696,0.19704460749661204
2023-03-31,283.7300109863281,289.2699890136719,283.0,288.29998779296875,32766000,288.29998779296875,0.18279509543552608,0.19263547907777104,0.20364738495469328,0.21060858084162787,0.3588770609690795,0.21060858084162787
2023-04-03,286.5199890136719,288.2699890136719,283.95001220703125,287.2300109863281,24883300,287.2300109863281,0.19119282649943342,0.18960232688537026,0.20668693751068554,0.20719372510396702,0.24837883982965553,0.20719372510396702
2023-04-04,287.2300109863281,290.45001220703125,285.6700134277344,287.17999267578125,25824300,287.17999267578125,0.1933299664759475,0.1962146690137928,0.21219006059479348,0.20703409050843277,0.26156960265104895,0.20703409050843277
2023-04-05,285.8500061035156,287.1499938964844,282.9200134277344,284.3399963378906,22064800,284.3399963378906,0.18917620262578133,0.18620521124019482,0.20339146888500953,0.197970176478529,0.20886963152774546,0.197970176478529
2023-04-06,283.2099914550781,292.0799865722656,282.0299987792969,291.6000061035156,29770300,291.6000061035156,0.18122985580689205,0.2011586293332605,0.20054387779143554,0.22114066564217424,0.3168838960551068,0.22114066564217424
2023-04-10,289.2099914550781,289.6000061035156,284.7099914550781,289.3900146484375,23103000,289.3900146484375,0.19928963473332872,0.19363647113736032,0.20911848191485757,0.21408742677408188,0.22342292585417547,0.21408742677408188
2023-04-11,285.75,285.9800109863281,281.6400146484375,282.8299865722656,27276600,282.8299865722656,0.18887518793898359,0.18265647501118296,0.19929612828571677,0.1931509453699052,0.28192767368772237,0.1931509453699052
2023-04-12,284.7900085449219,287.010009765625,281.9599914550781,283.489990234375,27403400,283.489990234375,0.1859856490306537,0.1857806180667774,0.20031989020507363,0.19525736233001448,0.28370513248235857,0.19525736233001448
2023-04-13,283.5899963378906,289.8999938964844,283.1700134277344,289.8399963378906,24222700,289.8399963378906,0.18237365650265208,0.19454637976929698,0.20419134085862625,0.2155235537485495,0.23911867200838827,0.2155235537485495
2023-04-14,287.0,288.4800109863281,283.69000244140625,286.1400146484375,20987900,286.1400146484375,0.19263764188199123,0.1902393554921849,0.2058550394131252,0.20371497656906978,0.1937738478057916,0.20371497656906978
2023-04-17,289.92999267578125,291.6000061035156,286.1600036621094,288.79998779296875,23836200,288.79998779296875,0.20145681187877257,0.1997027755221619,0.21375777841808327,0.21220434241162975,0.23370078696006885,0.21220434241162975
2023-04-18,291.57000732421875,291.760009765625,287.010009765625,288.3699951171875,20161800,288.3699951171875,0.20639319554325572,0.2001880909806811,0.2164773626565045,0.21083201083684175,0.18219373179436427,0.21083201083684175
2023-04-19,285.989990234375,289.04998779296875,284.5400085449219,288.45001220703125,17150300,288.45001220703125,0.18959754970186962,0.19196818189286452,0.2085746236515464,0.21108738723067383,0.13997908542175397,0.21108738723067383
2023-04-20,285.25,289.0299987792969,285.0799865722656,286.1099853515625,23244400,286.1099853515625,0.18737020636178053,0.19190755217222172,0.21030227681331085,0.20361913737321516,0.22540504473084397,0.20361913737321516
2023-04-21,285.010009765625,286.2699890136719,283.05999755859375,285.760009765625,21676400,285.760009765625,0.1866478445988945,0.1835360225005687,0.20383934641711154,0.20250218219225927,0.20342511263313418,0.20250218219225927
2023-04-24,282.0899963378906,284.95001220703125,278.7200012207031,281.7699890136719,26611000,281.7699890136719,0.17785871177104293,0.1795323319555885,0.18995358067199986,0.1897679386333058,0.27259741679726596,0.1897679386333058
2023-04-25,279.510009765625,281.6000061035156,275.3699951171875,275.4200134277344,45772200,275.4200134277344,0.17009304724966087,0.16937125359815408,0.17923527669741143,0.16950184461232753,0.5411955513066005,0.16950184461232753
2023-04-26,296.70001220703125,299.57000732421875,292.7300109863281,295.3699951171875,64599200,295.3699951171875,0.2218343212224448,0.2238770021981745,0.23477843731847997,0.23317267281686785,0.8051089324313337,0.23317267281686785
2023-04-27,295.9700012207031,305.20001220703125,295.25,304.8299865722656,46462600,304.8299865722656,0.21963701505128547,0.24095366385170433,0.24284111166191272,0.26336445444998724,0.5508734499802349,0.26336445444998724
2023-04-28,304.010009765625,308.92999267578125,303.30999755859375,307.260009765625,36469600,307.260009765625,0.24383714453261063,0.2522672622881055,0.2686289762800661,0.27111992970233945,0.41079343629884857,0.27111992970233945
2023-05-01,306.9700012207031,308.6000061035156,305.1499938964844,305.55999755859375,21294100,305.55999755859375,0.2527466097497527,0.2512663627929752,0.27451602228901056,0.26569430140531036,0.19806610240293365,0.26569430140531036
2023-05-02,307.760009765625,309.17999267578125,303.9100036621094,305.4100036621094,26404400,305.4100036621094,0.25512450636163353,0.25302555033620566,0.2705486885448706,0.2652155924138212,0.2697013364583713,0.2652155924138212
2023-05-03,306.6199951171875,308.6099853515625,304.0899963378906,304.3999938964844,22360800,304.3999938964844,0.25169310427435343,0.25129663137106706,0.27112457293212544,0.26199212287519924,0.2130189044237417,0.26199212287519924
2023-05-04,306.239990234375,307.760009765625,303.3999938964844,305.4100036621094,22519900,305.4100036621094,0.2505493035785934,0.24871852605909361,0.26891691847369353,0.2652155924138212,0.21524913860533967,0.2652155924138212
2023-05-05,305.7200012207031,311.9700012207031,304.2699890136719,310.6499938964844,28197100,310.6499938964844,0.24898415580674507,0.2614880708710524,0.27170045731938025,0.28193914250022256,0.2948310713254404,0.28193914250022256
2023-05-08,310.1300048828125,310.20001220703125,306.0899963378906,308.6499938964844,21318600,308.6499938964844,0.26225810434049035,0.25611942481370825,0.2775235487210592,0.2755560962202151,0.19840953884196036,0.2755560962202151
2023-05-09,308.0,310.0400085449219,306.30999755859375,307.0,21340800,307.0,0.25584686812451957,0.25563410935518904,0.27822743996346677,0.2702901025187203,0.19872073430916007,0.2702901025187203
2023-05-10,308.6199951171875,313.0,307.6700134277344,312.30999755859375,30078000,312.30999755859375,0.25771303058316564,0.26461221392664686,0.2825787942730651,0.28723708260033554,0.3211971773730056,0.28723708260033554
2023-05-11,310.1000061035156,311.1199951171875,306.260009765625,310.1099853515625,31680200,310.1099853515625,0.26216780912012955,0.2589098729946199,0.27806750462499213,0.28021569273330466,0.343656518703969,0.28021569273330466
2023-05-12,310.54998779296875,310.6499938964844,306.6000061035156,308.9700012207031,19774700,308.9700012207031,0.2635222374255409,0.2574842877616132,0.27915531879223626,0.27657740700042993,0.17676743605774217,0.27657740700042993
2023-05-15,309.1000061035156,309.8999938964844,307.5899963378906,309.4599914550781,16336500,309.4599914550781,0.25915784596572344,0.2552094236173126,0.28232278056275956,0.2781412221718136,0.1285713885205319,0.2781412221718136
2023-05-16,309.8299865722656,313.7099914550781,309.8299865722656,311.739990234375,26730300,311.739990234375,0.2613550602800971,0.2667657260652029,0.2894896022013664,0.28541789103511983,0.2742697419881185,0.28541789103511983
2023-05-17,312.2900085449219,314.42999267578125,310.739990234375,314.0,24315000,314.0,0.2687596357768218,0.2689495993463098,0.2924011479022059,0.2926307644987464,0.24041251622561952,0.2926307644987464
2023-05-18,314.5299987792969,319.0400085449219,313.7200012207031,318.5199890136719,27276000,318.5199890136719,0.27550192384852007,0.2829324790867961,0.30193565697834107,0.3070564140284428,0.28191926299941966,0.3070564140284428
2023-05-19,316.739990234375,318.75,316.3699951171875,318.3399963378906,27546700,318.3399963378906,0.28215391669985757,0.2820528390329513,0.31041428037055396,0.3064819632386558,0.28571388520531893,0.3064819632386558
2023-05-22,318.6000061035156,322.5899963378906,318.010009765625,321.17999267578125,24115700,321.17999267578125,0.2877524959325815,0.29370013234403525,0.3156614873849781,0.31554587726855954,0.23761876592774098,0.31554587726855954
2023-05-23,320.0299987792969,322.7200012207031,315.25,315.260009765625,30797200,315.260009765625,0.2920567211977537,0.2940944569393608,0.30683086955125055,0.29665211482236925,0.33127878908516945,0.29665211482236925
2023-05-24,314.7300109863281,316.5,312.6099853515625,313.8500061035156,23384900,313.8500061035156,0.27610395322211556,0.2752282466000496,0.2983841746423595,0.2921520555072572,0.22737454757505837,0.2921520555072572
2023-05-25,323.239990234375,326.8999938964844,320.0,325.9200134277344,43301700,325.9200134277344,0.3017186772034973,0.3067730108881259,0.32202843704996825,0.3306737631825158,0.5065645422202535,0.3306737631825158
2023-05-26,324.0199890136719,333.3999938964844,323.8800048828125,332.8900146484375,36630600,332.8900146484375,0.30406644478966266,0.326488500138731,0.3344424657029993,0.3529186833642441,0.4130503043267384,0.3529186833642441
2023-05-30,335.2300109863281,335.739990234375,330.5199890136719,331.2099914550781,29503100,331.2099914550781,0.3378081978874409,0.33358606516121375,0.35568701454913615,0.34755685046689466,0.31313833619764,0.34755685046689466
2023-05-31,332.2900085449219,335.94000244140625,327.3299865722656,328.3900146484375,45950600,328.3900146484375,0.32895889886494406,0.3341927326254775,0.345480640354537,0.3385568292342273,0.5436963292952685,0.3385568292342273
2023-06-01,325.92999267578125,333.5299987792969,324.7200012207031,332.5799865722656,26773900,332.5799865722656,0.3098154854373926,0.3268828247340565,0.33713002381747686,0.3519292215850907,0.27488091867144765,0.3519292215850907
2023-06-02,334.25,337.5,332.54998779296875,335.3999938964844,25873800,335.3999938964844,0.33485840092768004,0.338924442640466,0.3621819710692791,0.3609293402153148,0.2622634844360213,0.3609293402153148
2023-06-05,335.2200012207031,338.55999755859375,334.6600036621094,335.94000244140625,21307100,335.94000244140625,0.3377780688617254,0.3421395765592541,0.36893294129972753,0.3626527899822327,0.19824833398282538,0.3626527899822327
2023-06-06,335.3299865722656,335.3699951171875,332.1700134277344,333.67999267578125,20396200,333.67999267578125,0.3381091207174529,0.3324638136603389,0.3609662476875039,0.3554399165186061,0.1854795073579505,0.3554399165186061
2023-06-07,331.6499938964844,334.489990234375,322.5,323.3800048828125,40717100,323.3800048828125,0.32703247835486704,0.32979462492071276,0.3300271567861355,0.3225672671355905,0.47033410057501074,0.3225672671355905
2023-06-08,323.94000244140625,326.6400146484375,323.3500061035156,325.260009765625,23277700,325.260009765625,0.3038256881542959,0.3059844542619338,0.3327467410245567,0.3285673462224065,0.22587183793164353,0.3285673462224065
2023-06-09,324.989990234375,329.989990234375,324.4100036621094,326.7900085449219,22529000,326.7900085449219,0.306986112723708,0.31614544005490924,0.3361381903814419,0.33345037273071,0.21537670071126389,0.33345037273071
2023-06-12,328.5799865722656,332.1000061035156,325.1600036621094,331.8500061035156,24260300,331.8500061035156,0.31779186942521165,0.32254543931439356,0.338537806302292,0.3495994720273243,0.23964574180869047,0.3495994720273243
2023-06-13,334.4700012207031,336.9800109863281,330.3900146484375,334.2900085449219,22951300,334.2900085449219,0.3355205964959208,0.33734723682362283,0.35527116314097773,0.35738679628073794,0.2212964234949774,0.35738679628073794
2023-06-14,334.3399963378906,339.0400085449219,332.80999755859375,337.3399963378906,26003800,337.3399963378906,0.3351292865887623,0.3435955229348117,0.3630138691668394,0.3671209028987266,0.26408580023493855,0.3671209028987266
2023-06-15,337.4800109863281,349.8399963378906,337.20001220703125,348.1000061035156,38899100,348.1000061035156,0.34458061498485465,0.37635352958695656,0.3770596678910475,0.40146172305238487,0.4448497150178447,0.40146172305238487
2023-06-16,351.32000732421875,351.4700012207031,341.95001220703125,342.3299865722656,46552000,342.3299865722656,0.386238494019021,0.38129758247088325,0.39225723538976526,0.38304657220012706,0.5521266425373365,0.38304657220012706
2023-06-20,339.30999755859375,342.0799865722656,335.8599853515625,338.04998779296875,26375400,338.04998779296875,0.3500888071404321,0.3528162389532996,0.37277226818871473,0.36938685705681334,0.2692948198570744,0.36938685705681334
2023-06-21,336.3699951171875,337.7300109863281,332.07000732421875,333.55999755859375,25117800,333.55999755859375,0.3412395081179353,0.3396221009679234,0.3606462793699329,0.35505694932541476,0.2516660171746255,0.35505694932541476
2023-06-22,334.1199951171875,340.1199951171875,333.3399963378906,339.7099914550781,23556800,339.7099914550781,0.3344670910205215,0.3468712865742426,0.364709593845282,0.3746847971569264,0.22978420977378053,0.3746847971569264
2023-06-23,334.3599853515625,337.9599914550781,333.45001220703125,335.0199890136719,23146900,335.0199890136719,0.33518945278340756,0.34031966673092184,0.3650615882867967,0.3597165458385043,0.22403830788165602,0.3597165458385043
2023-06-26,333.7200012207031,336.1099853515625,328.489990234375,328.6000061035156,21520600,328.6000061035156,0.3332631241301162,0.33470831666208856,0.3491920580289932,0.3392270218223122,0.20124113723720102,0.3392270218223122
2023-06-27,331.8599853515625,336.1499938964844,329.29998779296875,334.57000732421875,24354100,334.57000732421875,0.3276645448973923,0.33482966866783315,0.35178363541226165,0.3582804188640367,0.2409606127466785,0.3582804188640367
2023-06-28,334.6600036621094,337.9800109863281,333.80999755859375,335.8500061035156,20259500,335.8500061035156,0.3360924968438008,0.3403803890160236,0.3662133570613063,0.3623655645873392,0.1835632722063198,0.3623655645873392
2023-06-29,334.7099914550781,336.1099853515625,332.6199951171875,335.04998779296875,16997000,335.04998779296875,0.33624295825880685,0.33470831666208856,0.36240595865564096,0.3598122876368022,0.13783015456041536,0.3598122876368022
2023-06-30,337.75,342.7300109863281,337.20001220703125,340.5400085449219,26832800,340.5400085449219,0.34539327196810143,0.35478786192992734,0.3770596678910475,0.37733381590576126,0.27570656790649556,0.37733381590576126
2023-07-03,339.19000244140625,340.8999938964844,336.57000732421875,337.989990234375,12508700,337.989990234375,0.3497276262589891,0.34923714158173685,0.3750439748950339,0.3691953734602177,0.07491400071210494,0.3691953734602177
2023-07-05,335.0899963378906,341.6499938964844,334.7300109863281,338.1499938964844,18172400,338.1499938964844,0.3373867589545669,0.3515120057260374,0.3691569288860894,0.3697060288503251,0.154306692945395,0.3697060288503251
2023-07-06,337.29998779296875,342.989990234375,335.5,341.2699890136719,28161200,341.2699890136719,0.34403875180590443,0.3555764185561194,0.3716204994142051,0.37966356546352764,0.29432783180866245,0.37966356546352764
2023-07-07,339.32000732421875,341.7900085449219,337.0,337.2200012207031,21214800,337.2200012207031,0.3501189361661476,0.3519366914639139,0.37641973125590544,0.36673793570553526,0.19695448976559413,0.36673793570553526
2023-07-10,334.6000061035156,335.2300109863281,327.5899963378906,331.8299865722656,32791400,331.8299865722656,0.33591190640307933,0.33203922048692147,0.34631253845209736,0.3495355792300879,0.35923311344056025,0.3495355792300879
2023-07-11,331.05999755859375,332.8599853515625,327.0,332.4700012207031,26698200,332.4700012207031,0.3252566111165817,0.324850572036786,0.3444248523112365,0.35157820079051755,0.27381977016392434,0.35157820079051755
2023-07-12,336.6000061035156,341.6499938964844,335.6700134277344,337.20001220703125,29995300,337.20001220703125,0.34193183271189154,0.3515120057260374,0.372164455318138,0.3666741403058556,0.3200379041686175,0.3666741403058556
2023-07-13,339.55999755859375,343.739990234375,339.0199890136719,342.6600036621094,20567200,342.6600036621094,0.3508412979290336,0.35785128270042,0.3828826616521047,0.3840998293789601,0.1878765535242186,0.3840998293789601
2023-07-14,347.5899963378906,351.42999267578125,344.30999755859375,345.239990234375,28352700,345.239990234375,0.3750112983846433,0.3811762304651387,0.39980797995320866,0.3923339162252447,0.29701224315860597,0.3923339162252447
2023-07-17,345.67999267578125,346.989990234375,342.20001220703125,345.7300109863281,20363900,345.7300109863281,0.36926225773691335,0.3677090273257225,0.39305710736338195,0.3938978287941851,0.18502673197098873,0.3938978287941851
2023-07-18,345.8299865722656,366.7799987792969,342.1700134277344,359.489990234375,64738600,359.489990234375,0.36971373383871714,0.4277351351313825,0.39296112663217286,0.43781312097029784,0.8070630156803266,0.43781312097029784
2023-07-19,361.75,362.4599914550781,352.44000244140625,355.0799865722656,39732900,355.0799865722656,0.41763238767384814,0.414631895444741,0.42581983215772395,0.42373849223517457,0.45653776819582326,0.42373849223517457
2023-07-20,353.57000732421875,357.9700012207031,345.3699951171875,346.8699951171875,33778400,346.8699951171875,0.3930109111164347,0.40101307172148837,0.40319942931009384,0.3975361145270599,0.37306869569849366,0.3975361145270599
2023-07-21,349.1499938964844,350.29998779296875,339.8299865722656,343.7699890136719,69405400,343.7699890136719,0.379706833556974,0.3777487536774124,0.38547423903537315,0.38764237331353696,0.8724813492986888,0.38764237331353696
2023-07-24,345.8500061035156,346.9200134277344,342.30999755859375,345.1099853515625,26678100,345.1099853515625,0.3697739918901481,0.36749677702124334,0.3934090041642749,0.39191900263343515,0.27353801210578405,0.39191900263343515
2023-07-25,347.1099853515625,351.8900146484375,345.07000732421875,350.9800109863281,41637700,350.9800109863281,0.3735664830020855,0.38257154712005353,0.40223962199800245,0.41065332527920473,0.4832388999941125,0.41065332527920473
2023-07-26,341.44000244140625,344.6700134277344,333.1099853515625,337.7699890136719,58383700,337.7699890136719,0.35650004335640284,0.36067218458834155,0.36397367647893075,0.36849323447351456,0.7179812105223318,0.36849323447351456
2023-07-27,340.4800109863281,341.3299865722656,329.04998779296875,330.7200012207031,39635300,330.7200012207031,0.353610504448073,0.35054137480899905,0.3509837634386449,0.345993035295511,0.45516962956525153,0.345993035295511
2023-07-28,333.6700134277344,340.010009765625,333.1700134277344,338.3699951171875,28484900,338.3699951171875,0.3331126627151102,0.3465376842640188,0.3641657355819708,0.3704081678370282,0.2988653981479664,0.3704081678370282
2023-07-31,336.9200134277344,337.70001220703125,333.3599853515625,335.9200134277344,25446000,335.9200134277344,0.3428950429669301,0.33953111010472975,0.3647735484525475,0.3625889945825531,0.2562666636761997,0.3625889945825531
2023-08-01,335.19000244140625,338.5400085449219,333.70001220703125,336.3399963378906,18311900,336.3399963378906,0.33768777364136465,0.34207894683861134,0.3658614602604134,0.36392937975872286,0.1562621779757716,0.36392937975872286
2023-08-02,333.6300048828125,333.6300048828125,326.3599853515625,327.5,27761300,327.5,0.332992238469034,0.3271861584661884,0.34237713319127927,0.3357163268887967,0.28872210805491616,0.3357163268887967
2023-08-03,326.0,329.8800048828125,325.95001220703125,326.6600036621094,18253700,326.6600036621094,0.3100262049038296,0.31581183774468546,0.341065429078295,0.3330354591389004,0.15544634121041018,0.3330354591389004
2023-08-04,331.8800048828125,335.1400146484375,327.239990234375,327.7799987792969,23741500,327.7799987792969,0.3277248029488233,0.33176624789734044,0.3451926981609096,0.3366099494720955,0.23237329998962683,0.3366099494720955
2023-08-07,328.3699951171875,331.1099853515625,327.5199890136719,330.1099853515625,17741500,330.1099853515625,0.3171598028826864,0.31954255570008466,0.3460885508657355,0.3440461555333792,0.14826641696267617,0.3440461555333792
2023-08-08,326.9599914550781,328.75,323.0,326.04998779296875,22327600,326.04998779296875,0.3129157438121595,0.31238436095695915,0.3316269007333689,0.3310885793767686,0.2125535130043259,0.3310885793767686
2023-08-09,326.4700012207031,327.1099853515625,321.04998779296875,322.2300109863281,22373300,322.2300109863281,0.3114408912606719,0.30740994693048157,0.3253878602829098,0.3188970350040975,0.2131941270967145,0.3188970350040975
2023-08-10,326.0199890136719,328.260009765625,321.17999267578125,322.92999267578125,20113700,322.92999267578125,0.31008637109847487,0.3108981460033096,0.32580380933168995,0.3211310427635661,0.1815194749487649,0.3211310427635661
2023-08-11,320.260009765625,322.4100036621094,319.2099914550781,321.010009765625,24355500,321.010009765625,0.29274904579170996,0.2931541871648733,0.3195008142739653,0.3150033728773907,0.24098023768605142,0.3150033728773907
2023-08-14,321.3900146484375,324.05999755859375,320.0799865722656,324.0400085449219,18836100,324.0400085449219,0.2961503188532746,0.2981588697694428,0.32228435311965203,0.32467368409569974,0.16361031598955952,0.32467368409569974
2023-08-15,323.0,325.0899963378906,320.8999938964844,321.8599853515625,16966300,321.8599853515625,0.3009963154406113,0.3012830128250372,0.3249079566268641,0.31771608962834846,0.13739980767559415,0.31771608962834846
2023-08-16,320.79998779296875,324.4200134277344,319.79998779296875,320.3999938964844,20698900,320.3999938964844,0.29437435975820353,0.29925085269222573,0.3213885004148262,0.3130564931152589,0.18972269960666013,0.3130564931152589
2023-08-17,320.5400085449219,321.8699951171875,316.2099914550781,316.8800048828125,21257200,316.8800048828125,0.2935918318006722,0.29151625906292833,0.30990235059056465,0.3018223667255662,0.1975488450723179,0.3018223667255662
2023-08-18,314.489990234375,318.3800048828125,311.54998779296875,316.4800109863281,24755000,316.4800109863281,0.27538149960244385,0.2809305875320765,0.2949927252854743,0.3005457769490761,0.24658035431426256,0.3005457769490761
2023-08-21,317.92999267578125,322.7699890136719,317.0400085449219,321.8800048828125,24040000,321.8800048828125,0.28573578020214374,0.29424607752319726,0.3125579802217204,0.31777998242558486,0.2365576174202176,0.31777998242558486
2023-08-22,325.5,326.0799865722656,321.4599914550781,322.4599914550781,16084600,322.4599914550781,0.30852122332662657,0.3042858038748871,0.32669966203651585,0.319631022991862,0.12504030121478374,0.319631022991862
2023-08-23,323.82000732421875,329.20001220703125,323.4599914550781,327.0,21166400,327.0,0.30346450727285285,0.3137493164693231,0.33309863782544963,0.33412056531879486,0.1962760275758434,0.33412056531879486
2023-08-24,332.8500061035156,332.9800109863281,319.9599914550781,319.9700012207031,23281400,319.9700012207031,0.33064447088286864,0.3252146280540197,0.3219004301948155,0.3116841615404709,0.2259237038428435,0.3116841615404709
2023-08-25,321.4700012207031,325.3599853515625,318.79998779296875,322.9800109863281,21684100,322.9800109863281,0.29639107548864135,0.30210193059378015,0.3181890125203593,0.32129067735910033,0.20353304979968545,0.32129067735910033
2023-08-28,325.6600036621094,326.1499938964844,321.7200012207031,323.70001220703125,14808500,323.70001220703125,0.30900282845414584,0.3044981467438253,0.3275315601340762,0.32358857791580525,0.10715216897633513,0.32358857791580525
2023-08-29,321.8800048828125,328.9800109863281,321.8800048828125,328.4100036621094,19284600,328.4100036621094,0.29762517140476213,0.3130820192844166,0.3280434899140655,0.3386206246339069,0.1698973054958241,0.3386206246339069
2023-08-30,328.6700134277344,329.80999755859375,326.45001220703125,328.7900085449219,15222100,328.7900085449219,0.3180628469430797,0.31559949487574723,0.34266517302552846,0.33983341901071745,0.11294993677965959,0.33983341901071745
2023-08-31,329.20001220703125,330.9100036621094,326.7799987792969,327.760009765625,26411000,327.760009765625,0.31965812374064345,0.3189359808002799,0.34372096106882893,0.33654615407241584,0.26979385402970096,0.33654615407241584
2023-09-01,331.30999755859375,331.989990234375,326.7799987792969,328.6600036621094,14942000,328.6600036621094,0.32600910190518323,0.3222117444397108,0.34372096106882893,0.3394185054189079,0.10902354712368478,0.3394185054189079
2023-09-05,329.0,334.8500061035156,328.6600036621094,333.54998779296875,18553900,333.54998779296875,0.31905609436704796,0.3308866078434957,0.3497360139329262,0.35502500292679656,0.15965448892452527,0.35502500292679656
2023-09-06,333.3800048828125,334.4599914550781,330.17999267578125,332.8800048828125,17535800,332.8800048828125,0.33223974768043246,0.32970363405751907,0.354599200381892,0.3528867369656259,0.14538295265623555,0.3528867369656259
2023-09-07,331.2900085449219,333.0799865722656,329.0299987792969,329.9100036621094,18381000,329.9100036621094,0.32594893571053796,0.32551786922169257,0.3509198088313794,0.3434079093439125,0.15723080891196534,0.3434079093439125
2023-09-08,330.0899963378906,336.1600036621094,329.4599914550781,334.2699890136719,19530100,334.2699890136719,0.32233694318253636,0.33486002981038404,0.35229556519225097,0.35732290348350154,0.17333867879301015,0.35732290348350154
2023-09-11,337.239990234375,338.4200134277344,335.42999267578125,337.94000244140625,16583300,337.94000244140625,0.3438581613651829,0.34171498338583667,0.37139651182784317,0.3690358362622402,0.13203098497570712,0.3690358362622402
2023-09-12,335.82000732421875,336.7900085449219,331.4800109863281,331.7699890136719,17565500,331.7699890136719,0.3395840651257262,0.3367709305019099,0.35875859322907205,0.3493440956334922,0.14579928172721895,0.3493440956334922
2023-09-13,331.30999755859375,336.8500061035156,331.1700134277344,336.05999755859375,16544400,336.05999755859375,0.32600910190518323,0.33695291222829726,0.357766759793037,0.3630357571754241,0.13148569201741572,0.3630357571754241
2023-09-14,339.1499938964844,340.8599853515625,336.57000732421875,338.70001220703125,20267000,338.70001220703125,0.34960720201291284,0.3491157895759923,0.3750439748950339,0.3714614250158612,0.1836684058101035,0.3714614250158612
2023-09-15,336.9200134277344,337.3999938964844,329.6499938964844,330.2200012207031,37679800,330.2200012207031,0.3428950429669301,0.33862110890833413,0.35290347570344943,0.34439727372550916,0.42775779460538454,0.34439727372550916
2023-09-18,327.79998779296875,330.3999938964844,326.3599853515625,329.05999755859375,16834200,329.05999755859375,0.3154441018390463,0.31738904356152864,0.34237713319127927,0.340695095195398,0.13554805446761745,0.340695095195398
2023-09-19,326.1700134277344,329.3900146484375,324.510009765625,328.6499938964844,16505900,328.6499938964844,0.3105379390570644,0.314325622791036,0.3364581586990129,0.3393865590202897,0.13094600618465946,0.3393865590202897
2023-09-20,329.510009765625,329.5899963378906,320.510009765625,320.7699890136719,21436500,320.7699890136719,0.3205912049699665,0.31493219769084074,0.32366020712114535,0.3142373410934512,0.20006223909343995,0.3142373410934512
2023-09-21,319.260009765625,325.3500061035156,315.0,319.5299987792969,35560400,319.5299987792969,0.28973908263730386,0.3020716620156883,0.3060309975776338,0.31027988356706476,0.398048439957498,0.31027988356706476
2023-09-22,321.32000732421875,321.45001220703125,316.1499938964844,317.010009765625,21447900,317.010009765625,0.29593959938683756,0.290242386978217,0.30971038912814636,0.3022372803173758,0.20022204217119116,0.3022372803173758
2023-09-25,316.5899963378906,317.6700134277344,315.0,317.5400085449219,17836000,317.5400085449219,0.2817024405980538,0.2787770753935204,0.3060309975776338,0.3039287836856755,0.14959110037035064,0.3039287836856755
2023-09-26,315.1300048828125,315.8800048828125,310.0199890136719,312.1400146484375,26297600,312.1400146484375,0.27730792011252087,0.27334770705107453,0.29009751271256484,0.2866945782091667,0.2682042339404916,0.2866945782091667
2023-09-27,312.29998779296875,314.29998779296875,309.69000244140625,312.7900085449219,19410100,312.7900085449219,0.26878967294575157,0.26855527475098423,0.28904172466926437,0.2887690487706578,0.17165654113247114,0.2887690487706578
2023-09-28,310.989990234375,315.4800109863281,309.45001220703125,313.6400146484375,19683600,313.6400146484375,0.26484662856202246,0.27213446468700603,0.28827387881959127,0.2914818629191723,0.1754904132171163,0.2914818629191723
2023-09-29,317.75,319.4700012207031,314.9800109863281,315.75,24147300,315.75,0.2851940088799792,0.2842367123140582,0.3059670429703683,0.2982159299937529,0.23806172884501625,0.2982159299937529
2023-10-02,316.2799987792969,321.8900146484375,315.17999267578125,321.79998779296875,20570000,321.79998779296875,0.28076935936873076,0.2915769813480301,0.3066068819648886,0.31752460603175275,0.1879158034029645,0.31752460603175275
2023-10-03,320.8299865722656,321.3900146484375,311.2099914550781,313.3900146484375,21033500,313.3900146484375,0.2944646549785643,0.2900604052518297,0.2939049111182302,0.29068398213417135,0.19441306011679643,0.29068398213417135
2023-10-04,314.0299987792969,320.0400085449219,314.0,318.9599914550781,20720100,318.9599914550781,0.27399694227131705,0.28596563127919683,0.3028315096831669,0.308460692001849,0.19001987726002204,0.308460692001849
2023-10-05,319.0899963378906,319.9800109863281,314.8999938964844,319.3599853515625,16965600,319.3599853515625,0.2892273484840691,0.28578364955280955,0.30571102926006277,0.30973728177833915,0.13738999520590767,0.30973728177833915
2023-10-06,316.54998779296875,329.19000244140625,316.29998779296875,327.260009765625,25673600,327.260009765625,0.28158201635197755,0.3137189553267722,0.3101902927841921,0.334950392502414,0.2594571181056887,0.334950392502414
2023-10-09,324.75,330.29998779296875,323.17999267578125,329.82000732421875,19891200,329.82000732421875,0.306263750960822,0.31708570982939677,0.33220278512062373,0.343120683949019,0.1784005113698488,0.343120683949019
2023-10-10,330.9599914550781,331.1000061035156,327.6700134277344,328.3900146484375,20557100,328.3900146484375,0.32495559642978394,0.3195122871219928,0.3465685521624029,0.3385568292342273,0.18773497360445654,0.3385568292342273
2023-10-11,331.2099914550781,332.82000732421875,329.1400146484375,332.4200134277344,20063200,332.4200134277344,0.32570808721838546,0.3247293125955005,0.3512718032728941,0.35141866359254004,0.18081157534995473,0.35141866359254004
2023-10-12,330.57000732421875,333.6300048828125,328.7200012207031,331.1600036621094,19313100,331.1600036621094,0.3237817585650941,0.3271861584661884,0.3499279753953444,0.3473973132689172,0.1702968131902021,0.3473973132689172
2023-10-13,332.3800048828125,333.8299865722656,326.3599853515625,327.7300109863281,21072400,327.7300109863281,0.32922978452602636,0.3277927333659932,0.34237713319127927,0.33645041227411804,0.19495835307508783,0.33645041227411804
2023-10-16,331.04998779296875,336.1400146484375,330.6000061035156,332.6400146484375,22158000,332.6400146484375,0.3252264820908662,0.33479940008974124,0.3559430282594417,0.35212080257924316,0.21017609177743077,0.35212080257924316
2023-10-17,329.5899963378906,333.4599914550781,327.4100036621094,332.05999755859375,18338500,332.05999755859375,0.3208319616053333,0.3266704818651183,0.34573665406484255,0.3502696646154092,0.15663505182385776,0.3502696646154092
2023-10-18,332.489990234375,335.5899963378906,328.29998779296875,330.1099853515625,23153600,330.1099853515625,0.3295608363817539,0.33313111084524544,0.34858414751779476,0.3440461555333792,0.22413222723436943,0.3440461555333792
2023-10-19,332.1499938964844,336.8800048828125,330.9100036621094,331.32000732421875,25052100,331.32000732421875,0.32853745993207006,0.33704390309149096,0.35693486169547667,0.34790796865902457,0.25074504680548043,0.34790796865902457
2023-10-20,331.7200012207031,331.9200134277344,325.45001220703125,326.6700134277344,25027700,326.6700134277344,0.327243197821304,0.3219994941352316,0.33946568513106157,0.3330674055375186,0.25040301214783744,0.3330674055375186
2023-10-23,325.4700012207031,332.7300109863281,324.3900146484375,329.32000732421875,24374700,329.32000732421875,0.3084309281062658,0.3244563400059195,0.3360742357741764,0.34152492237901716,0.24124937971173768,0.34152492237901716
2023-10-24,331.29998779296875,331.8399963378906,327.6000061035156,330.5299987792969,31153600,330.5299987792969,0.32597897287946775,0.3217567901237425,0.346344564576041,0.34538663810710574,0.3362747379369703,0.34538663810710574
2023-10-25,345.0199890136719,346.20001220703125,337.6199951171875,340.6700134277344,55053800,340.6700134277344,0.36727567103219105,0.36531290374013636,0.3784033981279754,0.3777487294975708,0.671303292223758,0.3777487294975708
2023-10-26,340.5400085449219,341.6300048828125,326.94000244140625,327.8900146484375,37828500,327.8900146484375,0.3537910948887945,0.35145137600539467,0.34423289084881825,0.33696106766422546,0.4298422435230691,0.33696106766422546
2023-10-27,330.42999267578125,336.7200012207031,328.3999938964844,329.80999755859375,29856500,329.80999755859375,0.3233603196322201,0.33655858763297175,0.3489041158353658,0.3430887375504008,0.3180922316079274,0.3430887375504008
2023-10-30,333.4100036621094,339.45001220703125,331.8299865722656,337.30999755859375,22828100,337.30999755859375,0.3323300429007932,0.3448391264414311,0.359878335879638,0.36702516110042877,0.21956942883015737,0.36702516110042877
2023-10-31,338.8500061035156,339.0,334.69000244140625,338.1099853515625,20265300,338.1099853515625,0.3487042498093053,0.3434741709290672,0.3690289220309366,0.36957834065340905,0.18364457552657917,0.36957834065340905
2023-11-01,339.7900085449219,347.4200134277344,339.6499938964844,346.07000732421875,28158800,346.07000732421875,0.3515336225229899,0.3690133531174437,0.38489835464811833,0.3949829349740796,0.2942941890554517,0.3949829349740796
2023-11-02,347.239990234375,348.8299865722656,344.7699890136719,348.32000732421875,24348100,348.32000732421875,0.373957792909244,0.37329001625200486,0.4012797170452893,0.402163862039088,0.24087650586365153,0.402163862039088
2023-11-03,349.6300048828125,354.3900146484375,347.3299865722656,352.79998779296875,23637700,352.79998779296875,0.3811516489395318,0.3901544276010555,0.4094703982438748,0.4164618233718684,0.23091825091326057,0.4164618233718684
2023-11-06,353.45001220703125,357.5400085449219,353.3500061035156,356.5299987792969,23828300,356.5299987792969,0.3926497302349917,0.39970883849422617,0.42873137785856347,0.42836623974720267,0.23359004623075003,0.42836623974720267
2023-11-07,359.3999938964844,362.4599914550781,357.6300048828125,360.5299987792969,25833900,360.5299987792969,0.41055895588963665,0.414631895444741,0.44242518214125687,0.4411323323072176,0.2617041736638921,0.4411323323072176
2023-11-08,361.67999267578125,363.8699951171875,360.54998779296875,363.20001220703125,26767800,363.20001220703125,0.41742166820741117,0.4189086511437612,0.451767632114352,0.44965374194595253,0.27479541000703694,0.44965374194595253
2023-11-09,362.29998779296875,364.7900085449219,360.3599853515625,360.69000244140625,24847300,360.69000244140625,0.41928783066605724,0.42169919188913185,0.45115972160315354,0.441642987697325,0.2478741985314938,0.441642987697325
2023-11-10,361.489990234375,370.1000061035156,361.07000732421875,369.6700134277344,28042100,369.6700134277344,0.41684976785953115,0.43780522262562327,0.45343142830947275,0.4703029005576789,0.2926583101805775,0.4703029005576789
2023-11-13,368.2200012207031,368.4700012207031,365.8999938964844,366.67999267578125,19986500,366.67999267578125,0.43710685295712715,0.4328611697416966,0.46888491187787423,0.46076018013872916,0.17973640902859353,0.46076018013872916
2023-11-14,371.010009765625,371.95001220703125,367.3500061035156,370.2699890136719,27683900,370.2699890136719,0.44550467587782017,0.4434165726944565,0.47352420838109993,0.47221773652363574,0.28763712926386853,0.47221773652363574
2023-11-15,371.2799987792969,373.1300048828125,367.1099853515625,369.6700134277344,26860100,369.6700134277344,0.446317332861067,0.4469956700660193,0.4727562648908051,0.4703029005576789,0.2760892542242682,0.4703029005576789
2023-11-16,370.9599914550781,376.3500061035156,370.17999267578125,376.1700134277344,27182300,376.1700134277344,0.44535412260602847,0.45676242382812815,0.48257871616056763,0.4910478009677032,0.2806057938428155,0.4910478009677032
2023-11-17,373.6099853515625,374.3699951171875,367.0,369.8500061035156,40157000,369.8500061035156,0.4533305065938475,0.45075674916396935,0.47240436808991215,0.470877351347466,0.4624827230444449,0.470877351347466
2023-11-20,371.2200012207031,378.8699951171875,371.0,377.44000244140625,52465100,377.44000244140625,0.44613674242034546,0.46440593402977287,0.4852023196677797,0.49510100029238746,0.6350153775417801,0.49510100029238746
2023-11-21,375.6700134277344,376.2200012207031,371.1199951171875,373.07000732421875,28423100,373.07000732421875,0.459531115200167,0.45636809923280264,0.4855862425926163,0.48115405975418024,0.29799909725278884,0.48115405975418024
2023-11-22,378.0,379.7900085449219,374.9700012207031,377.8500061035156,23345300,377.8500061035156,0.46654428893294747,0.4671964747751436,0.4979042905144382,0.4964095364674958,0.2268194421470805,0.4964095364674958
2023-11-24,377.3299865722656,377.9700012207031,375.1400146484375,377.42999267578125,10176600,377.42999267578125,0.46452757320250965,0.461676115569504,0.4984482464183711,0.49506905389376926,0.042223057060913005,0.49506905389376926
2023-11-27,376.7799987792969,380.6400146484375,376.20001220703125,378.6099853515625,22179200,378.6099853515625,0.4628721302103006,0.469774672651576,0.5018396957752563,0.49883502782356004,0.21047326943079264,0.49883502782356004
2023-11-28,378.3500061035156,383.0,378.1600036621094,382.70001220703125,20453100,382.70001220703125,0.46759779440834676,0.4769328673947016,0.5081106647090373,0.5118884431760252,0.18627712096532273,0.5118884431760252
2023-11-29,383.760009765625,384.29998779296875,377.44000244140625,378.8500061035156,28963400,378.8500061035156,0.4838817060964981,0.48087592821903896,0.5058070295193963,0.4996010596074995,0.30557292206936576,0.4996010596074995
2023-11-30,378.489990234375,380.0899963378906,375.4700012207031,378.9100036621094,30554400,378.9100036621094,0.4680191414844351,0.4681063834070802,0.49950403446167163,0.4997925432040952,0.3278752638853455,0.4997925432040952
2023-12-01,376.760009765625,378.1600036621094,371.30999755859375,374.510009765625,33040500,374.510009765625,0.46281196401565533,0.46225242189121685,0.48619415310381475,0.48574986086759014,0.3627249508675625,0.48574986086759014
2023-12-04,369.1000061035156,369.5199890136719,362.8999938964844,369.1400146484375,32063300,369.1400146484375,0.4397556352300902,0.43604594251793377,0.45928644819447356,0.4686113971893792,0.3490267431852398,0.4686113971893792
2023-12-05,366.45001220703125,373.0799865722656,365.6199951171875,372.5199890136719,23065000,372.5199890136719,0.4317792512422712,0.44684395691772383,0.4679890591730484,0.47939866358864414,0.22289024892833814,0.47939866358864414
2023-12-06,373.5400085449219,374.17999267578125,368.0299987792969,368.79998779296875,21182100,368.79998779296875,0.4531198789841962,0.4501804428422565,0.4756998367155882,0.467526193611928,0.19649610725309724,0.467526193611928
2023-12-07,368.2300109863281,371.45001220703125,366.32000732421875,370.95001220703125,23118900,370.95001220703125,0.4371369819828426,0.44189999659825613,0.4702287397554239,0.4743880462809814,0.2236458090941969,0.4743880462809814
2023-12-08,369.20001220703125,374.4599914550781,368.2300109863281,374.2300109863281,20154400,374.2300109863281,0.440056649916888,0.4510297217535504,0.4763397733507303,0.48485623828429136,0.18208999997196437,0.48485623828429136
2023-12-11,368.4800109863281,371.6000061035156,366.1000061035156,371.29998779296875,27708800,371.29998779296875,0.43788947277144413,0.44235495091422444,0.46952484851301635,0.4755050014619373,0.28798617282843036,0.4755050014619373
2023-12-12,370.8500061035156,374.4200134277344,370.4599914550781,374.3800048828125,24838300,374.3800048828125,0.4450230707503009,0.45090846231226483,0.48347456886539353,0.4853349472757806,0.2477480382069534,0.4853349472757806
2023-12-13,376.0199890136719,377.6400146484375,370.7699890136719,374.3699951171875,30955500,374.3699951171875,0.46058452881878054,0.4606752160743737,0.4844664023014285,0.4853030008771624,0.33349780901569714,0.4853030008771624
2023-12-14,373.30999755859375,373.760009765625,364.1300048828125,365.92999267578125,43277500,365.92999267578125,0.45242755439023996,0.4489065707575452,0.46322185345529165,0.4583665377837264,0.5062253111253782,0.4583665377837264
2023-12-15,366.8500061035156,372.3999938964844,366.2799987792969,370.7300109863281,78502300,370.7300109863281,0.4329832181326765,0.4447814356423615,0.47010073290027116,0.47368590729427834,1.0,0.47368590729427834
2023-12-18,369.45001220703125,373.0,368.67999267578125,372.6499938964844,21802900,372.6499938964844,0.4408091407054895,0.44660134547069374,0.4777794843188673,0.4798135771804537,0.20519836608361905,0.4798135771804537
2023-12-19,371.489990234375,373.260009765625,369.8399963378906,373.260009765625,20603700,373.260009765625,0.44694939940359224,0.4473899946613448,0.4814909019933235,0.4817604569425855,0.18838820372929918,0.4817604569425855
2023-12-20,375.0,376.0299987792969,370.5299987792969,370.6199951171875,26316700,370.6199951171875,0.45751439946972916,0.45579179291108973,0.4836985564517554,0.47333478910214843,0.268471974184794,0.47333478910214843
2023-12-21,372.55999755859375,374.4100036621094,370.0400085449219,373.5400085449219,17708000,373.5400085449219,0.45017008202443537,0.45087810116971394,0.4821308386284656,0.4826540795258843,0.14779682019910903,0.4826540795258843
2023-12-22,373.67999267578125,375.17999267578125,372.7099914550781,374.5799865722656,17107500,374.5799865722656,0.4535412260602845,0.4532135950346573,0.490673416627944,0.4859731934652473,0.13937912298949506,0.4859731934652473
2023-12-26,375.0,376.94000244140625,373.5,374.6600036621094,12673100,374.6600036621094,0.45751439946972916,0.45855197251390956,0.49320103940394694,0.48622856985907936,0.07721852930704338,0.48622856985907936
2023-12-27,373.69000244140625,375.05999755859375,372.80999755859375,374.07000732421875,14905400,374.07000732421875,0.453571355086,0.45284963158188263,0.4909933849455151,0.484345582894184,0.10851049513722039,0.484345582894184
2023-12-28,375.3699951171875,376.4599914550781,374.1600036621094,375.2799987792969,14327000,375.2799987792969,0.4586280711397737,0.45709602613835193,0.4953127131311697,0.4882072986222726,0.10040259161342234,0.4882072986222726
2023-12-29,376.0,377.1600036621094,373.4800109863281,376.0400085449219,18730800,376.0400085449219,0.46052436262413526,0.4592192696988161,0.49313708479668145,0.4906328873758936,0.16213424019243655,0.4906328873758936
2024-01-02,373.8599853515625,375.8999938964844,366.7699890136719,370.8699951171875,25258600,370.8699951171875,0.45408299738244906,0.4553974683157642,0.47166845072356095,0.47413266988714936,0.2536397253629913,0.47413266988714936
2024-01-03,369.010009765625,373.260009765625,368.510009765625,370.6000061035156,23083500,370.6000061035156,0.43948474956900796,0.4473899946613448,0.47723562605555614,0.4732709937024688,0.2231495784843379,0.4732709937024688
2024-01-04,370.6700134277344,373.1000061035156,367.1700134277344,367.94000244140625,20901500,367.94000244140625,0.4444812994281364,0.4469046792028256,0.4729483239938451,0.46478153046235204,0.1925627086902035,0.46478153046235204
2024-01-05,368.9700012207031,372.05999755859375,366.5,367.75,21004600,367.75,0.43936432532293174,0.4437501750046803,0.4708046241426787,0.46417513327394677,0.19400794529688328,0.46417513327394677
2024-01-08,369.29998779296875,375.20001220703125,369.010009765625,374.69000244140625,23134000,374.69000244140625,0.4403575727469,0.4532743173197591,0.4788353700027896,0.4863243116573772,0.22385747808314807,0.4863243116573772
2024-01-09,372.010009765625,375.989990234375,371.19000244140625,375.7900085449219,20830000,375.7900085449219,0.4485146390322263,0.4556704409053452,0.4858102301789782,0.4898350065908927,0.19156043500079903,0.4898350065908927
2024-01-10,376.3699951171875,384.1700134277344,376.32000732421875,382.7699890136719,25514200,382.7699890136719,0.4616380342941798,0.48048169618817244,0.5022236187000928,0.5121117757736824,0.2572226785799394,0.5121117757736824
2024-01-11,386.0,390.67999267578125,380.3800048828125,384.6300048828125,27850800,384.6300048828125,0.4906239941681964,0.5002274540168694,0.5152135317403786,0.5180480594608188,0.2899767023934015,0.5180480594608188
2024-01-12,385.489990234375,388.67999267578125,384.6499938964844,388.4700012207031,21661200,388.4700012207031,0.48908888356527785,0.49416114963206786,0.5288753098991285,0.5303034966307263,0.20321204186279926,0.5303034966307263
2024-01-16,393.6600036621094,394.0299987792969,387.6199951171875,390.2699890136719,27202300,390.2699890136719,0.5136803229537615,0.5103885323743038,0.53837779285132,0.5360481993237103,0.28088615011957196,0.5360481993237103
2024-01-17,387.9800109863281,390.1099853515625,384.80999755859375,389.4700012207031,22234100,389.4700012207031,0.49658375428236334,0.4984985350517308,0.5293872396791177,0.53349501977073,0.21124284741048924,0.53349501977073
2024-01-18,391.7200012207031,393.989990234375,390.1199951171875,393.8699951171875,23392100,393.8699951171875,0.5078409870856708,0.5102671803685592,0.5463765125874872,0.5475377021072351,0.22747547583469072,0.5475377021072351
2024-01-19,395.760009765625,398.6700134277344,393.5,398.6700134277344,29331100,398.6700134277344,0.5200012639493715,0.5244624029779837,0.5571907972932848,0.5628570716177871,0.31072727221753405,0.5628570716177871
2024-01-22,400.0199890136719,400.6199951171875,393.5899963378906,396.510009765625,27016900,396.510009765625,0.5328236445245272,0.5303769942144899,0.5574787394869122,0.5559633699476721,0.27828724743403915,0.5559633699476721
2024-01-23,395.75,399.3800048828125,393.92999267578125,398.8999938964844,20525900,398.8999938964844,0.519971134923656,0.5266159151165398,0.5585665536541563,0.5635910596055516,0.1872976178127164,0.5635910596055516
2024-01-24,401.5400085449219,405.6300048828125,400.45001220703125,402.55999755859375,24867000,402.55999755859375,0.5373988473075674,0.5455731163190447,0.5794272772160785,0.575272045985672,0.24815034946409897,0.575272045985672
2024-01-25,404.32000732421875,407.010009765625,402.5299987792969,404.8699951171875,21021200,404.8699951171875,0.545766541202545,0.5497588811548713,0.5860821690746959,0.5826444566472762,0.19424064100659116,0.5826444566472762
2024-01-26,404.3699951171875,406.1700134277344,402.42999267578125,403.92999267578125,17803300,403.92999267578125,0.5459170026175509,0.5472110444209897,0.5857622007571249,0.579644417103868,0.14913271785785376,0.579644417103868
2024-01-29,406.05999755859375,409.9800109863281,404.3299865722656,409.7200012207031,24510200,409.7200012207031,0.5510038476970401,0.5587673468688799,0.5918412082284876,0.5981233633558055,0.24314879348676297,0.5981233633558055
2024-01-30,412.260009765625,413.04998779296875,406.45001220703125,408.5899963378906,33477600,408.5899963378906,0.5696656559970723,0.5680790537505614,0.5986242045828798,0.5945169266239922,0.36885213729607585,0.5945169266239922
2024-01-31,406.9599914550781,415.32000732421875,397.2099914550781,397.5799865722656,47871100,397.5799865722656,0.5537127961646485,0.574964368468565,0.5690608700423828,0.559378225685333,0.5706175407708115,0.559378225685333
2024-02-01,401.8299865722656,408.0,401.79998779296875,403.7799987792969,30657700,403.7799987792969,0.5382716704854594,0.5527616722047212,0.5837465077611113,0.5791657081123789,0.3293233040547928,0.5791657081123789
2024-02-02,403.80999755859375,412.6499938964844,403.55999755859375,411.2200012207031,28256700,411.2200012207031,0.5442314305996264,0.566865811386493,0.589377637700372,0.6029106480658112,0.29566653303017476,0.6029106480658112
2024-02-05,409.8999938964844,411.1600036621094,403.989990234375,405.6499938964844,25352300,405.6499938964844,0.5625620951871454,0.5623464442404427,0.5907533940612435,0.5851338408005767,0.2549531945195955,0.5851338408005767
2024-02-06,405.8800048828125,407.9700012207031,402.9100036621094,405.489990234375,18382600,405.489990234375,0.5504620763748757,0.5526706813415274,0.5872979900970928,0.5846231854104693,0.15725323741410585,0.5846231854104693
2024-02-07,407.44000244140625,414.29998779296875,407.3999938964844,414.04998779296875,22340500,414.04998779296875,0.5551576115472063,0.5718704939910625,0.6016636594982502,0.6119426156970967,0.21273434280283385,0.6119426156970967
2024-02-08,414.04998779296875,415.55999755859375,412.5299987792969,414.1099853515625,21225300,414.1099853515625,0.5750534239065735,0.5756922953741143,0.6180770480193649,0.6121340992936924,0.19710167681089127,0.6121340992936924
2024-02-09,415.25,420.82000732421875,415.0899963378906,420.54998779296875,22032800,420.54998779296875,0.5786654164345751,0.5916467055267693,0.6262677292179504,0.6326875161071209,0.20842106148493506,0.6326875161071209
2024-02-12,420.55999755859375,420.739990234375,414.75,415.260009765625,21202900,415.260009765625,0.5946483134359288,0.5914040015152802,0.6251799150507062,0.6158044288227421,0.196787677780924,0.6158044288227421
2024-02-13,404.94000244140625,410.07000732421875,403.3900146484375,406.32000732421875,27824900,406.32000732421875,0.547632703661191,0.5590403194584609,0.5888337794370608,0.5872722041593043,0.28961364101500187,0.5872722041593043
2024-02-14,408.07000732421875,409.8399963378906,404.57000732421875,409.489990234375,20401200,409.489990234375,0.5570539030315679,0.5583426611310035,0.5926091517187825,0.5973892779704842,0.1855495964271396,0.5973892779704842
2024-02-15,408.1400146484375,409.1300048828125,404.2900085449219,406.55999755859375,21825500,406.55999755859375,0.5572646224980049,0.5561891489924474,0.5917132990139566,0.588038138545687,0.20551516867635392,0.588038138545687
2024-02-16,407.9599914550781,408.2900085449219,403.44000244140625,404.05999755859375,22296500,404.05999755859375,0.5567227593190546,0.5536413122585658,0.5889937147755354,0.5800593306956776,0.21211755899396953,0.5800593306956776
2024-02-20,403.239990234375,404.489990234375,398.010009765625,402.7900085449219,24307900,402.7900085449219,0.5425157295559864,0.5421152783887675,0.5716205189423295,0.5760061313709933,0.24031298974737095,0.5760061313709933
2024-02-21,400.1700134277344,402.2900085449219,397.2200012207031,402.17999267578125,18518900,402.17999267578125,0.5332752124831167,0.5354423991041611,0.5690928961663265,0.5740592516088615,0.15916386544020142,0.5740592516088615
2024-02-22,410.19000244140625,412.8299865722656,408.57000732421875,411.6499938964844,27009900,411.6499938964844,0.5634350102218231,0.5674117565656549,0.60540710329665,0.6042829796405991,0.2781891227371744,0.6042829796405991
2024-02-23,415.6700134277344,415.8599853515625,408.9700012207031,410.3399963378906,16295900,410.3399963378906,0.5799296413764115,0.5766022040060509,0.6066868789263125,0.6001020921189988,0.1280022652787162,0.6001020921189988
2024-02-26,411.4599914550781,412.1600036621094,407.3599853515625,407.5400085449219,16193500,407.5400085449219,0.5672576303594761,0.5653795964328434,0.6015356526430975,0.5911658662860111,0.1265668411417229,0.5911658662860111
2024-02-27,407.989990234375,408.32000732421875,403.8500061035156,407.4800109863281,14835800,407.4800109863281,0.5568130545394154,0.5537323031217595,0.5903055165291414,0.5909743826894154,0.10753485529410775,0.5909743826894154
2024-02-28,408.17999267578125,409.29998779296875,405.32000732421875,407.7200012207031,13183100,407.7200012207031,0.5573849548872954,0.5567047330290585,0.5950087676396327,0.5917403170757981,0.0843676143643342,0.5917403170757981
2024-02-29,408.6400146484375,414.20001220703125,405.9200134277344,413.6400146484375,31947300,413.6400146484375,0.5587696040752079,0.5715672528233896,0.5969284799044372,0.6106341769195451,0.3474006767800521,0.6106341769195451
2024-03-01,411.2699890136719,415.8699951171875,410.8800048828125,415.5,17823400,415.5,0.5666857300115961,0.5766325651486018,0.6127979125216189,0.6165703632091248,0.14941447591599405,0.6165703632091248
2024-03-04,413.44000244140625,417.3500061035156,412.32000732421875,414.9200134277344,17596000,414.9200134277344,0.573217390473643,0.5811216637165603,0.617405182900901,0.6147193226428477,0.14622682504927262,0.6147193226428477
2024-03-05,413.9599914550781,414.25,400.6400146484375,402.6499938964844,26919200,402.6499938964844,0.5747825382454913,0.571718873407226,0.5800351877272768,0.5755592713805656,0.2769177070220837,0.5755592713805656
2024-03-06,402.9700012207031,405.1600036621094,398.3900146484375,402.0899963378906,22344100,402.0899963378906,0.5417030725727395,0.544147531086038,0.5728363399647264,0.5737720262139681,0.21278480693265,0.5737720262139681
2024-03-07,406.1199951171875,409.7799987792969,402.239990234375,409.1400146484375,18718500,409.1400146484375,0.5511844381377616,0.5581606794046161,0.5851542902459265,0.5962723227895284,0.1619618210822313,0.5962723227895284
2024-03-08,407.9599914550781,410.4200134277344,404.3299865722656,406.2200012207031,18002200,406.2200012207031,0.5567227593190546,0.560101941238693,0.5918412082284876,0.5869530323657925,0.15192086103019717,0.5869530323657925
2024-03-11,403.760009765625,405.67999267578125,401.260009765625,404.5199890136719,16120800,404.5199890136719,0.5440809691846203,0.5457247369028811,0.5820188545993469,0.5815274040687635,0.125547746075713,0.5815274040687635
2024-03-12,407.6199951171875,415.57000732421875,406.7900085449219,415.2799987792969,22457000,415.2799987792969,0.5556993828693708,0.5757226565166652,0.5997120187501239,0.6158682242224217,0.21436741811494048,0.6158682242224217
2024-03-13,418.1000061035156,418.17999267578125,411.45001220703125,415.1000061035156,17115900,415.1000061035156,0.5872438297959898,0.5836391393078909,0.6146216440552142,0.6152937734326347,0.1394968726257328,0.6152937734326347
2024-03-14,420.239990234375,427.82000732421875,417.989990234375,425.2200012207031,34157300,425.2200012207031,0.5936851031808903,0.6128787708735748,0.63554622458378,0.6475919720258634,0.3783800453616456,0.6475919720258634
2024-03-15,419.2900085449219,422.6000061035156,412.7900085449219,416.4200134277344,45079900,416.4200134277344,0.5908256932982758,0.5970457127266643,0.6189089461169253,0.6195066073528532,0.5314910187866742,0.6195066073528532
2024-03-18,414.25,420.7300109863281,413.7799987792969,417.32000732421875,20106000,417.32000732421875,0.5756554532801691,0.5913737329371883,0.6220764078874484,0.6223789586993452,0.18141153778221364,0.6223789586993452
2024-03-19,417.8299865722656,421.6700134277344,415.54998779296875,421.4100036621094,19837900,421.4100036621094,0.5864310809559572,0.5942249034032018,0.6277394663100311,0.6354322766542537,0.17765336189229272,0.6354322766542537
2024-03-20,422.0,425.9599914550781,420.6600036621094,425.2300109863281,17860100,425.2300109863281,0.5989826677268164,0.6072370596621907,0.6440889002238802,0.6476239184244815,0.14992892968384222,0.6476239184244815
2024-03-21,429.8299865722656,430.82000732421875,427.1600036621094,429.3699951171875,21296200,429.3699951171875,0.6225506388088305,0.6219782274507771,0.6648855715379149,0.6608367735773675,0.19809553981199307,0.6608367735773675
2024-03-22,429.70001220703125,429.8599853515625,426.07000732421875,428.739990234375,17648500,428.739990234375,0.6221594207584578,0.6190663346996619,0.6613981414498207,0.6588260984155561,0.14696276027575844,0.6588260984155561
2024-03-25,425.239990234375,427.4100036621094,421.6099853515625,422.8599853515625,18060500,422.8599853515625,0.6087349189529209,0.6116351673669553,0.6471283551392507,0.640059926768725,0.15273809957694237,0.640059926768725
2024-03-26,425.6099853515625,425.989990234375,421.3500061035156,421.6499938964844,16725600,421.6499938964844,0.6098485906229654,0.6073280505253843,0.6462965546823121,0.6361982110406365,0.13402571988482964,0.6361982110406365
2024-03-27,424.44000244140625,424.45001220703125,419.010009765625,421.42999267578125,16705000,421.42999267578125,0.6063269851721103,0.6026570627954976,0.6388097647261342,0.6354960720539333,0.13373695291977045,0.6354960720539333
2024-03-28,420.9599914550781,421.8699951171875,419.1199951171875,420.7200012207031,21871200,420.7200012207031,0.5958522803263341,0.5948314783030065,0.639161661527027,0.6332301178958466,0.20615578276874252,0.6332301178958466
2024-04-01,423.95001220703125,427.8900146484375,422.2200012207031,424.57000732421875,16316000,424.57000732421875,0.6048521326206227,0.613091113742513,0.6490800935279988,0.6455175014643723,0.12828402333685648,0.6455175014643723
2024-04-02,420.1099853515625,422.3800048828125,417.8399963378906,421.44000244140625,17912000,421.44000244140625,0.5932937932737318,0.5963784155417577,0.6350663209277343,0.6355280184525515,0.15065645422202534,0.6355280184525515
2024-04-03,419.7300109863281,423.260009765625,419.0899963378906,420.45001220703125,16502300,420.45001220703125,0.5921500844347575,0.5990476042813839,0.6390656807958179,0.632368441711166,0.1308955420548433,0.632368441711166
2024-04-04,424.989990234375,428.6700134277344,417.57000732421875,417.8800048828125,19370900,417.8800048828125,0.6079824281643192,0.6154569687500072,0.634202494346852,0.6241662038659428,0.1711070428300284,0.6241662038659428
2024-04-05,420.010009765625,426.510009765625,418.32000732421875,425.5199890136719,16554800,425.5199890136719,0.5929928704437197,0.6089053489066865,0.6366021102677023,0.6485493900088417,0.13163147728132912,0.6485493900088417
2024-04-08,425.1700134277344,427.2799987792969,423.29998779296875,424.5899963378906,14272400,424.5899963378906,0.6085242913432696,0.6112408427716298,0.6525354974921495,0.6455812968640519,0.09963721897787708,0.6455812968640519
2024-04-09,426.44000244140625,427.739990234375,421.6199951171875,426.2799987792969,12496900,426.2799987792969,0.6123469114809225,0.6126360668620857,0.6471603812631943,0.6509749787624628,0.0747485905088186,0.6509749787624628
2024-04-10,422.19000244140625,424.0299987792969,419.70001220703125,423.260009765625,16216600,423.260009765625,0.5995545680746964,0.6013830981463273,0.6410174191845661,0.641336613942772,0.12689065264137667,0.641336613942772
2024-04-11,425.82000732421875,429.3699951171875,422.3599853515625,427.92999267578125,17966400,427.92999267578125,0.6104807490222763,0.6175801197460123,0.6495279710601009,0.6562409724639575,0.15141902329480303,0.6562409724639575
2024-04-12,424.04998779296875,425.17999267578125,419.7699890136719,421.8999938964844,19253800,421.8999938964844,0.6051530554506347,0.6048712046546963,0.6412413091303062,0.6369960918256373,0.16946555682961909,0.6369960918256373
2024-04-15,426.6000061035156,426.82000732421875,413.42999267578125,413.6400146484375,20273500,413.6400146484375,0.6128285166084417,0.609845618681174,0.6209565675962607,0.6106341769195451,0.18375952160004935,0.6106341769195451
2024-04-16,414.57000732421875,418.3999938964844,413.7300109863281,414.5799865722656,16765600,414.5799865722656,0.5766186635352076,0.5843064364927975,0.6219164725489739,0.6136341190653964,0.13458643243834265,0.6136341190653964
2024-04-17,417.25,418.8800048828125,410.3299865722656,411.8399963378906,15855500,411.8399963378906,0.5846853427433875,0.585762382868355,0.611038135595289,0.6048893768290043,0.12182882006453802,0.6048893768290043
2024-04-18,410.6300048828125,411.8900146484375,403.95001220703125,404.2699890136719,21029900,404.2699890136719,0.5647594013583047,0.5645606786641004,0.5906254848467125,0.5807295232837625,0.19436259598698025,0.5807295232837625
2024-04-19,404.0299987792969,405.4800109863281,397.7699890136719,399.1199951171875,30565800,399.1199951171875,0.5448936261678672,0.5451181620030764,0.5708525754520346,0.5642931985922547,0.3280350669630967,0.5642931985922547
2024-04-22,400.0799865722656,402.8500061035156,395.75,400.9599914550781,20286900,400.9599914550781,0.5330042349652487,0.5371409569267489,0.5643896450558353,0.5701655894821547,0.1839473603054762,0.5701655894821547
2024-04-23,404.239990234375,408.20001220703125,403.05999755859375,407.57000732421875,15734500,407.57000732421875,0.5455256927103924,0.5533683396689849,0.5877778937531385,0.5912616080843088,0.12013266459016117,0.5912616080843088
2024-04-24,409.55999755859375,412.4700012207031,406.7799987792969,409.05999755859375,15065300,409.05999755859375,0.5615387187374615,0.566319866207331,0.5996799926261802,0.5960169463956962,0.11075194356988861,0.5960169463956962
2024-04-25,394.0299987792969,399.8900146484375,388.0299987792969,399.0400085449219,40586500,399.0400085449219,0.514793994623806,0.528162852355291,0.539689594604926,0.5640379195959794,0.46850337408779075,0.5640379195959794
2024-04-26,412.1700134277344,413.0,405.760009765625,406.32000732421875,29694700,406.32000732421875,0.5693947703359901,0.567927433166725,0.5964165501244478,0.5872722041593043,0.31582414932896724,0.5872722041593043
2024-04-29,405.25,406.32000732421875,399.19000244140625,402.25,19582100,402.25,0.5485657848905141,0.547665998736958,0.5753958912240511,0.5742826816040755,0.17406760511257707,0.5742826816040755
2024-04-30,401.489990234375,402.1600036621094,389.1700134277344,389.3299865722656,28781400,389.3299865722656,0.5372482940357757,0.5350480745088356,0.5433370576721167,0.5330481597803023,0.3030216799508816,0.5330481597803023
2024-05-01,392.6099853515625,401.7200012207031,390.30999755859375,394.94000244140625,23562500,394.94000244140625,0.5105198065275637,0.5337134801390225,0.5469844230986857,0.5509526552424527,0.22986411131265613,0.5509526552424527
2024-05-02,397.6600036621094,399.92999267578125,394.6499938964844,397.8399963378906,17709400,397.8399963378906,0.525720175571386,0.5282841117965766,0.5608701888437974,0.5602080528689521,0.147816445138482,0.5602080528689521
2024-05-03,402.2799987792969,407.1499938964844,401.8599853515625,406.6600036621094,17446700,406.6600036621094,0.5396261906476565,0.5501834743282886,0.5839384692235295,0.5883573103391987,0.14413396544328533,0.5883573103391987
2024-05-06,408.760009765625,413.92999267578125,406.3699951171875,413.5400085449219,16996600,413.5400085449219,0.5591307849566509,0.5707482424901876,0.5983681908725742,0.6103150051260334,0.13782454743488023,0.6103150051260334
2024-05-07,414.6600036621094,414.6700134277344,409.0899963378906,409.3399963378906,20018200,409.3399963378906,0.5768895491962899,0.5729928380563963,0.607070801851149,0.5969105689789951,0.18018077372725258,0.5969105689789951
2024-05-08,408.1700134277344,412.2300109863281,406.7099914550781,410.5400085449219,11792300,410.5400085449219,0.5573549177183657,0.5655919393017816,0.5994560050398183,0.6007404357060222,0.06487163887868704,0.6007404357060222
2024-05-09,410.57000732421875,412.7200012207031,409.1000061035156,412.32000732421875,14689700,412.32000732421875,0.5645788109175831,0.5670781542554312,0.6071028279750926,0.6064213429993266,0.1054868526924015,0.6064213429993266
2024-05-10,412.94000244140625,415.3800048828125,411.79998779296875,414.739990234375,13402300,414.739990234375,0.5717124088964399,0.5751463501949523,0.6157413867057802,0.6141447744555039,0.08744031915758546,0.6141447744555039
2024-05-13,418.010009765625,418.3500061035156,410.82000732421875,413.7200012207031,15440200,413.7200012207031,0.5869729441349075,0.584154815908961,0.6126059510592006,0.6108894559158204,0.11600722197768924,0.6108894559158204
2024-05-14,412.0199890136719,417.489990234375,411.54998779296875,416.55999755859375,15109300,416.55999755859375,0.5689432023774006,0.5815462568899776,0.6149415147321635,0.6199533699457243,0.11136872737875292,0.6199533699457243
2024-05-15,417.8999938964844,423.80999755859375,417.2699890136719,423.0799865722656,22239500,423.0799865722656,0.5866418004223942,0.6007158009614207,0.6332425893941389,0.6407620657554282,0.21131854360521352,0.6407620657554282
2024-05-16,421.79998779296875,425.4200134277344,420.3500061035156,420.989990234375,17530100,420.989990234375,0.598380638353221,0.6055992241247047,0.6430970667878452,0.6340917940805272,0.14530305111735994,0.6340917940805272
2024-05-17,422.5400085449219,422.9200134277344,418.0299987792969,420.2099914550781,15352200,420.2099914550781,0.6006080735500957,0.5980163436437027,0.6356742314389328,0.6316024099272265,0.11477365435996063,0.6316024099272265
2024-05-20,420.2099914550781,426.7699890136719,419.989990234375,425.3399963378906,16272100,425.3399963378906,0.5935948079605295,0.6096939055328785,0.6419452003727137,0.6479749392190547,0.12766864130937597,0.6479749392190547
2024-05-21,426.8299865722656,432.9700012207031,424.8500061035156,429.0400085449219,21453300,429.0400085449219,0.6135207493456123,0.628499486151547,0.6574947623129462,0.6597836137960912,0.2002977383659154,0.6597836137960912
2024-05-22,430.0899963378906,432.4100036621094,427.1300048828125,430.5199890136719,18073700,430.5199890136719,0.6233332586231476,0.6268009283289593,0.6647895908067059,0.6645070057088603,0.15292313471960167,0.6645070057088603
2024-05-23,432.9700012207031,433.6000061035156,425.4200134277344,427.0,17211700,427.0,0.632001967204923,0.6304103868430729,0.6593184938465415,0.6532728793191677,0.14083977919139642,0.6532728793191677
2024-05-24,427.19000244140625,431.05999755859375,424.4100036621094,430.1600036621094,11855300,430.1600036621094,0.614604383846727,0.6227061543563264,0.656086979828131,0.6633581041292863,0.06575476115047002,0.6633581041292863
2024-05-28,429.6300048828125,430.82000732421875,426.6000061035156,430.32000732421875,15718000,430.32000732421875,0.6219487012920208,0.6219782274507771,0.6630938661282633,0.6638687595193937,0.11990137066183706,0.6638687595193937
2024-05-29,425.69000244140625,430.94000244140625,425.69000244140625,429.1700134277344,15517100,429.1700134277344,0.6100894391151178,0.6223421909035518,0.6601823204274238,0.6601985273879007,0.117085191861818,0.6601985273879007
2024-05-30,424.29998779296875,424.29998779296875,414.239990234375,414.6700134277344,28394500,414.6700134277344,0.6059055462392362,0.6022020159150703,0.6235481449795292,0.6139214418578467,0.29759818777702707,0.6139214418578467
2024-05-31,416.75,416.75,404.510009765625,415.1300048828125,47995300,415.1300048828125,0.5831803611661843,0.5793017538882279,0.5924171902563642,0.6153895152309325,0.5723585532494694,0.6153895152309325
2024-06-03,415.5299987792969,416.42999267578125,408.9200134277344,413.5199890136719,17484700,413.5199890136719,0.5795082024435375,0.5783311229711895,0.6065269435878379,0.610251112328797,0.1446666423691227,0.610251112328797
2024-06-04,412.42999267578125,416.44000244140625,409.67999267578125,416.07000732421875,14348900,416.07000732421875,0.5701772982935214,0.5783614841137404,0.6089584879920099,0.6183895547743405,0.10070958173647071,0.6183895547743405
2024-06-05,417.80999755859375,424.0799865722656,416.29998779296875,424.010009765625,16988000,424.010009765625,0.586370914761312,0.6015347187301637,0.6301390822308812,0.6437302562977747,0.13770399423587495,0.6437302562977747
2024-06-06,424.010009765625,425.30999755859375,420.5799865722656,424.5199890136719,14861300,424.5199890136719,0.6050327230613441,0.605265529250022,0.6438328865135746,0.645357866868838,0.10789230954697229,0.645357866868838
2024-06-07,426.20001220703125,426.2799987792969,423.0,423.8500061035156,13621700,423.8500061035156,0.6116245497180364,0.6082076905792291,0.6515756901800581,0.6432196009076673,0.09051582751360429,0.6432196009076673
2024-06-10,424.70001220703125,428.0799865722656,423.8900146484375,427.8699951171875,13982900,427.8699951171875,0.6071096049864272,0.6136673274997668,0.654423281273632,0.6560494888673619,0.09557906187182671,0.6560494888673619
2024-06-11,425.4800109863281,432.82000732421875,425.25,432.67999267578125,14551100,432.67999267578125,0.6094573725725926,0.6280445318355786,0.6587745379426087,0.6714007073789753,0.10354398369447894,0.6714007073789753
2024-06-12,435.32000732421875,443.3999938964844,433.25,441.05999755859375,22366200,441.05999755859375,0.6390753989891345,0.660135241302817,0.6843704410983438,0.6981456868758156,0.21309460061846594,0.6981456868758156
2024-06-13,440.8500061035156,443.3900146484375,439.3699951171875,441.5799865722656,15960600,441.5799865722656,0.6557204915587288,0.6601049727247251,0.7039512913899816,0.6998052438454971,0.12330209229889344,0.6998052438454971
2024-06-14,438.2799987792969,443.1400146484375,436.7200012207031,442.57000732421875,13582000,442.57000732421875,0.6479848642062765,0.6593466846766249,0.6954726679977687,0.7029649179844394,0.08995932030424263,0.7029649179844394
2024-06-17,442.5899963378906,450.94000244140625,440.7200012207031,448.3699951171875,20790000,448.3699951171875,0.6609577980532241,0.6830052347515674,0.7082706195756363,0.7214757132374383,0.19099972244728602,0.7214757132374383
2024-06-18,449.7099914550781,450.1400146484375,444.8900146484375,446.3399963378906,17112500,446.3399963378906,0.6823887210155098,0.6805787500234304,0.7216125270574368,0.714996925159133,0.13944921205868419,0.714996925159133
2024-06-20,446.29998779296875,446.5299987792969,441.2699890136719,445.70001220703125,19877400,445.70001220703125,0.6721247356361707,0.6696290224753448,0.7100302988613444,0.7129544009962602,0.17820706553888682,0.7129544009962602
2024-06-21,447.3800048828125,450.5799865722656,446.510009765625,449.7799987792969,34187100,449.7799987792969,0.6753755472827293,0.6819132518287845,0.7267956818239737,0.7259757725525504,0.3787977762140128,0.7259757725525504
2024-06-24,449.79998779296875,452.75,446.4100036621094,447.6700134277344,15913700,447.6700134277344,0.6826596066765921,0.6884952328146561,0.7264757135064026,0.7192417054779697,0.12264465682989943,0.7192417054779697
2024-06-25,448.25,451.4200134277344,446.75,450.95001220703125,16413400,450.95001220703125,0.6779942005299769,0.6844611811271251,0.7275635276736467,0.7297098974812797,0.12964935840466063,0.7297098974812797
2024-06-26,449.0,453.6000061035156,448.19000244140625,452.1600036621094,16507000,452.1600036621094,0.6802516728957815,0.6910734306910886,0.7321707980529288,0.7335716132093684,0.13096142577988107,0.7335716132093684
2024-06-27,452.17999267578125,456.1700134277344,451.7699890136719,452.8500061035156,14806300,452.8500061035156,0.6898233336811643,0.6988686540410287,0.7436249217532467,0.7357737719677754,0.10712132978589191,0.7357737719677754
2024-06-28,453.07000732421875,455.3800048828125,446.4100036621094,446.95001220703125,28362300,446.95001220703125,0.6925022449798429,0.6964724378909836,0.7264757135064026,0.7169438049212647,0.29714681417144906,0.7169438049212647
2024-07-01,448.6600036621094,457.3699951171875,445.6600036621094,456.7300109863281,17662800,456.7300109863281,0.6792282964460977,0.7025083811332343,0.7240760975855525,0.748156897334599,0.14716321501363933,0.748156897334599
2024-07-02,453.20001220703125,459.5899963378906,453.1099853515625,459.2799987792969,13979800,459.2799987792969,0.6928935548870014,0.7092419827029424,0.7479122238149577,0.7562952423825858,0.09553560664892946,0.7562952423825858
2024-07-03,458.19000244140625,461.0199890136719,457.8800048828125,460.7699890136719,9932800,460.7699890136719,0.7079132416333165,0.7135793681226054,0.7631738435615627,0.7610505806939731,0.038805514047251244,0.7610505806939731
2024-07-05,459.6099853515625,468.3500061035156,458.9700012207031,467.55999755859375,16000300,467.55999755859375,0.7121873378727732,0.7358124255290001,0.7666612736496571,0.7827210500859144,0.12385859950825509,0.7827210500859144
2024-07-08,466.54998779296875,467.70001220703125,464.4599914550781,466.239990234375,12962300,466.239990234375,0.7330764895128945,0.7338408951168314,0.7842264309452813,0.7785082161656959,0.08127248106894241,0.7785082161656959
2024-07-09,467.0,467.3299865722656,458.0,459.5400085449219,17207200,459.5400085449219,0.7344310096750916,0.7327185510514975,0.7635577664863993,0.757125069566205,0.1407766990291262,0.757125069566205
2024-07-10,461.2200012207031,466.4599914550781,458.8599853515625,466.25,18196100,466.25,0.7170334263168956,0.7300797234544223,0.7663092792081424,0.778540162564314,0.15463891513335146,0.778540162564314
2024-07-11,462.9800109863281,464.7799987792969,451.54998779296875,454.70001220703125,23111200,454.70001220703125,0.7223309908628218,0.7249840499866591,0.7429210305108391,0.7416781092562937,0.22353787192764565,0.7416781092562937
2024-07-12,454.3299865722656,456.3599853515625,450.6499938964844,453.54998779296875,16324300,453.54998779296875,0.6962947360917804,0.6994448677982826,0.7400415109339433,0.738007779727244,0.12840037119171044,0.738007779727244
2024-07-15,453.29998779296875,457.260009765625,451.42999267578125,453.9599914550781,14429400,453.9599914550781,0.6931944777170135,0.7021747788230105,0.7425371075860026,0.7393163159023524,0.10183801575041562,0.7393163159023524
2024-07-16,454.2200012207031,454.29998779296875,446.6600036621094,449.5199890136719,17175700,449.5199890136719,0.6959636842360528,0.6931965816870937,0.7272755854800194,0.7251459453689312,0.14033513789323473,0.7251459453689312
2024-07-17,442.5899963378906,444.8500061035156,439.17999267578125,443.5199890136719,21778000,443.5199890136719,0.6609577980532241,0.6645333490075818,0.7033433808787831,0.7059968065289088,0.20484932251905721,0.7059968065289088
2024-07-18,444.3399963378906,444.6499938964844,434.3999938964844,440.3699951171875,20794800,440.3699951171875,0.6662252335734348,0.663926681543318,0.6880498326488563,0.6959435281174084,0.19106700795370757,0.6959435281174084
2024-07-19,433.1000061035156,441.1400146484375,432.0,437.1099853515625,20940400,437.1099853515625,0.6323932771120815,0.6532803802918233,0.6803710812302601,0.6855391315137781,0.1931080016484949,0.6855391315137781
2024-07-22,441.7900085449219,444.6000061035156,438.9100036621094,442.94000244140625,15808800,442.94000244140625,0.6585498642724135,0.6637750609594816,0.702479554297901,0.7041457659626317,0.12117418815831159,0.7041457659626317
2024-07-23,443.8999938964844,448.3900146484375,443.1000061035156,444.8500061035156,13107100,444.8500061035156,0.6649008424369531,0.675270733686729,0.715885416386967,0.7102415868477456,0.08330226051265949,0.7102415868477456
2024-07-24,440.45001220703125,441.4800109863281,427.5899963378906,428.8999938964844,26805800,428.8999938964844,0.6545165246683236,0.6543116409295046,0.6662613278987866,0.6593367538056635,0.2753280869328743,0.6593367538056635
2024-07-25,428.79998779296875,429.79998779296875,417.510009765625,418.3999938964844,29943800,418.3999938964844,0.6194503804340638,0.6188843529732746,0.6340105328844339,0.6258257608356242,0.3193159867559695,0.6258257608356242
2024-07-26,418.20001220703125,428.9200134277344,417.2699890136719,425.2699890136719,23583800,425.2699890136719,0.5875448444827875,0.6162152567981074,0.6332425893941389,0.6477515092238408,0.2301626907474018,0.6477515092238408
2024-07-29,431.5799865722656,432.1499938964844,424.70001220703125,426.7300109863281,15125800,426.7300109863281,0.6278180743290412,0.6260122791383081,0.6570148586569006,0.6524112031344871,0.11160002130707704,0.6524112031344871
2024-07-30,427.7200012207031,429.04998779296875,417.3599853515625,422.9200134277344,32687600,422.9200134277344,0.6161996606442909,0.6166094888289739,0.6335305315877664,0.6402515077628774,0.357778064364194,0.6402515077628774
2024-07-31,420.5,421.7799987792969,412.2099914550781,418.3500061035156,42891400,418.3500061035156,0.5944677229952072,0.5945585057134255,0.6170531884593863,0.6256662236376468,0.5008130332025938,0.6256662236376468
2024-08-01,420.7900085449219,427.4599914550781,413.0899963378906,417.1099853515625,30296400,417.1099853515625,0.595340638029885,0.6117867879507918,0.6198687534290166,0.6217086687137036,0.3242586679151866,0.6217086687137036
2024-08-02,412.489990234375,415.0,404.3399963378906,408.489990234375,29437900,408.489990234375,0.5703578887342429,0.5739937375515266,0.5918732343524313,0.5941977548304805,0.31222437473541376,0.5941977548304805
2024-08-05,389.1700134277344,401.0400085449219,385.5799865722656,395.1499938964844,40709200,395.1499938964844,0.5001656177846495,0.5316509588636602,0.5318508102072335,0.5516228478305376,0.4702233598456919,0.5516228478305376
2024-08-06,400.0,405.6700134277344,398.5,399.6099853515625,24946500,399.6099853515625,0.532763478329882,0.5456944683247893,0.5731882367656193,0.5658570137636383,0.24926476566420608,0.5658570137636383
2024-08-07,408.6400146484375,410.0799865722656,397.4700012207031,398.42999267578125,20650900,398.42999267578125,0.5587696040752079,0.5590705880365527,0.5698927681399433,0.5620910398338476,0.18904984454244453,0.5620910398338476
2024-08-08,402.44000244140625,405.8599853515625,399.94000244140625,402.69000244140625,20203000,402.69000244140625,0.5401077957751758,0.5462706820820431,0.5777955071449014,0.5756869595774816,0.18277126572448268,0.5756869595774816
2024-08-09,404.0299987792969,408.04998779296875,402.260009765625,406.0199890136719,19276700,406.0199890136719,0.5448936261678672,0.5529132927885575,0.5852183424938138,0.586314688778769,0.16978656476650528,0.586314688778769
2024-08-12,407.05999755859375,408.760009765625,404.239990234375,406.80999755859375,16762900,406.80999755859375,0.5540138108514463,0.5550668974915726,0.5915532660348602,0.5888360193306879,0.13454858434098052,0.5888360193306879
2024-08-13,409.5899963378906,414.95001220703125,409.57000732421875,414.010009765625,19414300,414.010009765625,0.5616290139578223,0.5738421169676902,0.6086065911911169,0.6118150248977374,0.17171541595059,0.6118150248977374
2024-08-14,414.79998779296875,417.7200012207031,412.45001220703125,416.8599853515625,18267000,416.8599853515625,0.5773108962723782,0.5822439152174351,0.6178211319496811,0.6209107879287027,0.15563277813445325,0.6209107879287027
2024-08-15,419.79998779296875,421.1099853515625,417.6600036621094,421.0299987792969,20752100,421.0299987792969,0.5923607120444088,0.592526253016155,0.6344904365404795,0.6342194822774432,0.19046844730283244,0.6342194822774432
2024-08-16,420.6000061035156,421.3399963378906,417.29998779296875,418.4700012207031,22775600,418.4700012207031,0.594768737682005,0.5932239113436124,0.6333385701253481,0.6260491908308382,0.21883349360367155,0.6260491908308382
2024-08-19,418.9599914550781,421.75,416.4599914550781,421.5299987792969,15234000,421.5299987792969,0.5898323540175219,0.5944675148502319,0.6306510120108705,0.635815243847445,0.11311674876432971,0.635815243847445
2024-08-20,421.70001220703125,425.8599853515625,421.6400146484375,424.79998779296875,16387600,424.79998779296875,0.5980797155232089,0.6069337259300588,0.6472244335110816,0.6462514894521368,0.12928769880764476,0.6462514894521368
2024-08-21,424.0799865722656,426.3999938964844,421.7200012207031,424.1400146484375,16067300,424.1400146484375,0.6052433506709954,0.6085716540320038,0.6474803495807654,0.6441451698895843,0.12479779303538938,0.6441451698895843
2024-08-22,424.3599853515625,426.7900085449219,414.6099853515625,415.54998779296875,19361900,415.54998779296875,0.6060861366799577,0.6097546278179803,0.6247319398779824,0.6167299004071023,0.17098088250548799,0.6167299004071023
2024-08-23,416.9800109863281,419.260009765625,412.0899963378906,416.7900085449219,18493800,416.7900085449219,0.5838726857601406,0.5869149955117808,0.6166692655345497,0.6206874553310455,0.158812018312872,0.6206874553310455
2024-08-26,416.3699951171875,417.2799987792969,411.3399963378906,413.489990234375,13152800,413.489990234375,0.5820365604704243,0.580909320847622,0.6142696496136996,0.6101553705304992,0.0839428746050481,0.6101553705304992
2024-08-27,412.8599853515625,414.3599853515625,410.25,413.8399963378906,13492900,413.8399963378906,0.5714715604042875,0.5720524757174498,0.6107822195256052,0.6112724231090119,0.08871033309129242,0.6112724231090119
2024-08-28,414.8800048828125,415.0,407.30999755859375,410.6000061035156,14882700,410.6000061035156,0.5775517447645306,0.5739937375515266,0.6013757173046228,0.6009319193026179,0.10819229076310174,0.6009319193026179
2024-08-29,414.94000244140625,422.04998779296875,410.6000061035156,413.1199951171875,17045200,413.1199951171875,0.5777323352052521,0.5953774234821685,0.611902059816793,0.6089745225523069,0.13850581318739855,0.6089745225523069
2024-08-30,415.6000061035156,417.489990234375,412.1300048828125,417.1400146484375,24308300,417.1400146484375,0.5797189219099744,0.5815462568899776,0.6167972723897025,0.6218045079095582,0.24031859687290608,0.6218045079095582
2024-09-03,417.9100036621094,419.8800048828125,407.0299987792969,409.44000244140625,20313600,409.44000244140625,0.5866719294481098,0.5887955350607559,0.600479864599797,0.5972297407725068,0.18432163593494613,0.5972297407725068
2024-09-04,405.9100036621094,411.239990234375,404.3699951171875,408.8999938964844,15135800,408.8999938964844,0.5505523715952364,0.5625890556874727,0.5919692150836404,0.5955062910055888,0.11174019944545528,0.5955062910055888
2024-09-05,407.6199951171875,413.1000061035156,406.1300048828125,408.3900146484375,14195500,408.3900146484375,0.5556993828693708,0.5682307668988569,0.5976003450229012,0.5938786804345255,0.09855924909374833,0.5938786804345255
2024-09-06,409.05999755859375,410.6499938964844,400.79998779296875,401.70001220703125,19609500,401.70001220703125,0.5600337371602585,0.5607995070016913,0.5805470198666444,0.572527382836096,0.17445169321173348,0.572527382836096
2024-09-09,407.239990234375,408.6499938964844,402.1499938964844,405.7200012207031,15295100,405.7200012207031,0.5545555821736108,0.5547332026168899,0.5848663480522991,0.5853572707957906,0.11397323718982083,0.5853572707957906
2024-09-10,408.20001220703125,416.3299865722656,407.70001220703125,414.20001220703125,19594300,414.20001220703125,0.5574452129387264,0.5780277892390576,0.6026235644509633,0.6124214220861427,0.17423862244139854,0.6124214220861427
2024-09-11,415.5,423.989990234375,409.5799865722656,423.0400085449219,19266900,423.0400085449219,0.5794179072231768,0.6012617461405827,0.6086385196744388,0.6406344749560688,0.16964919019089458,0.6406344749560688
2024-09-12,423.30999755859375,427.3699951171875,419.75,427.0,17395700,427.0,0.6029257121105456,0.6115138153612109,0.6411773545230407,0.6532728793191677,0.14341905693755624,0.6532728793191677
2024-09-13,425.8299865722656,431.8299865722656,425.4599914550781,430.5899963378906,15874600,430.5899963378906,0.6105107861912061,0.6250416482212697,0.6594464030610725,0.6647304357040743,0.12209656030884047,0.6647304357040743
2024-09-16,430.6000061035156,433.5299987792969,428.2200012207031,431.3399963378906,13834700,431.3399963378906,0.6248683692260661,0.6301980439741347,0.6682770208948001,0.667124078059077,0.09350162186106104,0.667124078059077
2024-09-17,440.2300109863281,441.8500061035156,432.2699890136719,435.1499938964844,18874200,435.1499938964844,0.6538543291000828,0.6554338924303794,0.6812349078111424,0.6792837734306867,0.16414439469678066,0.6792837734306867
2024-09-18,435.0,436.0299987792969,430.4100036621094,430.80999755859375,18898000,430.80999755859375,0.6381121887340959,0.6377809244551367,0.6752839071949324,0.6654325746907773,0.1644780186661209,0.6654325746907773
2024-09-19,441.2300109863281,441.5,436.8999938964844,438.69000244140625,21706600,438.69000244140625,0.6568642922544888,0.6543722706501474,0.6960485523850235,0.6905817926176159,0.2038484506110365,0.6905817926176159
2024-09-20,437.2200012207031,439.239990234375,434.2200012207031,435.2699890136719,55167100,435.2699890136719,0.6447943106111489,0.6475173170746946,0.6874739482616015,0.6796667406238781,0.6728915105315836,0.6796667406238781
2024-09-23,434.2799987792969,436.4599914550781,430.3900146484375,433.510009765625,15128900,433.510009765625,0.6359450115886521,0.6390851576823988,0.6752199525876669,0.6740497261278101,0.11164347652997429,0.6740497261278101
2024-09-24,433.0,433.3500061035156,426.1000061035156,429.1700134277344,17015800,429.1700134277344,0.6320922624252837,0.6296520987949727,0.6614941221810298,0.6601985273879007,0.1380936894605665,0.6601985273879007
2024-09-25,429.8299865722656,433.1199951171875,428.57000732421875,432.1099853515625,13396400,432.1099853515625,0.6225506388088305,0.6289544404675154,0.669396861185988,0.6695815158137595,0.08735761405594229,0.6695815158137595
2024-09-26,435.0899963378906,435.29998779296875,429.1300048828125,431.30999755859375,14492000,431.30999755859375,0.6383830743951782,0.6355666900314788,0.6711885665956396,0.6670283362607793,0.10271553089666348,0.6670283362607793
2024-09-27,431.5199890136719,431.8500061035156,427.4700012207031,428.0199890136719,14896100,428.0199890136719,0.6276374838883197,0.6251023705063715,0.66587740497395,0.6565281978588511,0.10838012946852861,0.6565281978588511
2024-09-30,428.2099914550781,430.4200134277344,425.3699951171875,430.29998779296875,16807300,430.29998779296875,0.6176745131957784,0.6207649850867086,0.6591584608674451,0.6638048667221573,0.13517097527537994,0.6638048667221573
2024-10-01,428.45001220703125,428.4800109863281,418.80999755859375,420.69000244140625,19092900,420.69000244140625,0.6183969668154502,0.6148806624282943,0.6381698280909921,0.6331343760975487,0.167210090583113,0.6331343760975487
2024-10-02,422.5799865722656,422.82000732421875,416.7099914550781,417.1300048828125,16582300,417.1300048828125,0.6007284059393863,0.5977130099115708,0.6314508839844872,0.62177256151094,0.1320169671618693,0.62177256151094
2024-10-03,417.6300048828125,419.54998779296875,414.2900085449219,416.5400085449219,13686400,416.5400085449219,0.5858291434391475,0.5877945430011665,0.6237081779586255,0.6198895745460447,0.09142278006891157,0.6198895745460447
2024-10-04,418.239990234375,419.75,414.9700012207031,416.05999755859375,19169700,416.05999755859375,0.5876651768720781,0.5884012104654303,0.6258838062931138,0.6183576083757224,0.168286658685858,0.6183576083757224
2024-10-07,416.0,417.1099853515625,409.0,409.5400085449219,20919800,409.5400085449219,0.5809228888003798,0.5803936442465519,0.6067828596575217,0.5975489125660185,0.1928192346834357,0.5975489125660185
2024-10-08,410.8999938964844,415.6600036621094,408.1700134277344,414.7099914550781,19229300,414.7099914550781,0.5655720583415514,0.5759956291062461,0.6041273276669876,0.614049032657206,0.16912212039059235,0.614049032657206
2024-10-09,415.8599853515625,420.3800048828125,414.29998779296875,417.4599914550781,14974300,417.4599914550781,0.5805014498675057,0.5903121111569563,0.6237401064419474,0.6228257212922163,0.10947632251064653,0.6228257212922163
2024-10-10,415.2300109863281,417.3500061035156,413.1499938964844,415.8399963378906,13848400,415.8399963378906,0.5786052502399299,0.5811216637165603,0.6200607148914349,0.6176554693890193,0.09369366591063924,0.6176554693890193
2024-10-11,416.1400146484375,417.1300048828125,413.25,416.32000732421875,14144900,416.32000732421875,0.5813443277332537,0.5804543665316537,0.6203806832090059,0.6191874355593415,0.09784994771355439,0.6191874355593415
2024-10-14,417.7699890136719,424.0400085449219,417.5199890136719,419.1400146484375,16653100,419.1400146484375,0.5862504905152357,0.6014134592888781,0.6340424613677557,0.6281875541895656,0.13300942838158733,0.6281875541895656
2024-10-15,422.17999267578125,422.4800109863281,415.260009765625,418.739990234375,18900200,418.739990234375,0.599524439048981,0.5966817492738896,0.6268116851218833,0.6269108670155188,0.16450885785656413,0.6269108670155188
2024-10-16,415.1700134277344,416.3599853515625,410.4800109863281,416.1199951171875,15508900,416.1199951171875,0.5784246597992084,0.5781187801022514,0.6115181368919564,0.6185490919723181,0.11697024578834783,0.6185490919723181
2024-10-17,422.3599853515625,422.5,415.5899963378906,416.7200012207031,14820000,416.7200012207031,0.6000662103711455,0.5967423789945324,0.6278674731651838,0.6204640253358317,0.10731337383547011,0.6204640253358317
2024-10-18,417.1400146484375,419.6499938964844,416.260009765625,418.1600036621094,17145300,418.1600036621094,0.5843542908876599,0.5880978767332984,0.6300111730163502,0.6250598264492415,0.13990899635256485,0.6250598264492415
2024-10-21,416.1199951171875,418.9599914550781,413.75,418.7799987792969,14206100,418.7799987792969,0.5812840696818228,0.5860049943153851,0.6219804271562394,0.6270385552124348,0.09870783792042928,0.6270385552124348
2024-10-22,418.489990234375,430.5799865722656,418.0400085449219,427.510009765625,25482200,427.510009765625,0.5884176676606796,0.6212502079807688,0.6357062575628765,0.6549005872877878,0.256774108537129,0.6549005872877878
2024-10-23,430.8599853515625,431.0799865722656,422.5299987792969,424.6000061035156,19654400,424.6000061035156,0.6256508971835975,0.6227667840769692,0.6500719269640338,0.6456132432626701,0.1750810930530518,0.6456132432626701
2024-10-24,425.3299865722656,425.9800109863281,422.3999938964844,424.7300109863281,13581600,424.7300109863281,0.6090058046140031,0.6072977819472924,0.6496559779152536,0.6460281568544797,0.0899537131787075,0.6460281568544797
2024-10-25,426.760009765625,432.5199890136719,426.57000732421875,428.1499938964844,16899100,428.1499938964844,0.613310121735961,0.627134530639183,0.6629978853970542,0.6569431114506606,0.13645781058569229,0.6569431114506606
2024-10-28,431.6600036621094,431.94000244140625,426.29998779296875,426.5899963378906,14882400,426.5899963378906,0.6280589228211938,0.6253753430959526,0.6621339611755501,0.6519643431440594,0.1081880854189504,0.6519643431440594
2024-10-29,428.0,433.1700134277344,425.79998779296875,431.95001220703125,17644100,431.95001220703125,0.6170424466532531,0.6291061536158108,0.6605342172283167,0.6690709578212088,0.146901081894872,0.6690709578212088
2024-10-30,437.44000244140625,438.5,432.1000061035156,432.5299987792969,29749100,432.5299987792969,0.6454565061793897,0.645272814072945,0.6806910495478312,0.670921998387486,0.31658671840174496,0.670921998387486
2024-10-31,415.3599853515625,416.1600036621094,406.29998779296875,406.3500061035156,53971000,406.3500061035156,0.5789964682903027,0.5775122052024466,0.5981442032862123,0.5873679459576021,0.6561248034001609,0.5873679459576021
2024-11-01,409.010009765625,415.5,407.5,410.3699951171875,24230400,410.3699951171875,0.5598832757452524,0.575510313647727,0.6019836278158213,0.6001978339172966,0.23922660917493951,0.6001978339172966
2024-11-04,409.79998779296875,410.4200134277344,405.57000732421875,408.4599914550781,19672300,408.4599914550781,0.5622610805003476,0.560101941238693,0.5958086396132494,0.5941020130321827,0.17533201192074888,0.5941020130321827
2024-11-05,408.3699951171875,414.8999938964844,408.0799865722656,411.4599914550781,17626000,411.4599914550781,0.5579568552351755,0.5736904038193947,0.6038392878327384,0.6036765824521939,0.14664735946440738,0.6036765824521939
2024-11-06,412.4200134277344,420.45001220703125,410.5199890136719,420.17999267578125,26681800,420.17999267578125,0.5701472611245916,0.5905244540258945,0.6116460461064874,0.6315066681289286,0.273589878016984,0.6315066681289286
2024-11-07,421.2799987792969,426.8500061035156,419.8800048828125,425.42999267578125,19901800,425.42999267578125,0.5968154905813726,0.6099366095443677,0.6415933035718209,0.6482621646139483,0.17854910019652975,0.6482621646139483
2024-11-08,425.32000732421875,426.5,421.7799987792969,422.5400085449219,16891400,422.5400085449219,0.6089757674450733,0.6088749877641356,0.6476723110431836,0.639038713386067,0.13634987341914104,0.639038713386067
2024-11-11,422.5199890136719,424.80999755859375,416.0,418.010009765625,24503300,418.010009765625,0.6005478154986648,0.6037489531538215,0.6291792749187899,0.6245811174577524,0.24305207057128198,0.6245811174577524
2024-11-12,418.25,424.44000244140625,417.20001220703125,423.0299987792969,19401200,423.0299987792969,0.5876953058977935,0.6026267016529467,0.6330186994483988,0.6406025285574506,0.1715317825893145,0.6406025285574506
2024-11-13,421.6400146484375,429.3299865722656,418.2099914550781,425.20001220703125,21502200,425.20001220703125,0.5978991250824874,0.6174587677402679,0.6362501158261876,0.6475281766261837,0.20098320946258505,0.6475281766261837
2024-11-14,425.0,428.1700134277344,420.0,426.8900146484375,30246900,426.8900146484375,0.6080125571900348,0.6139403926538068,0.6419772264966574,0.6529218585245945,0.3235647861302143,0.6529218585245945
2024-11-15,419.82000732421875,422.79998779296875,413.6400146484375,415.0,28247600,415.0,0.5924209700958397,0.597652287626469,0.6216285303553465,0.614974601639123,0.2955389709242505,0.614974601639123
2024-11-18,414.8699951171875,418.3999938964844,412.1000061035156,415.760009765625,24727000,415.760009765625,0.5775216157388151,0.5843064364927975,0.6167012916584933,0.617400190392744,0.24618785552680347,0.617400190392744
2024-11-19,413.1099853515625,417.94000244140625,411.54998779296875,417.7900085449219,18133500,417.7900085449219,0.572224051192889,0.5829112124023416,0.6149415147321635,0.6238789784710492,0.15376139998710361,0.6238789784710492
2024-11-20,416.8699951171875,417.2900085449219,410.5799865722656,415.489990234375,19191700,415.489990234375,0.5835415420476274,0.5809396819901729,0.6118380075689057,0.6165384168105066,0.16859505059029015,0.6165384168105066
2024-11-21,419.5,419.7799987792969,410.2900085449219,412.8699951171875,20780200,412.8699951171875,0.5914577598408012,0.588492201328624,0.610910226380758,0.6081766417673059,0.19086234787167533,0.6081766417673059
2024-11-22,411.3699951171875,417.3999938964844,411.05999755859375,417.0,24814600,417.0,0.5669867446983937,0.5812732843003967,0.6133737969088736,0.6213576479191304,0.24741581601899695,0.6213576479191304
2024-11-25,418.3800048828125,421.0799865722656,414.8500061035156,418.7900085449219,27691100,418.7900085449219,0.588086615804952,0.5924352621529614,0.6254998833682773,0.6270705016110529,0.28773805752350085,0.6270705016110529
2024-11-26,419.5899963378906,429.0400085449219,418.8500061035156,427.989990234375,23458900,427.989990234375,0.5917286455018834,0.6165792202508821,0.6382978349461449,0.6564324560605532,0.22841186579905745,0.6564324560605532
2024-11-27,425.1099853515625,427.2300109863281,422.0199890136719,422.989990234375,18332400,422.989990234375,0.6083436090457623,0.6110892221877934,0.6484401568928567,0.6404748403605346,0.15654954315944702,0.6404748403605346
2024-11-29,420.0899963378906,424.8800048828125,417.79998779296875,423.4599914550781,16271900,423.4599914550781,0.5932336270790864,0.6039612960227597,0.6349383140725815,0.6419748601322386,0.1276658377466084,0.6419748601322386
2024-12-02,421.57000732421875,433.0,421.30999755859375,430.9800109863281,20207200,430.9800109863281,0.5976884056160504,0.6285904770147407,0.6461685478271593,0.665975176479503,0.18283014054260155,0.665975176479503
2024-12-03,429.8399963378906,432.4700012207031,427.739990234375,431.20001220703125,18302000,431.20001220703125,0.6225807678345461,0.6269829100553466,0.6667412315548322,0.6666773154662061,0.15612340161877714,0.6666773154662061
2024-12-04,433.0299987792969,439.6700134277344,432.6300048828125,437.4200134277344,26009400,437.4200134277344,0.6321825576456445,0.6488216428664159,0.6823867742262737,0.6865285932929315,0.2641642999924304,0.6865285932929315
2024-12-05,437.9200134277344,444.6600036621094,436.1700134277344,442.6199951171875,21697800,442.6199951171875,0.6469013215619475,0.6639570426858689,0.6937129887120607,0.7031244551824168,0.20372509384926366,0.7031244551824168
2024-12-06,442.29998779296875,446.1000061035156,441.7699890136719,443.57000732421875,18821000,443.57000732421875,0.6600848830185463,0.6683247892480827,0.7116300428085778,0.7061564411244431,0.16339864700060838,0.7061564411244431
2024-12-09,442.6000061035156,448.3299865722656,440.5,446.0199890136719,19144400,446.0199890136719,0.6609879270789395,0.6750886593958827,0.7075667283332286,0.7139756143789182,0.16793200799576102,0.7139756143789182
2024-12-10,444.3900146484375,449.6199951171875,441.6000061035156,443.3299865722656,18469500,443.3299865722656,0.6663757868452265,0.6790014516421282,0.7110861845452666,0.7053904093405036,0.15847138543661285,0.7053904093405036
2024-12-11,444.04998779296875,450.3500061035156,444.04998779296875,448.989990234375,19200200,448.989990234375,0.665352318538757,0.681215686065786,0.7189248713023374,0.7234544420006316,0.16871420200791165,0.7234544420006316
2024-12-12,449.1099853515625,456.1600036621094,449.1099853515625,449.55999755859375,20834800,449.55999755859375,0.680582724751509,0.6988382928984779,0.7351142722370901,0.7252736335658473,0.19162772050722057,0.7252736335658473
2024-12-13,448.44000244140625,451.42999267578125,445.5799865722656,447.2699890136719,20177800,447.2699890136719,0.678566100877857,0.6844914497052169,0.7238200838752469,0.7179650183039229,0.18241801681576947,0.7179650183039229
2024-12-16,447.2699890136719,452.17999267578125,445.2799987792969,451.5899963378906,23598800,451.5899963378906,0.6750444035702161,0.6867663138495175,0.7228602765631555,0.7317524216441526,0.23037295795496918,0.7317524216441526
2024-12-17,451.010009765625,455.2900085449219,449.57000732421875,454.4599914550781,22733500,454.4599914550781,0.6863017282303092,0.6961994653014026,0.7365861069697927,0.7409120774723542,0.2182433436410991,0.7409120774723542
2024-12-18,451.32000732421875,452.6499938964844,437.0199890136719,437.3900146484375,24444500,437.3900146484375,0.6872348094596322,0.6881918990825242,0.6964324753098601,0.6864328514946337,0.24222782311761787,0.6864328514946337
2024-12-19,441.6199951171875,443.17999267578125,436.32000732421875,437.0299987792969,22963700,437.0299987792969,0.6580381301191787,0.6594679441179104,0.6941928923681063,0.6852838525175028,0.22147024438656646,0.6852838525175028
2024-12-20,433.1099853515625,443.739990234375,428.6300048828125,436.6000061035156,64263700,436.6000061035156,0.6324233142810112,0.6611665019404982,0.6695888226484061,0.6839115209427149,0.8004059558887434,0.6839115209427149
2024-12-23,436.739990234375,437.6499938964844,432.8299865722656,435.25,19152500,435.25,0.6433494952285911,0.6426946161965125,0.683026613220794,0.6796029452241985,0.1680455522878474,0.6796029452241985
2024-12-24,434.6499938964844,439.6000061035156,434.19000244140625,439.3299865722656,7164500,439.3299865722656,0.6370586832586966,0.6486092999974776,0.6873779675303924,0.6926243167804887,0.0,0.6926243167804887
2024-12-26,439.0799865722656,440.94000244140625,436.6300048828125,438.1099853515625,8194200,438.1099853515625,0.6503927979870872,0.6526737128275596,0.6951847258041413,0.6887306546537819,0.014434142908808513,0.6887306546537819
2024-12-27,434.6000061035156,435.2200012207031,426.3500061035156,430.5299987792969,18117700,430.5299987792969,0.6369082218436907,0.6353240785844487,0.6622939941546465,0.6645389521074786,0.15353991852846596,0.6645389521074786
2024-12-30,426.05999755859375,427.54998779296875,421.8999938964844,424.8299865722656,13158700,424.8299865722656,0.6112031107851624,0.6120597605403728,0.6480562339680201,0.6463472312504346,0.08402557970669126,0.6463472312504346
2024-12-31,426.1000061035156,426.7300109863281,420.6600036621094,421.5,13246500,421.5,0.6113235350312387,0.609572646091593,0.6440889002238802,0.6357195020491472,0.08525634376165231,0.6357195020491472
2025-01-02,425.5299987792969,426.07000732421875,414.8500061035156,418.5799865722656,16896500,418.5799865722656,0.6096078339875985,0.6075707545368734,0.6254998833682773,0.6264002116254114,0.13642136426971396,0.6264002116254114
2025-01-03,421.0799865722656,424.0299987792969,419.5400085449219,423.3500061035156,16662900,423.3500061035156,0.5962134612077771,0.6013830981463273,0.6405054894045767,0.6416238393376654,0.133146802957198,0.6416238393376654
2025-01-06,428.0,434.32000732421875,425.4800109863281,427.8500061035156,20573600,427.8500061035156,0.6170424466532531,0.6325942601241799,0.6595104553089598,0.6559856934676822,0.18796626753278065,0.6559856934676822
2025-01-07,429.0,430.6499938964844,420.79998779296875,422.3699951171875,18139100,422.3699951171875,0.6200524098076592,0.621462550849707,0.6445367777559822,0.6384961115973413,0.15383989974459544,0.6384961115973413
2025-01-08,423.4599914550781,426.9700012207031,421.5400085449219,424.55999755859375,15054600,424.55999755859375,0.6033771882123494,0.6103005729971424,0.6469044651935105,0.6454855550657541,0.11060195296182389,0.6454855550657541
2025-01-10,424.6300048828125,424.7099914550781,415.0199890136719,418.95001220703125,20201100,418.95001220703125,0.6068988855199903,0.6034456194216896,0.6260437416315885,0.6275811570011604,0.18274463187819082,0.6275811570011604
2025-01-13,415.239990234375,418.5,412.2900085449219,417.19000244140625,17604800,417.19000244140625,0.5786352874088597,0.5846097702249293,0.6173092021696918,0.6219640451075357,0.14635018181104548,0.6219640451075357
2025-01-14,417.80999755859375,419.739990234375,410.7200012207031,415.6700134277344,16935900,415.6700134277344,0.586370914761312,0.5883708493228794,0.6122859827416295,0.6171129649978504,0.13697366613492426,0.6171129649978504
2025-01-15,419.1300048828125,428.1499938964844,418.2699890136719,426.30999755859375,19637800,426.30999755859375,0.5903440881707567,0.613879670368705,0.6364420772886059,0.6510707205607605,0.17484839734334393,0.6510707205607605
2025-01-16,428.70001220703125,429.489990234375,424.3900146484375,424.5799865722656,15300000,424.5799865722656,0.6191494576040517,0.617944083198787,0.6560230252208655,0.6455493504654337,0.11404192447762616,0.6455493504654337
2025-01-17,434.0899963378906,434.4800109863281,428.1700134277344,429.0299987792969,26197500,429.0299987792969,0.6353731112407721,0.633079575582699,0.6681170855563255,0.659751667397473,0.2668010507753253,0.659751667397473
2025-01-21,430.20001220703125,430.8999938964844,425.6000061035156,428.5,26085700,428.5,0.6236644023356609,0.6222208388978072,0.6598943782337964,0.6580601640291733,0.2652338591882564,0.6580601640291733
2025-01-22,437.55999755859375,447.2699890136719,436.0,446.20001220703125,27803800,446.20001220703125,0.6458176870608328,0.6718735254770946,0.6931690328081277,0.714550162566262,0.28931786514302377,0.714550162566262
2025-01-23,442.0,446.75,441.5,446.7099914550781,18389300,446.7099914550781,0.6591819308149387,0.6702963196602514,0.7107662162276955,0.7161777731373253,0.15734715676681926,0.7161777731373253
2025-01-24,445.1600036621094,446.6499938964844,441.3999938964844,444.05999755859375,15549500,444.05999755859375,0.6686934254056763,0.6699929859281195,0.7104462479101246,0.7077202562958268,0.11753936903016353,0.7077202562958268
2025-01-27,424.010009765625,435.20001220703125,423.5,434.55999755859375,35647800,434.55999755859375,0.6050327230613441,0.6352634488638059,0.6531754341272915,0.6774007864657914,0.3992735968869239,0.6774007864657914
2025-01-28,434.6000061035156,448.3800048828125,431.3800048828125,447.20001220703125,23491700,447.20001220703125,0.6369082218436907,0.6752403725441781,0.6783874143581902,0.7177416857062657,0.2288716500929381,0.7177416857062657
2025-01-29,446.69000244140625,446.8800048828125,440.3999938964844,442.3299865722656,23581400,442.3299865722656,0.6732986653576463,0.6706906442555769,0.7072467600156577,0.7021988862004999,0.230129047994191,0.7021988862004999
2025-01-30,418.7699890136719,422.8599853515625,413.1600036621094,414.989990234375,54586300,414.989990234375,0.5892604536696419,0.5978342693528564,0.6200927410153785,0.6149426552405047,0.6647499642545747,0.6149426552405047
2025-01-31,418.9800109863281,420.69000244140625,414.9100036621094,415.05999755859375,34161900,415.05999755859375,0.5898926120689528,0.5912523809314437,0.6256918448306955,0.6151660852357187,0.3784445273052996,0.6151660852357187
2025-02-03,411.6000061035156,415.4100036621094,408.6600036621094,410.9200134277344,25679100,410.9200134277344,0.56767906929235,0.575237341058146,0.6056950454902775,0.6019532300828327,0.2595342160817967,0.6019532300828327
2025-02-04,412.69000244140625,413.9200134277344,409.739990234375,412.3699951171875,20532100,412.3699951171875,0.5709599181078384,0.5707179739120957,0.6091504494544281,0.606580880197304,0.18738452825851093,0.606580880197304
2025-02-05,412.3500061035156,413.8299865722656,410.3999938964844,413.2900085449219,16316700,413.2900085449219,0.5699365416581545,0.5704449087580558,0.6112621231816509,0.6095171243410324,0.12829383580654297,0.6095171243410324
2025-02-06,414.0,418.20001220703125,414.0,415.82000732421875,16309800,415.82000732421875,0.5749029624915676,0.5836998615929927,0.6227802991298561,0.6175916739893397,0.12819711289106195,0.6175916739893397
2025-02-07,416.4800109863281,418.6499938964844,408.1000061035156,409.75,22886800,409.75,0.5823677041829376,0.5850647245408976,0.6039033400806257,0.5982191051541034,0.2203922745024377,0.5982191051541034
2025-02-10,413.7099914550781,415.4599914550781,410.9200134277344,412.2200012207031,20817900,412.2200012207031,0.5740300474568898,0.5753889616419824,0.6129259193767717,0.6061021712058149,0.19139081945336134,0.6061021712058149
2025-02-11,409.6400146484375,412.489990234375,409.29998779296875,411.44000244140625,18140600,411.44000244140625,0.5617795672296141,0.5663804959279738,0.607742666969613,0.6036127870525142,0.15386092646535218,0.6036127870525142
2025-02-12,407.2099914550781,410.75,404.3699951171875,409.0400085449219,19121700,409.0400085449219,0.55446528695325,0.5611028407338232,0.5919692150836404,0.5959531509960166,0.16761380362164238,0.5959531509960166
2025-02-13,407.0,411.0,406.3599853515625,410.5400085449219,23891700,410.5400085449219,0.5538332204107248,0.5618611287819234,0.5983361647486306,0.6007404357060222,0.23447877562806815,0.6007404357060222
2025-02-14,407.7900085449219,408.9100036621094,405.8800048828125,408.42999267578125,22758500,408.42999267578125,0.5562111170226056,0.5555218518075409,0.5968004730492844,0.5940062712338848,0.21859378898704473,0.5940062712338848
2025-02-18,408.0,410.6000061035156,406.5,409.6400146484375,21423100,409.6400146484375,0.5568431835651309,0.5606478864178549,0.5987841399213544,0.5978680843595302,0.19987440038801307,0.5978680843595302
2025-02-19,407.8800048828125,415.489990234375,407.6499938964844,414.7699890136719,24114200,414.7699890136719,0.5564820026836879,0.5754799525051761,0.6024635314718669,0.6142405162538017,0.23759773920698424,0.6142405162538017
2025-02-20,415.2900085449219,419.30999755859375,412.5400085449219,416.1300048828125,23508700,416.1300048828125,0.5787858406806514,0.5870666160956173,0.6181090741433085,0.6185810383709363,0.22910995292818112,0.6185810383709363
2025-02-21,417.3399963378906,418.04998779296875,407.8900146484375,408.2099914550781,27524800,408.2099914550781,0.5849562284044697,0.5832448147125654,0.6032314749621618,0.5933041322471817,0.2854068950822706,0.5933041322471817
2025-02-24,408.510009765625,409.3699951171875,399.32000732421875,404.0,26443700,404.0,0.5583782941680494,0.5569170758979968,0.5758118402728313,0.5798678470990819,0.2702522365421978,0.5798678470990819
2025-02-25,401.1000061035156,401.9200134277344,396.70001220703125,397.8999938964844,29387400,397.8999938964844,0.5360744561710858,0.5343201476032863,0.5674291976118275,0.5603995364655479,0.3115164751366036,0.5603995364655479
2025-02-26,398.010009765625,403.6000061035156,394.25,399.7300109863281,19619000,399.7300109863281,0.5267736810467852,0.5394158210710495,0.5595904132141349,0.5662400783543865,0.17458486244319282,0.5662400783543865
2025-02-27,401.2699890136719,405.739990234375,392.1700134277344,392.5299987792969,21127400,392.5299987792969,0.5365860984675349,0.5459067186292684,0.5529355213555174,0.5432610727873369,0.1957293328361682,0.5432610727873369
2025-02-28,392.6600036621094,397.6300048828125,386.57000732421875,396.989990234375,32845700,396.989990234375,0.5106703597993554,0.5213078987798384,0.5350183696183785,0.5574952387204376,0.35999428073195416,0.5574952387204376
2025-03-03,398.82000732421875,398.82000732421875,386.1600036621094,388.489990234375,23007700,388.489990234375,0.5292117438533114,0.5249173572939521,0.5337065678647724,0.530367292030406,0.22208702819543075,0.530367292030406
2025-03-04,383.3999938964844,392.5799865722656,381.0,388.6099853515625,29342900,388.6099853515625,0.48279807159538335,0.5059904246695391,0.5171971986124486,0.5307502592235973,0.31089268242082035,0.5307502592235973
2025-03-05,389.3399963378906,401.6700134277344,388.80999755859375,401.0199890136719,23433100,401.0199890136719,0.5006772600810985,0.5335618595551861,0.5421851912569853,0.5703570730787504,0.22805020620204156,0.5703570730787504
2025-03-06,394.2799987792969,402.1499938964844,392.67999267578125,396.8900146484375,23304600,396.8900146484375,0.5155464854124076,0.5350177133662848,0.5545671937860727,0.5571761643244827,0.22624891712388104,0.5571761643244827
2025-03-07,392.32000732421875,394.79998779296875,385.5400085449219,393.30999755859375,22034100,393.30999755859375,0.5096469833496716,0.5127240262392472,0.5317229009927025,0.5457504569406375,0.20843928464292422,0.5457504569406375
2025-03-10,385.8399963378906,386.3999938964844,377.2200012207031,380.1600036621094,32840100,380.1600036621094,0.49014238904067714,0.48724556633597244,0.5051031382769887,0.5037819471290998,0.35991578097446236,0.5037819471290998
2025-03-11,379.0,386.0,376.9100036621094,380.45001220703125,30380200,380.45001220703125,0.4695542520873536,0.48603232397190393,0.5041113048409537,0.5047075161110168,0.32543336071479634,0.5047075161110168
2025-03-12,382.95001220703125,385.2200012207031,378.95001220703125,383.2699890136719,24253600,383.2699890136719,0.481443643289972,0.4836664689644097,0.5106382874850403,0.5137075373436842,0.23955182245597706,0.5137075373436842
2025-03-13,383.1600036621094,385.32000732421875,377.45001220703125,378.7699890136719,20473000,378.7699890136719,0.4820757098324973,0.48396980269654155,0.5058390556433399,0.49934568321366746,0.18655607546069544,0.49934568321366746
2025-03-14,379.7799987792969,390.2300109863281,379.510009765625,388.55999755859375,19952800,388.55999755859375,0.4719020196735189,0.49886259106896447,0.5124299928946919,0.5305907220256199,0.17926400870225884,0.5305907220256199
2025-03-17,386.70001220703125,392.7099914550781,385.57000732421875,388.70001220703125,22474300,388.70001220703125,0.492731005118995,0.5063847492648647,0.5318188817239116,0.5310375820160476,0.21460992629433484,0.5310375820160476
2025-03-18,387.07000732421875,387.3699951171875,381.1000061035156,383.5199890136719,19486900,383.5199890136719,0.4938446767890395,0.49018772766517954,0.5175171669300197,0.5145054181286851,0.17273310923521612,0.5145054181286851
2025-03-19,385.5299987792969,389.67999267578125,384.0,387.82000732421875,19185500,387.82000732421875,0.4892093078113541,0.4971943018244686,0.5267956622958493,0.5282290260692353,0.16850814014449564,0.5282290260692353
2025-03-20,385.739990234375,391.7900085449219,383.2799987792969,386.8399963378906,18470500,386.8399963378906,0.48984137435387937,0.503594301083953,0.5244920271062083,0.5251012983289112,0.15848540325045068,0.5251012983289112
2025-03-21,383.2200012207031,391.739990234375,382.79998779296875,391.260009765625,39675900,391.260009765625,0.4822563002732188,0.5034425879356575,0.5229562377662403,0.5392078734626526,0.4557387528070672,0.5392078734626526
2025-03-24,395.3999938964844,395.3999938964844,389.80999755859375,393.0799865722656,21004500,393.0799865722656,0.5189176294482567,0.5145439360675794,0.5453846791514523,0.5450163715553162,0.1940065435154995,0.5450163715553162
2025-03-25,393.9200134277344,396.3599853515625,392.6400146484375,395.1600036621094,15775000,395.1600036621094,0.5144629427680785,0.5174557362542357,0.5544392845715417,0.5516547942291558,0.12070038605059309,0.5516547942291558
2025-03-26,395.0,395.30999755859375,388.57000732421875,389.9700012207031,16108400,389.9700012207031,0.5177136625578515,0.5142709634779985,0.5414173454073122,0.535090781340732,0.125373925184124,0.535090781340732
2025-03-27,390.1300048828125,392.239990234375,387.3999938964844,390.5799865722656,13766800,390.5799865722656,0.5030551566929794,0.5049591640318579,0.5376739016089124,0.537037563705307,0.09254981230147272,0.537037563705307
2025-03-28,388.0799865722656,389.1300048828125,376.92999267578125,378.79998779296875,21632000,378.79998779296875,0.4968846771123754,0.4955261051444318,0.5041752594482192,0.4994414250119653,0.20280272169873476,0.4994414250119653
2025-03-31,372.5400085449219,377.07000732421875,367.239990234375,375.3900146484375,35184700,375.3900146484375,0.4501099158297901,0.45894629710923507,0.47317221393958525,0.48855841681440254,0.3927819472986271,0.48855841681440254
2025-04-01,374.6499938964844,382.8500061035156,373.2300109863281,382.19000244140625,19689500,382.19000244140625,0.4564608939943299,0.4764779130787333,0.49233721282306475,0.5102607352074052,0.1755731183187595,0.5102607352074052
2025-04-02,377.9700012207031,385.0799865722656,376.6199951171875,382.1400146484375,16092600,382.1400146484375,0.4664539937125867,0.4832417832265332,0.5031834260121841,0.5101011980094277,0.12515244372548634,0.5101011980094277
2025-04-03,374.7900085449219,377.4800109863281,369.3500061035156,373.1099853515625,30198000,373.1099853515625,0.45688233292720387,0.46018990061585446,0.4799231841700337,0.48128165055353955,0.3228793150335446,0.48128165055353955
2025-04-04,364.1300048828125,374.5899963378906,359.4800109863281,359.8399963378906,49209900,359.8399963378906,0.42479611467842043,0.4514240463488759,0.448344254274145,0.4389301735488105,0.5893845899368918,0.4389301735488105
2025-04-07,350.8800048828125,371.0,344.7900085449219,357.8599853515625,50425000,357.8599853515625,0.3849141028825394,0.4405350410858922,0.4013437692931766,0.43261092266848267,0.6064176355312331,0.43261092266848267
2025-04-08,368.260009765625,373.6499938964844,350.25,354.55999755859375,35868900,354.55999755859375,0.43722727720320337,0.44857287588286243,0.4188129458575917,0.42207893526549306,0.402372935526467,0.42207893526549306
2025-04-09,353.5400085449219,393.2300109863281,353.1000061035156,390.489990234375,50199700,390.489990234375,0.39292061589607397,0.5079620476461668,0.4279315058849467,0.5367503383104134,0.6032594220735711,0.5367503383104134
2025-04-10,382.05999755859375,383.8999938964844,367.79998779296875,381.3500061035156,38024400,381.3500061035156,0.47876473199129344,0.47966268585497046,0.474963919349237,0.5075798674575088,0.43258833325389906,0.5075798674575088
2025-04-11,380.6400146484375,390.04998779296875,378.8900146484375,388.45001220703125,23839200,388.45001220703125,0.47449063575183675,0.49831655332534347,0.510446326022622,0.5302397012310467,0.23374284040158233,0.5302397012310467
2025-04-14,393.2200012207031,394.6499938964844,384.2099914550781,387.80999755859375,19251200,387.80999755859375,0.5123559318172799,0.5122690719232789,0.5274675274143132,0.528197079670617,0.16942911051364073,0.528197079670617
2025-04-15,388.510009765625,391.8900146484375,384.1600036621094,385.7300109863281,17199900,385.7300109863281,0.49817903107992717,0.5038976348160848,0.5273075920758387,0.5215587543943343,0.1406743689881101,0.5215587543943343
2025-04-16,380.6700134277344,381.6099853515625,368.0,371.6099853515625,21967800,371.6099853515625,0.4745809309721975,0.47271674141632414,0.47560385598437904,0.47649436584353394,0.2075099035854764,0.47649436584353394
2025-04-17,373.75,374.32000732421875,366.8900146484375,367.7799987792969,21120200,367.7799987792969,0.4537519455267215,0.45060512858013296,0.4720524712890193,0.4642708750722446,0.19562840457653585,0.4642708750722446
2025-04-21,362.82000732421875,364.4800109863281,355.6700134277344,359.1199951171875,20807300,359.1199951171875,0.42085307029469127,0.42075892211464433,0.4361542132074759,0.43663227299210555,0.1912422306266804,0.43663227299210555
2025-04-22,363.3800048828125,367.7699890136719,359.8599853515625,366.82000732421875,19485000,366.82000732421875,0.42253864231261584,0.4307379261812324,0.4495599776559201,0.461207040129157,0.17270647538892425,0.461207040129157
2025-04-23,376.05999755859375,380.3900146484375,373.0199890136719,374.3900146484375,20545500,374.3900146484375,0.46070495306485676,0.46901638460347583,0.49166525006397904,0.4853668936743988,0.18757236696393778,0.4853668936743988
2025-04-24,375.70001220703125,388.45001220703125,375.19000244140625,387.29998779296875,22232300,387.29998779296875,0.45962141042052773,0.4934635838690694,0.49860818175684574,0.526569371701997,0.21121761534558117,0.526569371701997
2025-04-25,387.0,392.1600036621094,384.6000061035156,391.8500061035156,18973200,391.8500061035156,0.4936339573226025,0.5047165525848278,0.5287153745606539,0.541090860427548,0.16553215826672535,0.541090860427548
2025-04-28,391.9599914550781,392.739990234375,386.6400146484375,391.1600036621094,16579400,391.1600036621094,0.5085633488485568,0.5064757401280583,0.5352423572047403,0.5388887016691409,0.1319763155017396,0.5388887016691409
2025-04-29,391.29998779296875,395.1000061035156,390.3800048828125,394.0400085449219,14974000,394.0400085449219,0.5065767621438345,0.5136340274356428,0.5472084106850476,0.5480803038959607,0.10947211716649519,0.5480803038959607
2025-04-30,390.29998779296875,396.6600036621094,384.44000244140625,395.260009765625,36461100,395.260009765625,0.5035667989894284,0.5183657374506313,0.5282034447806645,0.5519739660226676,0.41067428488122704,0.5519739660226676
2025-05-01,431.1099853515625,436.989990234375,424.8999938964844,425.3999938964844,58938100,425.3999938964844,0.626403387972199,0.6406927246417929,0.6576546976514208,0.6481664228156504,0.725752686514022,0.6481664228156504
2025-05-02,431.739990234375,439.44000244140625,429.989990234375,435.2799987792969,30757400,435.2799987792969,0.6282996794565605,0.6481239845389584,0.6739400793173826,0.6796986870224963,0.330720880094424,0.6796986870224963
2025-05-05,432.8699951171875,439.5,432.1099853515625,436.1700134277344,20136100,436.1700134277344,0.6317009525181252,0.6483059662653458,0.680722978031153,0.6825391893679269,0.18183347397873217,0.6825391893679269
2025-05-06,432.20001220703125,437.7300109863281,431.1700134277344,433.30999755859375,15104200,433.30999755859375,0.6296843286444731,0.6429373202080017,0.6777155492397262,0.6734113825407867,0.11129723652818001,0.6734113825407867
2025-05-07,433.8399963378906,438.1199951171875,431.1099853515625,433.3500061035156,23295300,433.3500061035156,0.6346206204521705,0.6441202014295192,0.6775234901366861,0.6735390707377027,0.22611855145518925,0.6735390707377027
2025-05-08,437.92999267578125,443.6700134277344,435.6600036621094,438.1700134277344,23491300,438.1700134277344,0.6469313587308773,0.660954251636019,0.6920812186408836,0.6889222356479343,0.22886604296740298,0.6889222356479343
2025-05-09,440.0,440.739990234375,435.8800048828125,438.7300109863281,15324200,438.7300109863281,0.6531620045061265,0.6520670453632958,0.6927851098832911,0.6907094808145319,0.11438115557250153,0.6907094808145319
2025-05-12,445.94000244140625,449.3699951171875,439.7799987792969,449.260009765625,22821900,449.260009765625,0.6710411929918416,0.678243163594028,0.7052630931435877,0.7243162155828688,0.21948251838436283,0.7243162155828688
2025-05-13,447.7799987792969,450.6700134277344,445.3599853515625,449.1400146484375,23618800,449.1400146484375,0.6765795141731346,0.6821863169828244,0.7231161926328393,0.7239332483896775,0.23065331423172566,0.7239332483896775
2025-05-14,448.1400146484375,453.8999938964844,448.1400146484375,452.94000244140625,19902800,452.94000244140625,0.6776631486742494,0.6919833393230252,0.7320108627144541,0.736060997362669,0.1785631180103676,0.736060997362669
2025-05-15,450.7699890136719,456.19000244140625,450.42999267578125,453.1300048828125,21992300,453.1300048828125,0.6855792746106375,0.6989292837616715,0.7393376196915357,0.7366673945510742,0.20785334002450315,0.7366673945510742
2025-05-16,452.04998779296875,454.3599853515625,448.7300109863281,454.2699890136719,23849800,454.2699890136719,0.6894320237740058,0.693378563413481,0.733898548855315,0.7403056802839489,0.23389142922826328,0.7403056802839489
2025-05-19,450.8800048828125,459.5899963378906,450.79998779296875,458.8699951171875,21336500,458.8699951171875,0.6859104183231507,0.7092419827029424,0.740521414589989,0.7549867062074774,0.19866045770965743,0.7549867062074774
2025-05-20,455.5899963378906,458.3399963378906,454.32000732421875,458.1700134277344,15441800,458.1700134277344,0.7000873190605035,0.7054505424624414,0.7517836744685104,0.7527526984480089,0.11602965047982977,0.7527526984480089
2025-05-21,454.57000732421875,457.7799987792969,451.80999755859375,452.57000732421875,19216900,452.57000732421875,0.6970171897114521,0.7037519846398537,0.7437529286083995,0.7348801493844767,0.16894829949900333,0.7348801493844767
2025-05-22,454.95001220703125,460.25,453.8999938964844,454.8599853515625,18025600,454.8599853515625,0.6981609904072121,0.711243874257662,0.7504398465909606,0.7421886672488444,0.1522488778740023,0.7421886672488444
2025-05-23,449.9800109863281,453.69000244140625,448.9100036621094,450.17999267578125,16883500,450.17999267578125,0.6832014698555423,0.6913464032806695,0.7344744332425699,0.7272523623290406,0.13623913268982224,0.7272523623290406
2025-05-27,456.4800109863281,460.95001220703125,456.1199951171875,460.69000244140625,20974300,460.69000244140625,0.7027662303591821,0.7133671178181261,0.7575427136223021,0.7607953016976978,0.19358320553759717,0.7607953016976978
2025-05-28,461.2200012207031,462.5199890136719,456.92999267578125,457.3599853515625,17086300,457.3599853515625,0.7170334263168956,0.7181290964112065,0.7601342910055705,0.7501674750988536,0.13908194533613316,0.7501674750988536
2025-05-29,461.54998779296875,461.7200012207031,455.30999755859375,458.67999267578125,13974800,458.67999267578125,0.7180266737408639,0.7157026116830695,0.7549511362390336,0.7543803090190722,0.09546551757974034,0.7543803090190722
2025-05-30,459.7200012207031,461.67999267578125,455.5400085449219,460.3599853515625,34770500,460.3599853515625,0.7125184815852864,0.7155812596773249,0.7556870536053848,0.7597420445188648,0.3869757688069999,0.7597420445188648
2025-06-02,457.1400146484375,462.1099853515625,456.8900146484375,461.9700012207031,16626500,461.9700012207031,0.7047528170639044,0.7168854929045871,0.7600063817910395,0.7648804474210004,0.13263655453350118,0.7648804474210004
2025-06-03,461.4700012207031,464.1400146484375,460.8599853515625,462.9700012207031,15743800,462.9700012207031,0.7177859171054971,0.7230428807170414,0.7727082549970762,0.7680719705610041,0.12026303025885295,0.7680719705610041
2025-06-04,464.0,465.69000244140625,463.0199890136719,463.8699951171875,14162700,463.8699951171875,0.7254011202118732,0.7277442295894789,0.7796191605659992,0.7709443219074961,0.09809946479986767,0.7709443219074961
2025-06-05,464.9599914550781,469.6499938964844,464.0299987792969,467.67999267578125,20131700,467.67999267578125,0.7282906591202031,0.7397554863533375,0.7828506745844098,0.7831040172791057,0.18177179559784573,0.7831040172791057
2025-06-06,470.0899963378906,473.3399963378906,468.7799987792969,470.3800048828125,15285600,470.3800048828125,0.7437317847993922,0.7509478253484532,0.7980482420831275,0.7917211687161385,0.11384006795836149,0.7917211687161385
2025-06-09,469.70001220703125,473.42999267578125,468.6199951171875,472.75,16469900,472.75,0.7425579469347023,0.7512207979380341,0.7975363123031382,0.7992850629743383,0.13044136488649777,0.7992850629743383
2025-06-10,471.19000244140625,472.79998779296875,466.9599914550781,470.9200134277344,15375900,470.9200134277344,0.747042762640596,0.7493098972465082,0.7922251506814485,0.7934446184830565,0.1151058765479171,0.7934446184830565
2025-06-11,470.0199890136719,475.4700012207031,469.6600036621094,472.6199951171875,16399200,472.6199951171875,0.7435210653329551,0.7574084543285802,0.8008638070527578,0.7988701493825288,0.12945030544816352,0.7988701493825288
2025-06-12,475.0199890136719,480.4200134277344,473.5199890136719,478.8699951171875,18950600,478.8699951171875,0.7585708811049857,0.7724225947067477,0.8132137834579016,0.818817169007552,0.1652153556739905,0.818817169007552
2025-06-13,476.4100036621094,479.17999267578125,472.760009765625,474.9599914550781,16814500,474.9599914550781,0.7627547739808673,0.7686614230443386,0.8107822390537296,0.8063383018424306,0.13527190353501228,0.8063383018424306
2025-06-16,475.2099914550781,480.69000244140625,475.0,479.1400146484375,15626100,479.1400146484375,0.7591427814528657,0.7732415124754907,0.8179490606923364,0.8196789425897893,0.11861313357014093,0.8196789425897893
2025-06-17,475.3999938964844,478.739990234375,474.0799865722656,478.0400085449219,15414100,478.0400085449219,0.7597146818007458,0.7673268286745255,0.8150054888675533,0.8161682476562739,0.11564135703652201,0.8161682476562739
2025-06-18,478.0,481.0,474.4599914550781,480.239990234375,17526500,480.239990234375,0.7675406043735588,0.7741817822499781,0.8162213098899502,0.8231895401257481,0.14525258698754376,0.8231895401257481
2025-06-20,482.2300109863281,483.4599914550781,476.8699951171875,477.3999938964844,37576200,477.3999938964844,0.7802727815851395,0.7816433107252356,0.82393208743249,0.8141256260958443,0.42630554909178586,0.8141256260958443
2025-06-23,478.2099914550781,487.75,472.510009765625,486.0,24864000,486.0,0.7681726709160841,0.7946555595486835,0.8099823670801128,0.8415727445793877,0.2481082960225855,0.8415727445793877
2025-06-24,488.95001220703125,491.8500061035156,486.79998779296875,490.1099853515625,22305600,490.1099853515625,0.80049973765702,0.8070915020504185,0.855702978790797,0.8546898579339758,0.21224512109989374,0.8546898579339758
2025-06-25,492.0400085449219,494.55999755859375,489.3900146484375,492.2699890136719,17495100,492.2699890136719,0.8098005127813206,0.815311318573776,0.8639897383612135,0.8615835596040906,0.14481242763303606,0.8615835596040906
2025-06-26,492.9800109863281,498.0400085449219,492.80999755859375,497.45001220703125,21578900,497.45001220703125,0.8126298854950051,0.8258667215265361,0.8749319322815421,0.8781157234914531,0.20205837578394623,0.8781157234914531
2025-06-27,497.54998779296875,499.29998779296875,493.0299987792969,495.94000244140625,34539200,495.94000244140625,0.826385347299484,0.8296884303451288,0.8756358235239496,0.8732964923828292,0.38373344846631097,0.8732964923828292
2025-06-30,497.0400085449219,500.760009765625,495.3299865722656,497.4100036621094,28369000,497.4100036621094,0.8248503285533512,0.8341168991924445,0.8829946066249748,0.8779880352945371,0.2972407335241625,0.8779880352945371
2025-07-01,496.4700012207031,498.04998779296875,490.9800109863281,492.04998779296875,19945400,492.04998779296875,0.8231346275097111,0.8258969901046279,0.8690769123965412,0.8608814206173875,0.17916027687985892,0.8608814206173875
2025-07-02,489.989990234375,493.5,488.70001220703125,491.0899963378906,16319600,491.0899963378906,0.8036300332007166,0.812096184654988,0.8617820839027815,0.8578175856742999,0.12833448746667264,0.8578175856742999
2025-07-03,493.80999755859375,500.1300048828125,493.44000244140625,498.8399963378906,13984800,498.8399963378906,0.8151281144961765,0.8322059985009186,0.8769476252775557,0.8825518900093288,0.09560569571811858,0.8825518900093288
2025-07-07,497.3800048828125,498.75,495.2300109863281,497.7200012207031,13981600,497.7200012207031,0.8258737050030349,0.828020233665092,0.8826747359480255,0.8789773996761336,0.09556083871383754,0.8789773996761336
2025-07-08,497.239990234375,498.20001220703125,494.1099853515625,496.6199951171875,11846600,496.6199951171875,0.825452266070161,0.8263520369850552,0.8790912274881003,0.8754667047426182,0.06563280617008094,0.8754667047426182
2025-07-09,500.29998779296875,506.7799987792969,499.739990234375,503.510009765625,18659500,503.510009765625,0.8346627459741008,0.852376442067492,0.8971043599564483,0.8974563459280711,0.16113477006579963,0.8974563459280711
2025-07-10,503.04998779296875,504.44000244140625,497.75,501.4800109863281,16492100,501.4800109863281,0.8429401446487176,0.8452788770450093,0.8907374102914583,0.8909775578497658,0.13075256035369748,0.8909775578497658
2025-07-11,498.4700012207031,505.0299987792969,497.79998779296875,503.32000732421875,16459500,503.32000732421875,0.8291545538185233,0.8470684257307907,0.8908973456299328,0.8968499487396658,0.13029557962258437,0.8968499487396658
2025-07-14,501.5199890136719,503.9700012207031,501.0299987792969,503.0199890136719,12058800,503.0199890136719,0.8383349046967477,0.8438532918120025,0.9012317266796848,0.8958924333591307,0.06860738626646742,0.8958924333591307
2025-07-15,503.0199890136719,508.29998779296875,502.7900085449219,505.82000732421875,14927200,505.82000732421875,0.8428498494283568,0.8569868000767359,0.9068628566189455,0.9048287565896752,0.10881608347888497,0.9048287565896752
2025-07-16,505.17999267578125,506.7200012207031,501.8900146484375,505.6199951171875,15154400,505.6199951171875,0.8493513808646883,0.8521944603411047,0.9039833370420496,0.9041904130026518,0.11200093078283883,0.9041904130026518
2025-07-17,505.67999267578125,513.3699951171875,505.6199951171875,511.70001220703125,17503100,511.70001220703125,0.8508563624418914,0.8723649039076781,0.9159173643984132,0.9235949282365062,0.14492457014373866,0.9235949282365062
2025-07-18,514.47998046875,514.6400146484375,507.42999267578125,510.04998779296875,21209700,510.04998779296875,0.8773440014579509,0.8762170664332808,0.9217084296761485,0.9183288371374546,0.1968829989150212,0.9183288371374546
2025-07-21,506.7099914550781,512.0900268554688,505.54998779296875,510.05999755859375,14066800,510.05999755859375,0.8539566208166582,0.8684825653684424,0.9156933768120513,0.9183607835360729,0.09675515645282025,0.9183607835360729
2025-07-22,510.9700012207031,511.20001220703125,505.2699890136719,505.2699890136719,13868600,505.2699890136719,0.8667790932485997,0.8657830154862654,0.9147975241072254,0.9030733604241391,0.0939768257501633,0.9030733604241391
2025-07-23,506.75,506.7900085449219,500.70001220703125,505.8699951171875,16396600,505.8699951171875,0.8540770450627345,0.8524068032100429,0.9001759386363842,0.9049882937876527,0.12941385913218517,0.9049882937876527
2025-07-24,508.7699890136719,513.6699829101562,507.29998779296875,510.8800048828125,16107000,510.8800048828125,0.860157137566192,0.8732748125396147,0.9212924806273683,0.9209778558862896,0.12535430024475103,0.9209778558862896
2025-07-25,512.469970703125,518.2899780273438,510.3599853515625,513.7100219726562,19125700,513.7100219726562,0.8712939461234231,0.8872879608581928,0.9310829057731873,0.9300099209151319,0.1676698748769937,0.9300099209151319
2025-07-28,514.0800170898438,515.0,510.1199951171875,512.5,14308000,512.5,0.8761401264243314,0.8773089567916048,0.9303150599235142,0.9261481077894865,0.10013625315050366,0.9261481077894865
2025-07-29,515.530029296875,517.6199951171875,511.55999755859375,512.5700073242188,16469200,512.5700073242188,0.8805046097409345,0.8852558007253813,0.9349223303027963,0.9263715377847004,0.13043155241681129,0.9263715377847004
2025-07-30,515.1699829101562,515.9500122070312,509.44000244140625,513.239990234375,26380400,513.239990234375,0.8794208833830339,0.8801904884001691,0.9281394315890259,0.9285098037458711,0.26936490892626347,0.9285098037458711
2025-07-31,555.22998046875,555.4500122070312,531.9000244140625,533.5,51617300,533.5,1.0,1.0,1.0,0.9931700937295648,0.6231310749700719,0.9931700937295648
2025-08-01,535.0,535.7999877929688,520.8599853515625,524.1099853515625,28977600,524.1099853515625,0.9391085041747071,0.9403984853677574,0.9646775286650896,0.9632016446941025,0.30577197502586284,0.9632016446941025
2025-08-04,528.27001953125,538.25,528.1300048828125,535.6400146484375,25349000,535.6400146484375,0.9188515109338969,0.9478297452649229,0.9879378681478619,1.0,0.2549069357339307,1.0
2025-08-05,537.1799926757812,537.2999877929688,527.239990234375,527.75,19171600,527.75,0.945670201805684,0.9449482136563586,0.9850902770542879,0.9748188356745433,0.16831329253214986,0.9748188356745433
2025-08-06,530.9000244140625,531.7000122070312,524.030029296875,524.9400024414062,21355700,524.9400024414062,0.9267677287270707,0.9279626354304814,0.974820045893045,0.9658506634429374,0.1989295997353437,0.9658506634429374
2025-08-07,526.7999877929688,528.0900268554688,517.5499877929688,520.8400268554688,16079100,520.8400268554688,0.9144267695658628,0.917013000446855,0.954087231545654,0.9527654964869675,0.12496320323867571,0.9527654964869675
2025-08-08,522.5999755859375,524.6599731445312,519.4099731445312,522.0399780273438,15531000,522.0399780273438,0.9017848875746428,0.9066091255134724,0.9600382321618639,0.9565951684188811,0.11728003947416377,0.9565951684188811
2025-08-11,522.2999877929688,527.5900268554688,519.719970703125,521.77001953125,20194400,521.77001953125,0.9008819353710352,0.9154964243506545,0.9610300655978989,0.9557335896317574,0.18265071252547738,0.9557335896317574
2025-08-12,523.75,530.97998046875,522.7000122070312,529.239990234375,18667000,529.239990234375,0.9052464186876384,0.9257786695849155,0.9705646723146559,0.9795741739859307,0.1612399036695833,0.9795741739859307
2025-08-13,532.1099853515625,532.7000122070312,519.3699951171875,520.5800170898438,19619200,520.5800170898438,0.9304096665672164,0.9309957876228823,0.9599103229473329,0.9519356693033484,0.17458766600596037,0.9519356693033484
2025-08-14,522.5599975585938,525.9500122070312,520.1400146484375,522.47998046875,20269100,522.47998046875,0.9016645551853523,0.9105220103241769,0.9623739911160704,0.9579994463922874,0.1836978432191629,0.9579994463922874
2025-08-15,522.77001953125,526.0999755859375,519.0800170898438,520.1699829101562,25213300,520.1699829101562,0.9022967135846633,0.9109768720756862,0.9589825417591852,0.9506270357306833,0.2530047183961378,0.9506270357306833
2025-08-18,521.5900268554688,522.8200073242188,514.02001953125,517.0999755859375,23760600,517.0999755859375,0.8987449791080927,0.901028229151649,0.9427931408244324,0.9408290363154582,0.23264104023392929,0.9408290363154582
2025-08-19,515.0,515.1599731445312,508.54998779296875,509.7699890136719,21481000,509.7699890136719,0.878909241086585,0.877794179685665,0.925291840495452,0.9174352145541559,0.20068603180922315,0.9174352145541559
2025-08-20,509.8699951171875,511.0,504.44000244140625,505.7200012207031,27723000,505.7200012207031,0.8634681154073959,0.8651763480220016,0.9121419921166914,0.9045095847961635,0.2881852257849275,0.9045095847961635
2025-08-21,503.69000244140625,507.6300048828125,502.7200012207031,504.239990234375,18443300,504.239990234375,0.8448665651587947,0.8549546399439244,0.9066388690325835,0.8997860954858375,0.15810411871406183,0.8997860954858375
2025-08-22,504.25,510.7300109863281,502.4100036621094,507.2300109863281,24324200,507.2300109863281,0.8465521371767192,0.8643574302532586,0.9056470355965486,0.9093288159047873,0.2405414801129275,0.9093288159047873
2025-08-25,506.6300048828125,508.19000244140625,504.1199951171875,504.260009765625,21638600,504.260009765625,0.8537158641812915,0.8566531977665122,0.9111181325567128,0.8998499882830739,0.2028952392700644,0.8998499882830739
2025-08-26,504.3599853515625,504.9800109863281,498.510009765625,502.0400085449219,30835700,502.0400085449219,0.8468831890324467,0.8469168051469542,0.893169052336252,0.8927648030163634,0.3318184749179257,0.8927648030163634
2025-08-27,502.0,507.2900085449219,499.8999938964844,506.739990234375,17277900,506.739990234375,0.8397797200793055,0.8539233793062433,0.8976162897364377,0.9077649033358468,0.14176775846746045,0.9077649033358468
2025-08-28,507.0899963378906,511.0899963378906,505.5,509.6400146484375,18015600,509.6400146484375,0.8551004215124183,0.8654493206115826,0.9155334414735766,0.917020398359903,0.15210869973562402,0.917020398359903
2025-08-29,508.6600036621094,509.6000061035156,504.489990234375,506.69000244140625,20961600,506.69000244140625,0.8598260857104645,0.8609299534655324,0.9123019274551661,0.9076053661378694,0.1934051793018568,0.9076053661378694
2025-09-02,500.4700012207031,506.0,496.80999755859375,505.1199951171875,18128000,505.1199951171875,0.8351744801273355,0.8500105870599978,0.8877298838594097,0.9025946514326498,0.15368430201099556,0.9025946514326498
2025-09-03,503.7900085449219,507.7900085449219,502.32000732421875,505.3500061035156,16345100,505.3500061035156,0.8451675798455924,0.8554399554024437,0.9053590934029212,0.9033287368179712,0.12869194171953718,0.9033287368179712
2025-09-04,504.29998779296875,508.1499938964844,503.1499938964844,507.9700012207031,15509500,507.9700012207031,0.8467025985917253,0.8565318457607676,0.9080146253934551,0.9116905118611719,0.11697865647665052,0.9116905118611719
2025-09-05,509.07000732421875,511.9700012207031,492.3699951171875,495.0,31994800,495.0,0.8610601816265853,0.8681185093512087,0.8735241497967269,0.8702964528394213,0.3480665229373488,0.8702964528394213
2025-09-08,498.1099853515625,501.20001220703125,495.0299987792969,498.20001220703125,16771000,498.20001220703125,0.8280709193174085,0.8354514935622576,0.8820347993128834,0.8805093658464559,0.1346621286330669,0.8805093658464559
2025-09-09,501.42999267578125,502.25,497.70001220703125,498.4100036621094,14410500,498.4100036621094,0.8380640190356654,0.8386362663384948,0.8905774749529836,0.8811795584345408,0.10157307906888073,0.8811795584345408
2025-09-10,502.9800109863281,503.2300109863281,496.7200012207031,500.3699951171875,21611800,500.3699951171875,0.8427295170390663,0.8416087888102528,0.8874419416657822,0.8874349165176322,0.2025195618592107,0.8874349165176322
2025-09-11,502.25,503.1700134277344,497.8800048828125,501.010009765625,18881600,501.010009765625,0.840532210867907,0.8414268070838655,0.8911533593402384,0.8894775380780618,0.16424812651918058,0.8894775380780618
2025-09-12,506.6499938964844,512.5499877929688,503.8500061035156,509.8999938964844,23624900,509.8999938964844,0.8537760303759367,0.8698776968944393,0.9102543059758307,0.9178501281459654,0.2307388228961364,0.9178501281459654
2025-09-15,508.7900085449219,515.469970703125,507.0,515.3599853515625,17143800,515.3599853515625,0.860217395617623,0.8787344494601526,0.920332673315277,0.9352758172190699,0.1398879696318081,0.9352758172190699
2025-09-16,516.8800048828125,517.22998046875,508.6000061035156,509.0400085449219,19711900,509.0400085449219,0.8845679865139542,0.8840728269394048,0.9254518734745484,0.9151054649963895,0.17588711734872675,0.9151054649963895
2025-09-17,510.6199951171875,511.2900085449219,505.92999267578125,510.0199890136719,15816600,510.0199890136719,0.8657255877732004,0.8660559880758464,0.9169091978344481,0.9182330953391568,0.12128352710624662,0.9182330953391568
2025-09-18,511.489990234375,513.0700073242188,507.6600036621094,508.45001220703125,18913700,508.45001220703125,0.868344241020448,0.8714549952757414,0.9224443470424998,0.913222478031494,0.16469809834337476,0.913222478031494
2025-09-19,510.55999755859375,519.2999877929688,510.30999755859375,517.9299926757812,52474100,517.9299926757812,0.8655449973324789,0.8903514741931445,0.9309229704347126,0.943478055064293,0.6351415378663205,0.943478055064293
2025-09-22,515.5900268554688,517.739990234375,512.5399780273438,514.4500122070312,19989800,514.4500122070312,0.880685200181656,0.885619764178156,0.9380577659493758,0.9323716168715165,0.17978266781425836,0.9323716168715165
