date,open,high,low,close,volume,price,open_norm,high_norm,low_norm,close_norm,volume_norm,price_norm
2023-01-02,3261.0,3266.85009765625,3235.199951171875,3261.449951171875,709547,3261.449951171875,0.16076323826873762,0.15431494506699633,0.1602209084202829,0.16666126143599871,0.05252338338627024,0.16666126143599871
2023-01-03,3252.0,3320.0,3245.300048828125,3311.35009765625,1245178,3311.35009765625,0.15501941252304838,0.1882277875259212,0.16686396176478807,0.19883933429389006,0.09217283911869009,0.19883933429389006
2023-01-04,3306.699951171875,3327.35009765625,3286.199951171875,3314.64990234375,1231668,3314.64990234375,0.1899290778373773,0.19291759301722763,0.193764714836859,0.20096721092616476,0.09117277723477189,0.20096721092616476
2023-01-05,3330.199951171875,3337.300048828125,3281.949951171875,3311.10009765625,1826057,3311.10009765625,0.20492684506223258,0.1992662618140852,0.19096939763547766,0.19867812197726906,0.1351717249120671,0.19867812197726906
2023-01-06,3300.0,3301.550048828125,3200.0,3211.550048828125,2488376,3211.550048828125,0.18565314983339104,0.17645560620713033,0.13706913689121802,0.1344833460120103,0.18419911106268308,0.1344833460120103
2023-01-09,3229.0,3327.0,3221.14990234375,3319.949951171875,2885060,3319.949951171875,0.14034074672850919,0.19269420960280748,0.15097988649804628,0.20438494352531034,0.21356317829881996,0.20438494352531034
2023-01-10,3285.0,3298.0,3230.10009765625,3286.39990234375,3864655,3286.39990234375,0.17608010692390896,0.17419046099856436,0.1568666241245766,0.18275021914799292,0.2860765477419624,0.18275021914799292
2023-01-11,3290.10009765625,3349.5,3271.14990234375,3328.699951171875,2720512,3328.699951171875,0.17933500383763096,0.20705056627851331,0.18386597122017972,0.210027374607045,0.20138270584323353,0.210027374607045
2023-01-12,3329.0,3350.0,3315.550048828125,3334.35009765625,2250391,3334.35009765625,0.20416103279172307,0.20736959642686234,0.21306891079938556,0.21367086742302113,0.1665825509261713,0.21367086742302113
2023-01-13,3342.89990234375,3379.0,3305.0,3374.550048828125,1742837,3374.550048828125,0.21303199023001168,0.22587334503110543,0.2061299148076983,0.2395937764488957,0.12901146214525192,0.2395937764488957
2023-01-16,3317.0,3353.0,3298.050048828125,3334.050048828125,1843607,3334.050048828125,0.1965025984641374,0.20928377731695647,0.20155878114663886,0.21347738115629533,0.1364708430514279,0.21347738115629533
2023-01-17,3330.0,3381.800048828125,3321.0,3378.39990234375,1688475,3378.39990234375,0.2047992356523552,0.22765994501714787,0.21665346191878102,0.24207635166451716,0.12498737893773441,0.24207635166451716
2023-01-18,3380.0,3408.949951171875,3372.25,3390.0,2421189,3390.0,0.23670937868396213,0.24498321976192375,0.2503616987589678,0.24955666612929228,0.17922567229178651,0.24955666612929228
2023-01-19,3380.0,3387.0,3361.0,3373.10009765625,1585044,3373.10009765625,0.23670937868396213,0.23097782740468975,0.24296232969648776,0.23865877649927456,0.11733102063162458,0.23865877649927456
2023-01-20,3365.0,3394.64990234375,3355.60009765625,3363.10009765625,1529349,3363.10009765625,0.22713633577448006,0.2358589263638539,0.2394106967771316,0.23221028383443496,0.11320826366457613,0.23221028383443496
2023-01-23,3388.0,3419.0,3355.60009765625,3414.89990234375,1067916,3414.89990234375,0.24181500156901925,0.25139575689902693,0.2394106967771316,0.2656133498911817,0.07905122774436671,0.2656133498911817
2023-01-24,3425.0,3451.949951171875,3417.300048828125,3436.300048828125,1387863,3436.300048828125,0.26542850741240837,0.2724198125199394,0.27999209320892715,0.2794132186542802,0.10273492867508308,0.2794132186542802
2023-01-25,3425.300048828125,3435.0,3405.0,3429.75,874110,3429.75,0.2656199994328471,0.2616047216461956,0.2719020842519652,0.27518942447202965,0.06470496619924075,0.27518942447202965
2023-01-27,3426.0,3446.0,3382.300048828125,3411.050048828125,1785879,3411.050048828125,0.2660667102730405,0.268623384909874,0.25697183390343376,0.26313077467556023,0.1321975956469253,0.26313077467556023
2023-01-30,3420.0,3458.449951171875,3385.550048828125,3433.64990234375,1953798,3433.64990234375,0.26223749310924765,0.27656720444847666,0.2591094294103724,0.2777042736377559,0.14462760241862488,0.2777042736377559
2023-01-31,3449.0,3449.0,3351.0,3358.699951171875,2820375,3358.699951171875,0.2807453760675797,0.27053756579996807,0.2363851127520611,0.22937285260156376,0.20877494713958614,0.22937285260156376
2023-02-01,3363.0,3419.0,3355.0,3408.35009765625,2205161,3408.35009765625,0.22585993005321578,0.25139575689902693,0.23901599952983177,0.2613897131428341,0.16323445329407504,0.2613897131428341
2023-02-02,3427.0,3469.0,3420.10009765625,3460.39990234375,1813847,3460.39990234375,0.26670491313367267,0.28329877173392887,0.2818337460686837,0.29495399151620183,0.13426789400143488,0.29495399151620183
2023-02-03,3504.0,3504.0,3452.89990234375,3482.300048828125,1804469,3482.300048828125,0.3158465334023473,0.3056308821183602,0.30340688918513486,0.3090762849125423,0.1335736985649149,0.3090762849125423
2023-02-06,3473.14990234375,3473.14990234375,3436.85009765625,3459.949951171875,1138714,3459.949951171875,0.2961579128273477,0.2859466596546499,0.2928505844505985,0.2946638408330646,0.0842919665495215,0.2946638408330646
2023-02-07,3468.89990234375,3493.0,3461.39990234375,3472.550048828125,1455647,3472.550048828125,0.29344555066966116,0.29861221885468175,0.30899752358789756,0.3027890045643237,0.10775255966986558,0.3027890045643237
2023-02-08,3478.050048828125,3539.89990234375,3478.050048828125,3520.10009765625,1986946,3520.10009765625,0.2992852003311924,0.3285371844592439,0.3199486861463193,0.33345161867241657,0.1470813441897663,0.33345161867241657
2023-02-09,3515.0,3547.60009765625,3505.300048828125,3540.85009765625,1655427,3540.85009765625,0.3228667648693008,0.33345037336497046,0.33787160231988206,0.34683224095195875,0.12254103954915345,0.34683224095195875
2023-02-10,3520.0,3542.35009765625,3508.14990234375,3537.550048828125,1187821,3537.550048828125,0.32605777917246154,0.33010055680730577,0.3397460128030923,0.3447042068857811,0.0879270545534868,0.3447042068857811
2023-02-13,3549.0,3549.0,3473.39990234375,3482.39990234375,1087939,3482.39990234375,0.3445656621307936,0.3343435954697719,0.31689018392120955,0.30914067537884893,0.0805334068044477,0.30914067537884893
2023-02-14,3505.0,3524.85009765625,3495.0,3500.10009765625,1579818,3500.10009765625,0.31648473626297946,0.3189345016150901,0.33109703675180546,0.32055463334273737,0.11694417211901491,0.32055463334273737
2023-02-15,3487.0,3526.0,3460.14990234375,3520.64990234375,1429449,3520.64990234375,0.304997084771601,0.31966820864571704,0.3081753714698442,0.3338061598218604,0.10581328348667615,0.3338061598218604
2023-02-16,3527.199951171875,3575.0,3527.0,3558.050048828125,1618931,3558.050048828125,0.3306528086067639,0.35093316318392087,0.35214413097397085,0.3579236168487022,0.1198394660098878,0.3579236168487022
2023-02-17,3526.14990234375,3538.89990234375,3490.0,3501.14990234375,1061369,3501.14990234375,0.3299826644408511,0.32789912416254585,0.3278084282795921,0.3212315991254232,0.07856659375813337,0.3212315991254232
2023-02-20,3502.0,3522.0,3475.050048828125,3487.300048828125,1296082,3487.300048828125,0.31457012768108306,0.31711596745892484,0.3179755210629913,0.3123005312449621,0.09594094793726687,0.3123005312449621
2023-02-21,3494.0,3508.89990234375,3444.75,3451.0,1139541,3451.0,0.30946450479602594,0.3087573152616047,0.2980465216060613,0.2888924713848138,0.0843531842532965,0.2888924713848138
2023-02-22,3414.949951171875,3447.0,3395.0,3401.550048828125,1218430,3401.550048828125,0.25901453750080633,0.269261445206572,0.2653248673075385,0.2570047066439626,0.09019284983141813,0.2570047066439626
2023-02-23,3421.0,3452.39990234375,3408.0,3413.800048828125,1441570,3413.800048828125,0.2628756959698798,0.2727069084981656,0.2738752493352932,0.2649041101583911,0.10671052627682956,0.2649041101583911
2023-02-24,3422.5,3433.949951171875,3382.300048828125,3400.449951171875,977592,3400.449951171875,0.263833000260828,0.2609347271793747,0.25697183390343376,0.2562953094772691,0.07236509972045642,0.2562953094772691
2023-02-27,3390.0,3390.0,3316.0,3331.85009765625,1128022,3331.85009765625,0.24309140729028353,0.23289200829478385,0.21336485344656766,0.21205874425681123,0.08350050380615706,0.21205874425681123
2023-02-28,3328.5,3392.0,3299.89990234375,3312.85009765625,4116217,3312.85009765625,0.203841931361407,0.23416812888817992,0.20277546993540646,0.19980660819361598,0.30469812935870794,0.19980660819361598
2023-03-01,3323.0,3389.0,3315.0,3385.699951171875,1669307,3385.699951171875,0.20033181562793023,0.23225394799808582,0.212707131752125,0.24678378279663066,0.12356849024854535,0.24678378279663066
2023-03-02,3361.0,3369.89990234375,3318.0,3321.449951171875,1556538,3321.449951171875,0.2245835243319515,0.22006693402057745,0.214680296835453,0.20535221742503626,0.11522089745893972,0.20535221742503626
2023-03-03,3354.0,3358.0,3331.10009765625,3342.14990234375,1043190,3342.14990234375,0.2201161043075265,0.21247407880044664,0.2232965152632862,0.21870056575447364,0.07722091463246726,0.21870056575447364
2023-03-06,3361.89990234375,3404.949951171875,3359.0,3371.85009765625,1334132,3371.85009765625,0.22515784458202232,0.2424309785751316,0.24164688630760242,0.2378527149161696,0.09875755450152207,0.2378527149161696
2023-03-08,3364.0,3396.0,3330.85009765625,3390.39990234375,1844590,3390.39990234375,0.2264981329138479,0.2367203700749721,0.22313208483967553,0.24981454286232468,0.13654360847199723,0.24981454286232468
2023-03-09,3385.0,3385.0,3330.85009765625,3336.85009765625,1648500,3336.85009765625,0.23990039298712282,0.22970170681129368,0.22313208483967553,0.215282990589231,0.12202827650919035,0.215282990589231
2023-03-10,3312.89990234375,3337.25,3290.0,3331.0,1024404,3331.0,0.19388590441104753,0.19923432764396234,0.19626408939105827,0.21151055940673869,0.07583030304465917,0.21151055940673869
2023-03-13,3333.0,3369.800048828125,3272.0,3281.949951171875,1901233,3281.949951171875,0.20671384423425163,0.22000322145677143,0.1844250988910902,0.1798806713989199,0.14073654002571884,0.1798806713989199
2023-03-14,3280.0,3304.39990234375,3209.39990234375,3214.949951171875,2670334,3214.949951171875,0.17288909262074825,0.17827398458685595,0.1432516565883449,0.1366757705444946,0.1976683383220457,0.1366757705444946
2023-03-15,3250.0,3260.35009765625,3192.0,3198.89990234375,1780522,3198.89990234375,0.1537430068017841,0.1501675531384591,0.1318073633356767,0.12632590833064647,0.13180105001316145,0.12632590833064647
2023-03-16,3208.0,3219.800048828125,3172.0,3185.0,1901060,3185.0,0.12693848665523427,0.12429417695206572,0.11865292944682329,0.1173625665000806,0.14072373390388923,0.1173625665000806
2023-03-17,3150.5,3221.39990234375,3144.0,3179.300048828125,6739966,3179.300048828125,0.09024182216888631,0.1253149799609188,0.10023672200242856,0.11368695716790263,0.4989180677649631,0.11368695716790263
2023-03-20,3169.64990234375,3169.64990234375,3095.050048828125,3143.300048828125,2289468,3143.300048828125,0.10246334462549365,0.09229535960679534,0.06804127717477701,0.09047238357448009,0.16947517995932243,0.09047238357448009
2023-03-21,3143.300048828125,3156.75,3097.449951171875,3106.10009765625,1815297,3106.10009765625,0.08564679273458396,0.08406444408996651,0.0696197450108052,0.06648402234805739,0.13437522854856154,0.06648402234805739
2023-03-22,3130.050048828125,3143.5,3106.10009765625,3130.800048828125,1123939,3130.800048828125,0.07719060483120813,0.0756101451587175,0.07530913401368562,0.08241176774343059,0.08319826452621347,0.08241176774343059
2023-03-23,3114.89990234375,3146.35009765625,3101.0,3124.64990234375,1372218,3124.64990234375,0.06752173800588405,0.07742867931488276,0.07195468914139379,0.07844585029421247,0.10157682592349904,0.07844585029421247
2023-03-24,3148.89990234375,3170.0,3106.0,3120.5,1329577,3120.5,0.08922063526737677,0.0925187430212155,0.07524329761360714,0.07576978881186523,0.0984203759758931,0.07576978881186523
2023-03-27,3135.0,3152.75,3106.0,3122.300048828125,1524217,3122.300048828125,0.08034967782908815,0.08151220290317435,0.07524329761360714,0.07693054897831694,0.11282837339157331,0.07693054897831694
2023-03-28,3127.0,3149.550048828125,3110.14990234375,3115.89990234375,1303530,3115.89990234375,0.07524405494403104,0.07947044110902855,0.07797277841490999,0.07280341921247784,0.09649227739036997,0.07280341921247784
2023-03-29,3129.0,3150.0,3104.10009765625,3138.89990234375,1740616,3138.89990234375,0.07652046066529532,0.07975753708725475,0.07399369062480028,0.0876349523416089,0.12884705522858408,0.0876349523416089
2023-03-31,3189.949951171875,3213.0,3152.0,3205.89990234375,2382581,3205.89990234375,0.11541889385857512,0.11995533577923113,0.10549849555796992,0.13083985319603417,0.17636776043284397,0.13083985319603417
2023-04-03,3224.949951171875,3224.949951171875,3173.75,3200.0,1521830,3200.0,0.13775599398069996,0.12758012516948478,0.11980394241209796,0.12703530549734,0.11265167851985511,0.12703530549734
2023-04-05,3185.5,3264.35009765625,3185.5,3239.800048828125,2655065,3239.800048828125,0.11257892229101116,0.15271979432525123,0.12753217232179934,0.15270033779018216,0.19653806852888897,0.15270033779018216
2023-04-06,3225.0,3257.35009765625,3215.0,3220.699951171875,1703464,3220.699951171875,0.13778793528598063,0.14825337224836496,0.14693496230785807,0.14038365382677737,0.12609692205972184,0.14038365382677737
2023-04-10,3220.0,3272.0,3215.0,3263.39990234375,2203187,3263.39990234375,0.13459692098281995,0.15760089328441537,0.14693496230785807,0.16791868601886184,0.16308833026233155,0.16791868601886184
2023-04-11,3264.0,3272.949951171875,3192.14990234375,3213.800048828125,2348779,3213.800048828125,0.16267784685063405,0.15820701941099058,0.13190595735920885,0.13593425686159924,0.17386560707975712,0.13593425686159924
2023-04-12,3227.949951171875,3260.949951171875,3199.0,3241.64990234375,2417727,3241.64990234375,0.1396706025625964,0.15055029585061414,0.13641141519677535,0.15389321447283572,0.1789694018075434,0.15389321447283572
2023-04-13,3210.0,3230.0,3180.0,3188.85009765625,4174070,3188.85009765625,0.12821489237649855,0.1308023608230978,0.12391470300236465,0.11984529914960503,0.3089806297414111,0.11984529914960503
2023-04-17,3134.10009765625,3163.39990234375,3070.25,3139.5,5505048,3139.5,0.07977535757901734,0.08830748275243261,0.051729747037281705,0.08802192487506046,0.4075047130969762,0.08802192487506046
2023-04-18,3154.949951171875,3156.85009765625,3110.60009765625,3130.75,2617302,3130.75,0.09308179373645026,0.08412831243021215,0.07826888163867764,0.0823794937933258,0.1937427068025823,0.0823794937933258
2023-04-19,3130.75,3140.0,3071.5,3089.60009765625,3298034,3089.60009765625,0.07763731567140156,0.07337693412027436,0.05255189915533504,0.05584400945107206,0.24413309365405586,0.05584400945107206
2023-04-20,3090.0,3113.0,3078.0,3104.800048828125,2419999,3104.800048828125,0.05163054910064191,0.05614930610942734,0.05682709016921239,0.06564568681484766,0.17913758393931706,0.06564568681484766
2023-04-21,3110.0,3164.449951171875,3100.800048828125,3160.85009765625,1929184,3160.85009765625,0.06439460631328468,0.08897747721925348,0.07182317691782236,0.10178951968805416,0.14280557997519314,0.10178951968805416
2023-04-24,3151.10009765625,3180.949951171875,3126.14990234375,3174.800048828125,1640676,3174.800048828125,0.0906248062097637,0.09950547211477109,0.0884963255259927,0.11078513546872482,0.12144911409765993,0.11078513546872482
2023-04-25,3183.0,3191.199951171875,3147.5,3176.0,2024090,3176.0,0.1109834151394308,0.10604559015592599,0.1025387479329779,0.11155892310172497,0.14983088516802373,0.11155892310172497
2023-04-26,3181.0,3208.39990234375,3181.0,3198.14990234375,2000029,3198.14990234375,0.10970700941816654,0.11702019610384432,0.12457242469680732,0.1258422713807835,0.14804979790015133,0.1258422713807835
2023-04-27,3185.0,3199.199951171875,3170.64990234375,3187.949951171875,2434446,3187.949951171875,0.11225982086069508,0.11115007252951029,0.11776494092869147,0.11926484034942769,0.18020700614782675,0.11926484034942769
2023-04-28,3200.39990234375,3227.25,3196.25,3219.25,2931312,3219.25,0.12208808258993191,0.12904769500717816,0.134602680537058,0.13944865387715621,0.21698692828068414,0.13944865387715621
2023-05-02,3235.0,3235.0,3210.0,3219.39990234375,2321159,3219.39990234375,0.14416996389230202,0.13399266230658796,0.14364635383564472,0.13954531829356762,0.17182106901655794,0.13954531829356762
2023-05-03,3216.0,3216.0,3173.14990234375,3179.89990234375,2468285,3179.89990234375,0.1320441095402914,0.12186951666932525,0.11940924516479814,0.11407377226745123,0.18271189838246096,0.11407377226745123
2023-05-04,3180.14990234375,3224.449951171875,3178.0,3220.699951171875,1953253,3220.699951171875,0.10916447466213111,0.12726109502113575,0.12259925961347931,0.14038365382677737,0.14458725943367035,0.14038365382677737
2023-05-05,3220.0,3244.0,3210.050048828125,3230.699951171875,1710027,3230.699951171875,0.13459692098281995,0.1397352049768703,0.14367927203568398,0.14683214649161697,0.12658274042716486,0.14683214649161697
2023-05-08,3245.0,3254.85009765625,3231.300048828125,3250.60009765625,928235,3250.60009765625,0.15055199249862342,0.14665822150661986,0.1576558580425907,0.1596647413549895,0.06871150576008997,0.1596647413549895
2023-05-09,3252.60009765625,3298.0,3246.0,3283.25,1107375,3283.25,0.15540239656392577,0.17419046099856436,0.16732433483558082,0.1807190069321296,0.0819721338788988,0.1807190069321296
2023-05-10,3290.0,3306.5,3266.050048828125,3286.800048828125,1559987,3286.800048828125,0.17927112122706965,0.17961397352049768,0.18051168692447345,0.18300825331492826,0.11547620563345,0.18300825331492826
2023-05-11,3309.0,3309.699951171875,3272.0,3282.14990234375,1719623,3282.14990234375,0.19139697557908028,0.1816557353146435,0.1844250988910902,0.1800096097654361,0.12729307305766663,0.1800096097654361
2023-05-12,3279.14990234375,3290.0,3260.0,3274.300048828125,1027479,3274.300048828125,0.17234655786471284,0.16908597862498007,0.1765324385577782,0.17494763748387876,0.07605792630839332,0.17494763748387876
2023-05-15,3284.0,3292.0,3248.35009765625,3255.050048828125,1150390,3255.050048828125,0.1754419040632768,0.17036209921837614,0.1688700450481553,0.16253428910406256,0.08515626873728085,0.16253428910406256
2023-05-16,3256.199951171875,3285.0,3250.449951171875,3258.14990234375,986306,3258.14990234375,0.15769983337545432,0.16589567714148987,0.17025116426053358,0.16453322736982107,0.07301014333677494,0.16453322736982107
2023-05-17,3255.949951171875,3280.0,3198.25,3208.699951171875,1588815,3208.699951171875,0.15754028266029627,0.16270537565799967,0.13591812392594335,0.13264546262896984,0.11761016447797953,0.13264546262896984
2023-05-18,3225.949951171875,3228.949951171875,3195.0,3199.85009765625,1369364,3199.85009765625,0.1383941968413321,0.13013236635627692,0.1337805284190047,0.1269386410809286,0.1013655619252235,0.1269386410809286
2023-05-19,3210.0,3234.5,3203.050048828125,3222.85009765625,1152449,3222.85009765625,0.12821489237649855,0.13367363215823896,0.1390752201745853,0.14177017421005964,0.08530868379420074,0.14177017421005964
2023-05-22,3230.0,3308.449951171875,3217.050048828125,3298.699951171875,1333243,3298.699951171875,0.14097894958914134,0.18085815994377094,0.14828332389678264,0.19068189661252619,0.09869174732055959,0.19068189661252619
2023-05-23,3306.0,3327.949951171875,3290.10009765625,3297.050048828125,1687418,3297.050048828125,0.18948236699718388,0.19330033572938268,0.19632992579113676,0.18961795829638883,0.12490913575407035,0.18961795829638883
2023-05-24,3276.0,3317.199951171875,3276.0,3303.35009765625,1016555,3303.35009765625,0.1703362811782197,0.18644118753987876,0.1870559856688609,0.19368054016201838,0.07524929003748862,0.19368054016201838
2023-05-25,3294.0,3306.0,3267.10009765625,3293.5,1374917,3293.5,0.1818239326695982,0.17929494337214866,0.18120232681895537,0.18732871191359018,0.10177661622880586,0.18732871191359018
2023-05-26,3293.5,3338.64990234375,3291.0,3328.89990234375,1791115,3328.89990234375,0.18150483123928213,0.20012754974876376,0.19692181108550094,0.2101563129735612,0.13258518439779102,0.2101563129735612
2023-05-29,3360.800048828125,3372.0,3312.0,3320.35009765625,1210372,3320.35009765625,0.22445591492207412,0.22140692295421918,0.21073396666879698,0.20464297769224568,0.08959636584469624,0.20464297769224568
2023-05-30,3315.0,3326.949951171875,3301.35009765625,3316.199951171875,1344224,3316.199951171875,0.19522619274287312,0.19266227543268463,0.20372929485361677,0.2019667587759955,0.09950460294952375,0.2019667587759955
2023-05-31,3309.0,3327.699951171875,3265.14990234375,3289.5,5815424,3289.5,0.19139697557908028,0.19314082065520816,0.1799196410535237,0.18474931484765436,0.43047993199283097,0.18474931484765436
2023-06-01,3314.0,3340.0,3297.5,3324.0,1177314,3324.0,0.19458798988224096,0.20098899345988197,0.20119700209937827,0.20699661454135096,0.08714928621785922,0.20699661454135096
2023-06-02,3326.25,3335.89990234375,3297.449951171875,3305.60009765625,2030661,3305.60009765625,0.2024059749249847,0.19837288393284416,0.20116408389933904,0.19513145101160728,0.15031729572607158,0.19513145101160728
2023-06-05,3315.0,3327.0,3285.050048828125,3288.89990234375,1861468,3288.89990234375,0.19522619274287312,0.19269420960280748,0.19300839911888415,0.18436234231420282,0.13779298260055176,0.18436234231420282
2023-06-06,3280.0,3288.85009765625,3220.60009765625,3232.300048828125,2022849,3232.300048828125,0.17288909262074825,0.16835227159435318,0.15061826802737124,0.14786396829155246,0.1497390216004484,0.14786396829155246
2023-06-07,3253.0,3278.85009765625,3241.0,3274.89990234375,1567196,3274.89990234375,0.15565761538368053,0.16197166862737278,0.16403572636336747,0.17533445258342736,0.1160098433922336,0.17533445258342736
2023-06-08,3261.0,3270.0,3233.0,3236.449951171875,1759366,3236.449951171875,0.16076323826873762,0.1563247726910193,0.1587739528078261,0.15054002977389971,0.13023500195867044,0.15054002977389971
2023-06-09,3245.0,3250.0,3205.35009765625,3209.300048828125,1775689,3209.300048828125,0.15055199249862342,0.14356356675705853,0.14058801218712053,0.13303243516242141,0.13144329286401438,0.13303243516242141
2023-06-12,3215.0,3254.39990234375,3211.0,3246.89990234375,2324605,3246.89990234375,0.13140590667965923,0.14637096975195407,0.1443040755300874,0.15727867312187652,0.1720761551195914,0.15727867312187652
2023-06-13,3260.0,3265.0,3239.0,3243.699951171875,1371928,3243.699951171875,0.1601250354081055,0.1531344712075291,0.16272028297448213,0.15521518695590844,0.10155535901407371,0.15521518695590844
2023-06-14,3243.699951171875,3255.85009765625,3225.85009765625,3251.050048828125,1658544,3251.050048828125,0.14972229761755257,0.1472962818033179,0.15407130692319526,0.1599548920381267,0.122771771813563,0.1599548920381267
2023-06-15,3245.300048828125,3247.449951171875,3210.0,3216.300048828125,2273810,3216.300048828125,0.1507434845190621,0.14193648184519062,0.14364635383564472,0.1375463800278091,0.16831611489800552,0.1375463800278091
2023-06-16,3197.0,3199.39990234375,3156.0,3174.89990234375,4156189,3174.89990234375,0.11991825518828075,0.11127765343356197,0.10812938233574058,0.11084952593503143,0.30765700971577514,0.11084952593503143
2023-06-19,3190.0,3214.89990234375,3175.0,3210.39990234375,1468186,3210.39990234375,0.11545083516385578,0.12116758803238156,0.1206260945301513,0.133741674895212,0.10868074441912172,0.133741674895212
2023-06-20,3214.0,3232.5,3201.050048828125,3227.699951171875,1528452,3227.699951171875,0.1307677038190271,0.1323975115648429,0.13775977678569995,0.1448975986921651,0.1131418642930088,0.1448975986921651
2023-06-21,3250.0,3261.39990234375,3223.949951171875,3258.199951171875,1645987,3258.199951171875,0.1537430068017841,0.15083739182884032,0.15282153935780285,0.16456550131992584,0.12184225463544598,0.16456550131992584
2023-06-22,3260.0,3267.64990234375,3230.10009765625,3238.5,1529603,3238.5,0.1601250354081055,0.15482526868320307,0.1568666241245766,0.15186200225697244,0.1132270657162797,0.15186200225697244
2023-06-23,3237.300048828125,3249.39990234375,3209.14990234375,3216.35009765625,1119505,3216.35009765625,0.145637861634005,0.14318066826846387,0.14308722616473424,0.1375786539779139,0.08287004288348265,0.1375786539779139
2023-06-26,3205.0,3213.89990234375,3173.0,3189.64990234375,1978803,3189.64990234375,0.12502387807333787,0.12052952773568353,0.11931065114126596,0.12036105261566983,0.146478568177868,0.12036105261566983
2023-06-27,3202.0,3209.64990234375,3182.300048828125,3197.35009765625,863542,3197.35009765625,0.12310926949144145,0.11781777147471686,0.12542749501489991,0.1253265179147187,0.0639226824102513,0.1253265179147187
2023-06-28,3208.0,3230.949951171875,3193.39990234375,3215.449951171875,1575872,3215.449951171875,0.12693848665523427,0.131408486949673,0.13272810947726219,0.1369981951777366,0.11665207410317914,0.1369981951777366
2023-06-30,3220.0,3310.0,3214.10009765625,3302.25,2672406,3302.25,0.13459692098281995,0.18184718455894083,0.1463430770134939,0.19297114299532483,0.19782171568869844,0.19297114299532483
2023-07-03,3314.300048828125,3318.800048828125,3268.75,3272.300048828125,1687264,3272.300048828125,0.19477948190267969,0.18746214632517147,0.18228750338415153,0.17365793895091086,0.12489773608492724,0.17365793895091086
2023-07-04,3290.0,3315.0,3277.300048828125,3308.85009765625,1656681,3308.85009765625,0.17927112122706965,0.185037486042431,0.18791105598695348,0.19722721112768016,0.12263386542646162,0.19722721112768016
2023-07-05,3320.0,3329.0,3305.0,3319.949951171875,1453008,3319.949951171875,0.1984172070460338,0.19397033019620355,0.2061299148076983,0.20438494352531034,0.10755721079409503,0.20438494352531034
2023-07-06,3306.550048828125,3328.449951171875,3302.0,3322.89990234375,1848238,3322.89990234375,0.1898334097327806,0.1936193658777317,0.20415674972437028,0.2062872173746574,0.13681364738780283,0.2062872173746574
2023-07-07,3302.0,3356.89990234375,3302.0,3329.25,1789326,3329.25,0.18692955555465532,0.21177215016350295,0.20415674972437028,0.21038207319039173,0.13245275577378438,0.21038207319039173
2023-07-10,3324.75,3324.75,3265.199951171875,3271.949951171875,1407431,3271.949951171875,0.20144867063403646,0.19125857393523688,0.17995255925356296,0.1734321787340803,0.10418342689451397,0.1734321787340803
2023-07-11,3295.0,3295.0,3260.800048828125,3272.39990234375,1110172,3272.39990234375,0.18246213553023033,0.17227628010847024,0.17705864802864943,0.17372232941721746,0.08217917851911488,0.17372232941721746
2023-07-12,3280.949951171875,3289.14990234375,3250.10009765625,3259.89990234375,1515240,3259.89990234375,0.17349535417609974,0.16854356506221088,0.17002105801342998,0.165661713586168,0.11216386150912078,0.165661713586168
2023-07-13,3284.0,3367.449951171875,3272.75,3340.550048828125,4585146,3340.550048828125,0.1754419040632768,0.21850371744895516,0.1849183901619222,0.21766890138844108,0.33941004787564943,0.21766890138844108
2023-07-14,3365.0,3524.85009765625,3352.0,3514.64990234375,6306101,3514.64990234375,0.22713633577448006,0.3189345016150901,0.23704283444650376,0.32993706422295666,0.4668017206690214,0.32993706422295666
2023-07-17,3510.0,3549.89990234375,3477.050048828125,3491.699951171875,2743228,3491.699951171875,0.31967575056614017,0.3349177874262243,0.31929096445187666,0.31513780504393035,0.20306423106566773,0.31513780504393035
2023-07-18,3476.0,3524.0,3465.0,3496.85009765625,2600090,3496.85009765625,0.29797685330464746,0.31839208805232094,0.31136538591852536,0.3184588732266645,0.19246860871627586,0.3184588732266645
2023-07-19,3500.0,3516.85009765625,3445.64990234375,3470.050048828125,2405370,3470.050048828125,0.31329372195981875,0.31383001924150583,0.2986384069004255,0.3011768813981138,0.1780546893945473,0.3011768813981138
2023-07-20,3453.10009765625,3478.89990234375,3436.050048828125,3463.300048828125,1715404,3463.300048828125,0.28336207012066955,0.2896155063606636,0.2923243749797272,0.2968241488493471,0.1269807665374408,0.2968241488493471
2023-07-21,3404.050048828125,3434.89990234375,3359.050048828125,3368.300048828125,3770223,3368.300048828125,0.2520581886444141,0.2615408533059499,0.24167980450764168,0.23556346853337096,0.2790863298424684,0.23556346853337096
2023-07-24,3381.0,3413.449951171875,3372.10009765625,3394.75,1680132,3394.75,0.23734758154459426,0.24785449109706492,0.2502631047354356,0.2526197001450911,0.1243697981607152,0.2526197001450911
2023-07-25,3397.5,3406.800048828125,3380.199951171875,3399.14990234375,1272980,3399.14990234375,0.24787792874502457,0.2436114524345988,0.2555905541144699,0.2554569739440593,0.0942308495181493,0.2554569739440593
2023-07-26,3400.35009765625,3420.85009765625,3385.0,3388.300048828125,1066803,3388.300048828125,0.24969686922232426,0.25257623075849417,0.2587476503631118,0.24846045386305013,0.07896883922646879,0.24846045386305013
2023-07-27,3394.949951171875,3411.64990234375,3385.050048828125,3396.89990234375,1701769,3396.89990234375,0.24625048028816354,0.24670595140772053,0.25878056856315107,0.25400606309447044,0.12597145167532203,0.25400606309447044
2023-07-28,3385.0,3393.699951171875,3331.0,3355.39990234375,2599831,3355.39990234375,0.23990039298712282,0.23525280023727868,0.2232306788632077,0.2272448185353861,0.19244943654544427,0.2272448185353861
2023-07-31,3364.39990234375,3426.64990234375,3360.89990234375,3421.449951171875,2743678,3421.449951171875,0.22675335173360267,0.2562768558581911,0.24289649329640928,0.26983714407343223,0.2030975417871898,0.26983714407343223
2023-08-01,3415.0,3460.0,3415.0,3452.050048828125,1956167,3452.050048828125,0.259046478806087,0.2775562290636465,0.2784793011963919,0.2895695946014025,0.14480296486148217,0.2895695946014025
2023-08-02,3434.949951171875,3446.39990234375,3413.60009765625,3440.64990234375,1914899,3440.64990234375,0.2717785947134491,0.26887854671797734,0.2775585550548064,0.28221821850314366,0.14174814962643137,0.28221821850314366
2023-08-03,3420.0,3433.25,3368.0,3399.949951171875,2026351,3399.949951171875,0.26223749310924765,0.260488116126974,0.24756638155758645,0.2559728848440271,0.14999825303771572,0.2559728848440271
2023-08-04,3401.25,3471.0,3401.25,3443.550048828125,2248493,3443.550048828125,0.2502711894723951,0.2845748923273249,0.26943562789780523,0.2840883758362889,0.16644205370517376,0.2840883758362889
2023-08-07,3453.949951171875,3488.0,3441.25,3484.050048828125,1853889,3484.050048828125,0.28390444906545975,0.29542191737119156,0.295744495675512,0.3102047711288892,0.13723195602629445,0.3102047711288892
2023-08-08,3484.050048828125,3489.949951171875,3456.60009765625,3470.60009765625,1634225,3470.60009765625,0.3031144174949852,0.29666610379446484,0.3058405879158412,0.3015315799814606,0.12097158639868463,0.3015315799814606
2023-08-09,3464.89990234375,3467.0,3425.050048828125,3462.5,1794589,3462.5,0.2908927392271326,0.28202265114053277,0.28508943634085787,0.2963082379493793,0.1328423431679414,0.2963082379493793
2023-08-10,3450.0,3464.89990234375,3430.050048828125,3442.10009765625,1096701,3442.10009765625,0.28138357892821186,0.28068266220689103,0.28837804481307117,0.2831533758866677,0.08118200356439526,0.2831533758866677
2023-08-11,3438.10009765625,3466.64990234375,3414.0,3448.800048828125,1679974,3448.800048828125,0.2737890272111875,0.28179926772611263,0.27782157950194925,0.2874738344853297,0.12435810239626967,0.2874738344853297
2023-08-14,3440.699951171875,3455.0,3411.0,3449.85009765625,1190425,3449.85009765625,0.2754482611620839,0.2743659275801563,0.27584841441862124,0.28815095770191845,0.0881198125953612,0.28815095770191845
2023-08-16,3450.0,3466.0,3435.199951171875,3458.39990234375,1328445,3458.39990234375,0.28138357892821186,0.28138459084383477,0.2917652473088167,0.29366429298323393,0.09833658100530869,0.29366429298323393
2023-08-17,3455.0,3460.800048828125,3413.199951171875,3435.75,1843241,3435.75,0.2845745932313725,0.2780667084562929,0.277295370031078,0.2790585200709334,0.1364437503312566,0.2790585200709334
2023-08-18,3410.0,3410.0,3356.5,3367.10009765625,2526749,3367.10009765625,0.2558554645029263,0.24565321422874462,0.24000258207149577,0.23478968090037078,0.18703962732260856,0.23478968090037078
2023-08-21,3375.0,3409.75,3372.0,3401.64990234375,1375579,3401.64990234375,0.23351836438080142,0.24549369915457012,0.25019726833535716,0.2570690971102692,0.10182562000135612,0.2570690971102692
2023-08-22,3400.0,3411.0,3365.050048828125,3382.14990234375,1222012,3382.14990234375,0.2494734358966049,0.24629127452544267,0.2456261346742977,0.244494536413832,0.09045800317473383,0.244494536413832
2023-08-23,3388.0,3402.0,3376.0,3398.25,1330046,3398.25,0.24181500156901925,0.24054873185516032,0.2528281551131278,0.25487667257778496,0.09845509315010166,0.25487667257778496
2023-08-24,3408.0,3413.050048828125,3378.10009765625,3387.75,1152881,3387.75,0.25457905878166204,0.24759932928896156,0.25420943490209164,0.24810575527970338,0.08534066208686193,0.24810575527970338
2023-08-25,3375.0,3385.800048828125,3350.25,3381.300048828125,1158046,3381.300048828125,0.23351836438080142,0.23021218620394002,0.23589182148122909,0.24394650899766243,0.0857229951461097,0.24394650899766243
2023-08-28,3394.0,3394.0,3360.10009765625,3375.550048828125,1037485,3375.550048828125,0.24564421873281206,0.235444249481576,0.2423704444021236,0.24023862571537966,0.076798608707393,0.24023862571537966
2023-08-29,3381.050048828125,3389.550048828125,3365.0,3376.14990234375,944517,3376.14990234375,0.23737952284987493,0.23260491231655767,0.24559321647425844,0.24062544081492826,0.06991676168858413,0.24062544081492826
2023-08-30,3398.0,3408.10009765625,3383.050048828125,3390.949951171875,1188200,3390.949951171875,0.24819703017534062,0.2444409619755942,0.25746512517426573,0.25016924144567143,0.08795510958339095,0.25016924144567143
2023-08-31,3401.0,3417.39990234375,3343.64990234375,3356.800048828125,3417652,3356.800048828125,0.250111638757237,0.25037479811373425,0.23155079406727325,0.2281477019688054,0.25298767562522745,0.2281477019688054
2023-09-01,3366.0,3389.0,3356.800048828125,3379.199951171875,1277950,3379.199951171875,0.22777453863511218,0.23225394799808582,0.24019993069514567,0.24259226256448493,0.09459874793140419,0.24259226256448493
2023-09-04,3378.0,3432.85009765625,3370.050048828125,3418.5,1828332,3418.5,0.23543297296269786,0.2602329543188706,0.24891474314651105,0.26793487022408513,0.13534012911531756,0.26793487022408513
2023-09-05,3420.0,3447.0,3405.14990234375,3429.35009765625,1501842,3429.35009765625,0.26223749310924765,0.269261445206572,0.2720006782754974,0.27493154773899725,0.11117209029367028,0.27493154773899725
2023-09-06,3434.0,3443.89990234375,3398.10009765625,3429.89990234375,1314818,3429.89990234375,0.27117233315809763,0.26728339597623224,0.26736386879094504,0.2752860888884411,0.09732785833379475,0.2752860888884411
2023-09-07,3430.800048828125,3460.0,3422.300048828125,3455.25,1885092,3455.25,0.26913011516632385,0.2775562290636465,0.2832807016811405,0.2916330807673706,0.13954172145663493,0.2916330807673706
2023-09-08,3455.25,3465.0,3435.050048828125,3441.89990234375,1518917,3441.89990234375,0.28473414394653057,0.2807465305471367,0.2916666532852845,0.2830242800862486,0.1124360471158689,0.2830242800862486
2023-09-11,3462.0,3485.699951171875,3445.0,3480.64990234375,1783604,3480.64990234375,0.2890420132557975,0.29395434753349814,0.29821095202967196,0.308012189162502,0.13202919144367484,0.308012189162502
2023-09-12,3492.0,3589.89990234375,3483.0,3580.800048828125,4476016,3580.800048828125,0.3081880990747617,0.3604401992941458,0.3232043764184934,0.3725939376612123,0.331331827787419,0.3725939376612123
2023-09-13,3571.10009765625,3588.85009765625,3545.0,3567.85009765625,1754929,3567.85009765625,0.3586700076752619,0.35977036060376455,0.3639831214739389,0.36424317114702565,0.1299065582444628,0.36424317114702565
2023-09-14,3570.050048828125,3597.699951171875,3545.60009765625,3560.050048828125,2604721,3560.050048828125,0.35799986350934915,0.3654171007636784,0.3643778187212387,0.3592133153816702,0.1928114130526508,0.3592133153816702
2023-09-15,3567.85009765625,3607.35009765625,3562.449951171875,3598.300048828125,2952897,3598.300048828125,0.3565958483782075,0.37157447609267824,0.3754603329266464,0.3838787998246816,0.21858473255635952,0.3838787998246816
2023-09-18,3580.050048828125,3619.300048828125,3575.25,3606.14990234375,1395753,3606.14990234375,0.3643818921156705,0.37919926548293187,0.38387920273082965,0.3889407721062389,0.1033189766591034,0.3889407721062389
2023-09-20,3580.0,3625.0,3580.0,3606.050048828125,1649396,3606.050048828125,0.36434995081038984,0.3828361780188228,0.3870033807794323,0.38887638163993227,0.12209460185693208,0.38887638163993227
2023-09-21,3588.550048828125,3605.0,3528.0,3585.300048828125,2004073,3585.300048828125,0.36980661643104373,0.370074972084862,0.3528018526684135,0.37549575936039015,0.14834915025089634,0.37549575936039015
2023-09-22,3584.0,3633.75,3565.050048828125,3603.64990234375,1989083,3603.64990234375,0.3669027622529184,0.3884192056149306,0.3771704735628315,0.387328648940029,0.14723953310508334,0.387328648940029
2023-09-25,3602.5,3620.0,3558.64990234375,3577.14990234375,1238778,3577.14990234375,0.378709515174613,0.3796458765353326,0.37296095837244714,0.3702401433782041,0.09169908663482063,0.3702401433782041
2023-09-26,3567.60009765625,3594.949951171875,3536.0,3585.699951171875,1726062,3585.699951171875,0.35643629766304946,0.3636624349477588,0.3580636262239549,0.37575363609342255,0.12776971247073468,0.37575363609342255
2023-09-27,3590.0,3614.0,3555.699951171875,3589.300048828125,1541134,3589.300048828125,0.37073197941671127,0.37581751475514436,0.37102071148915833,0.378075156426326,0.1140806344493264,0.378075156426326
2023-09-28,3600.0,3602.800048828125,3527.35009765625,3536.75,1755753,3536.75,0.37711400802303263,0.3686712705874143,0.35237439779766,0.3441882959858133,0.12996755387676098,0.3441882959858133
2023-09-29,3537.199951171875,3568.449951171875,3505.550048828125,3528.60009765625,2243791,3528.60009765625,0.3370348372130853,0.3467538370852608,0.3380360327434927,0.3389328374375302,0.16609399367718092,0.3389328374375302
2023-10-03,3534.199951171875,3534.199951171875,3480.10009765625,3513.85009765625,1948148,3513.85009765625,0.33512022863118884,0.324900271923353,0.32129704773524387,0.32942131075689185,0.14420936780395885,0.32942131075689185
2023-10-04,3486.300048828125,3548.0,3477.300048828125,3537.75,1788138,3537.75,0.30455037393140755,0.33370553517307383,0.3194553948754873,0.3448331452522973,0.1323648154689661,0.3448331452522973
2023-10-05,3554.0,3624.0,3551.199951171875,3589.35009765625,2990768,3589.35009765625,0.34775667643395425,0.38219811772212475,0.3680609638641663,0.37810743037643074,0.2213880888558315,0.37810743037643074
2023-10-06,3591.0,3634.949951171875,3575.050048828125,3621.39990234375,2075691,3621.39990234375,0.3713701822773434,0.38918484681568033,0.3837476905072582,0.39877472342011927,0.15365058859304692,0.39877472342011927
2023-10-09,3645.050048828125,3679.0,3631.0,3638.35009765625,4233074,3638.35009765625,0.40586507805675953,0.41729143404051683,0.4205471871960085,0.4097050444341448,0.3133483315473852,0.4097050444341448
2023-10-10,3640.050048828125,3648.0,3601.35009765625,3628.89990234375,1848148,3628.89990234375,0.4026740637535989,0.39751156484287764,0.4010458031864175,0.40361109291874897,0.1368069852434984,0.40361109291874897
2023-10-11,3650.0,3650.0,3605.0,3609.89990234375,2426417,3609.89990234375,0.4090241510546396,0.39878768543627374,0.40344642314049906,0.3913589568555538,0.1796126688520474,0.3913589568555538
2023-10-12,3575.0,3588.64990234375,3538.10009765625,3542.550048828125,4241281,3542.550048828125,0.3611589365072292,0.35964262392327323,0.35944490601291873,0.3479284532182009,0.31395584508412216,0.3479284532182009
2023-10-13,3530.0,3577.0,3525.0,3570.85009765625,2890357,3570.85009765625,0.33243980777878296,0.352209283777317,0.3508286875850855,0.3661777189464775,0.21395528250304757,0.3661777189464775
2023-10-16,3566.0,3574.64990234375,3519.10009765625,3524.050048828125,1671104,3524.050048828125,0.3554151107615399,0.35070977976950074,0.346948193818508,0.3359987417882476,0.12370151106315683,0.3359987417882476
2023-10-17,3530.0,3534.14990234375,3503.35009765625,3507.050048828125,1672065,3507.050048828125,0.33243980777878296,0.3248683377532302,0.336589077131036,0.3250363042580203,0.12377264795956286,0.3250363042580203
2023-10-18,3511.0,3522.699951171875,3484.0,3487.25,1408245,3487.25,0.3203139534267723,0.3175625785113256,0.3238620981129361,0.31226825729485735,0.10424368228855613,0.31226825729485735
2023-10-19,3469.5,3476.85009765625,3451.89990234375,3455.64990234375,1514545,3455.64990234375,0.29382853471053855,0.2883076073735843,0.3027491674906922,0.291890957500403,0.11211241495032558,0.291890957500403
2023-10-20,3450.39990234375,3499.5,3444.050048828125,3494.550048828125,1481211,3494.550048828125,0.2816387977479666,0.302759610783219,0.29758614853526855,0.3169756884269708,0.10964490474762169,0.3169756884269708
2023-10-23,3473.0,3478.949951171875,3401.300048828125,3410.14990234375,1106272,3410.14990234375,0.29606224472275106,0.2896474405307864,0.26946854609784443,0.26255031587538286,0.08189048559925692,0.26255031587538286
2023-10-25,3390.5,3425.0,3377.199951171875,3390.10009765625,1518537,3390.10009765625,0.24341050872059958,0.2552241186792152,0.2536173890311419,0.24962121402950185,0.11240791806213915,0.24962121402950185
2023-10-26,3368.050048828125,3373.699951171875,3330.0,3336.75,1984471,3336.75,0.22908288566165713,0.2224915943033179,0.22257295716876502,0.21521844268902143,0.1468981352213949,0.21521844268902143
2023-10-27,3350.0,3362.0,3337.0,3350.949951171875,1108851,3350.949951171875,0.21756329286499798,0.21502631998723878,0.2271770090298637,0.22437527078631309,0.0820813930454912,0.22437527078631309
2023-10-30,3350.0,3382.85009765625,3333.75,3378.550048828125,910972,3378.550048828125,0.21756329286499798,0.22832993948396874,0.22503941352292503,0.24217317351483153,0.06743363245867769,0.24217317351483153
2023-10-31,3399.0,3399.0,3350.050048828125,3368.75,999811,3368.75,0.24883523303597277,0.2386345509650662,0.23576030925765765,0.23585361921650813,0.07400983510156513,0.23585361921650813
2023-11-01,3355.0,3371.60009765625,3311.0,3330.64990234375,1563475,3330.64990234375,0.22075430716815866,0.22115176114611582,0.21007624497435431,0.2112847991899081,0.11573440073715886,0.2112847991899081
2023-11-02,3343.199951171875,3375.949951171875,3343.199951171875,3360.10009765625,1245384,3360.10009765625,0.21322348225045037,0.2239272299708885,0.23125485142009114,0.23027573603498308,0.09218808802676465,0.23027573603498308
2023-11-03,3382.0,3387.89990234375,3344.300048828125,3350.89990234375,1402598,3350.89990234375,0.2379857844052264,0.23155201936114214,0.23197840951461232,0.22434299683620829,0.10382566974536692,0.22434299683620829
2023-11-06,3375.0,3392.300048828125,3359.0,3380.25,1099852,3380.25,0.23351836438080142,0.23435957813247726,0.24164688630760242,0.24326938578107368,0.08141525263887536,0.24326938578107368
2023-11-07,3378.0,3404.14990234375,3366.0,3370.449951171875,1191144,3370.449951171875,0.23543297296269786,0.24192049918248523,0.2462509381687011,0.23694983148275028,0.0881730357259709,0.23694983148275028
2023-11-08,3371.449951171875,3401.949951171875,3369.550048828125,3381.550048828125,992899,3381.550048828125,0.2312527130633083,0.24051679768503748,0.2485858822992897,0.2441077213142834,0.0734981824189861,0.2441077213142834
2023-11-09,3390.10009765625,3391.5,3342.050048828125,3347.449951171875,2112352,3347.449951171875,0.24315528990084484,0.23384909873983092,0.23049853570211631,0.2221182983536192,0.1563643760635373,0.2221182983536192
2023-11-10,3338.0,3347.449951171875,3322.35009765625,3333.449951171875,1338557,3333.449951171875,0.2099048585374123,0.20574251151499443,0.21754145043691284,0.21309040862284379,0.09908510992982245,0.21309040862284379
2023-11-13,3356.0,3356.0,3327.0,3331.550048828125,1030990,3331.550048828125,0.2213925100287908,0.21119795820705056,0.220599792085437,0.21186525799008543,0.0763178239600911,0.21186525799008543
2023-11-15,3383.10009765625,3413.0,3356.050048828125,3404.300048828125,2059802,3404.300048828125,0.23868786987641988,0.24756739511883874,0.23970663942431367,0.2587780421267935,0.15247442402801537,0.2587780421267935
2023-11-16,3430.050048828125,3529.35009765625,3414.199951171875,3497.85009765625,3951984,3497.85009765625,0.26865146302084975,0.3218057729502313,0.2779530917255207,0.3191037224931485,0.29254097440818694,0.3191037224931485
2023-11-17,3497.85009765625,3524.5,3492.550048828125,3502.449951171875,2021292,3502.449951171875,0.3119216481339578,0.31871111820066994,0.329485650715738,0.32206993465863293,0.14962376650398204,0.32206993465863293
2023-11-20,3491.25,3533.89990234375,3491.25,3519.60009765625,1475621,3519.60009765625,0.30770944692928753,0.32470882267905565,0.3286305803976454,0.33312919403917457,0.10923111156249195,0.33312919403917457
2023-11-21,3519.60009765625,3539.050048828125,3501.0,3510.199951171875,1807236,3510.199951171875,0.3258025603527068,0.32799492667291436,0.3350433669184615,0.3270675164738836,0.13377852249036284,0.3270675164738836
2023-11-22,3500.0,3532.64990234375,3481.10009765625,3530.14990234375,1798051,3530.14990234375,0.31329372195981875,0.3239112473081831,0.32195476942968654,0.339932227853458,0.13309861365218453,0.339932227853458
2023-11-23,3530.0,3544.0,3500.0,3508.25,2729804,3508.25,0.33243980777878296,0.3311532939862817,0.3343856452240188,0.32581009189102045,0.2020705352307515,0.32581009189102045
2023-11-24,3494.25,3504.550048828125,3453.0,3457.10009765625,1989733,3457.10009765625,0.309624055511184,0.305981846436832,0.3034727255852133,0.2928261148839271,0.14728764859172633,0.2928261148839271
2023-11-28,3457.10009765625,3481.25,3433.0,3470.14990234375,1689195,3470.14990234375,0.2859148815631981,0.2911150103684798,0.29031829169636,0.30124127186442046,0.12504067609216973,0.30124127186442046
2023-11-29,3481.0,3518.0,3475.800048828125,3513.75,1441634,3513.75,0.3011678676078081,0.3145637262721327,0.3184688123338233,0.32935676285668225,0.10671526380166826,0.32935676285668225
2023-11-30,3499.449951171875,3516.64990234375,3481.0,3487.60009765625,3266235,3487.60009765625,0.31294267922422203,0.3137022825610145,0.3218889330296081,0.31249401751168787,0.24177921002365504,0.31249401751168787
2023-12-01,3500.0,3516.949951171875,3490.050048828125,3511.64990234375,1172141,3511.64990234375,0.31329372195981875,0.3138937318053118,0.32784134647963137,0.32800251642350475,0.0867663609680066,0.32800251642350475
2023-12-04,3544.64990234375,3547.800048828125,3498.0,3512.449951171875,1625213,3512.449951171875,0.34178941736254564,0.33357795426902215,0.3330702018351335,0.32851842732347253,0.12030448368233593,0.32851842732347253
2023-12-05,3538.0,3538.0,3502.800048828125,3531.60009765625,1377656,3531.60009765625,0.33754543066384,0.3273249322060935,0.3362272980837754,0.3408673852369821,0.10197936748713687,0.3408673852369821
2023-12-06,3532.60009765625,3612.85009765625,3525.14990234375,3604.10009765625,1896572,3604.10009765625,0.3340991975409246,0.3750838077245175,0.3509272816086177,0.38761895705706917,0.14039151497457578,0.38761895705706917
2023-12-07,3605.0,3630.550048828125,3591.699951171875,3614.89990234375,1967653,3614.89990234375,0.38030502232619334,0.3863774438207848,0.39469869248909445,0.3945832031879736,0.14565320252237665,0.3945832031879736
2023-12-08,3633.0,3645.0,3602.050048828125,3626.699951171875,1641155,3626.699951171875,0.39817470242389325,0.39559738395278354,0.4015061762572103,0.4021924560192649,0.12148457151012454,0.4021924560192649
2023-12-11,3622.89990234375,3653.0,3615.0,3642.89990234375,1102503,3642.89990234375,0.3917287912070105,0.40070186632636784,0.41002364008492576,0.4126389826495244,0.08161148980055316,0.4126389826495244
2023-12-12,3638.949951171875,3698.39990234375,3631.0,3672.10009765625,2236866,3672.10009765625,0.4019719782824054,0.42966974148588294,0.4205471871960085,0.4314687071779784,0.16558137868486902,0.4314687071779784
2023-12-13,3643.550048828125,3650.0,3563.0,3593.550048828125,3850968,3593.550048828125,0.40490777376581133,0.39878768543627374,0.37582211197390697,0.3808157658088828,0.2850633836409122,0.3808157658088828
2023-12-14,3630.0,3678.0,3627.60009765625,3667.25,3290396,3667.25,0.3962600938419968,0.4166533737438188,0.4183109976655376,0.42834112526197,0.2435676996740879,0.42834112526197
2023-12-15,3666.699951171875,3895.949951171875,3666.699951171875,3861.0,8531230,3861.0,0.41968210766494723,0.5557185842538682,0.44402781957229465,0.5532806706432372,0.6315142817127692,0.5532806706432372
2023-12-18,3858.10009765625,3929.0,3830.14990234375,3859.199951171875,2521612,3859.199951171875,0.5418342286766857,0.5768065082150263,0.5515323984136318,0.5521199104767854,0.18665936693047772,0.5521199104767854
2023-12-19,3845.0,3855.10009765625,3790.0,3816.199951171875,2004435,3816.199951171875,0.5334737088779066,0.5296539145996172,0.5251249366123929,0.5243913920179751,0.14837594687576522,0.5243913920179751
2023-12-20,3827.25,3898.800048828125,3766.550048828125,3780.050048828125,2586083,3780.050048828125,0.5221456081016862,0.5575371184100335,0.5097013949930294,0.5010801540081412,0.19143175699103215,0.5010801540081412
2023-12-21,3756.25,3806.699951171875,3743.35009765625,3787.5,1517562,3787.5,0.4768332049968043,0.49877170277356836,0.49444228379727656,0.5058842495566661,0.11233574483217466,0.5058842495566661
2023-12-22,3800.0,3845.949951171875,3762.0,3824.0,2413058,3824.0,0.5047545801494604,0.5238155694189663,0.5067087291679981,0.5294212477833307,0.17862378456579547,0.5294212477833307
2023-12-26,3819.85009765625,3834.0,3790.14990234375,3795.550048828125,1285231,3795.550048828125,0.5174229692575064,0.5161907800287127,0.525223530635925,0.5110753176386426,0.09513771540563132,0.5110753176386426
2023-12-27,3799.0,3818.199951171875,3768.0,3811.199951171875,1293976,3811.199951171875,0.5041163772888282,0.5061093961855958,0.5106550593346542,0.5211671456855553,0.09578505376054358,0.5211671456855553
2023-12-28,3824.0,3838.0,3792.10009765625,3799.89990234375,1682889,3799.89990234375,0.5200714488046317,0.5187430212155049,0.5265062164013566,0.5138803174875061,0.12457388184790709,0.5138803174875061
2023-12-29,3792.0,3822.60009765625,3765.39990234375,3793.39990234375,1574996,3793.39990234375,0.4996489572644033,0.5089169549569309,0.5089449186984689,0.5096887972553603,0.11658722923194952,0.5096887972553603
2024-01-01,3790.0,3832.0,3773.0,3811.10009765625,825907,3811.10009765625,0.498372551543139,0.5149146594353167,0.5139436678068675,0.5211027552192488,0.061136795733622004,0.5211027552192488
2024-01-02,3811.10009765625,3811.10009765625,3767.25,3783.199951171875,1344068,3783.199951171875,0.5118386942269753,0.5015792615449035,0.5101617680638221,0.5031113662240045,0.09949305523272943,0.5031113662240045
2024-01-03,3767.0,3771.85009765625,3687.050048828125,3691.75,1803075,3691.75,0.4836938857485998,0.4765353948995055,0.45741252028483714,0.44413993229082704,0.1334705093520221,0.44413993229082704
2024-01-04,3701.75,3719.0,3651.0,3666.800048828125,3598144,3666.800048828125,0.44205114909235277,0.44281384590843836,0.4337016210848618,0.42805097457883284,0.2663483839562537,0.42805097457883284
2024-01-05,3675.0,3747.75,3674.85009765625,3737.89990234375,1963127,3737.89990234375,0.424979222570443,0.46115807943850695,0.4493883477279537,0.47389966296550057,0.14531817068769023,0.47389966296550057
2024-01-08,3737.89990234375,3739.75,3672.39990234375,3678.300048828125,1067805,3678.300048828125,0.46512212017970644,0.45605359706492266,0.4477768011153007,0.43546674114339834,0.0790430110997246,0.43546674114339834
2024-01-09,3709.949951171875,3752.35009765625,3682.75,3689.89990234375,1370944,3689.89990234375,0.4472843813872872,0.4640932191138938,0.45458428488341657,0.4429468981742705,0.10148251956967877,0.4429468981742705
2024-01-10,3690.0,3729.25,3688.0,3713.050048828125,1292227,3713.050048828125,0.43455226547992515,0.44935396394959326,0.4580373237792406,0.45787525315371597,0.09565558608956114,0.45787525315371597
2024-01-11,3724.0,3773.0,3707.0,3735.550048828125,1777909,3735.550048828125,0.45625116274141786,0.4772691019301324,0.4705340359736513,0.472384361649605,0.1316076257568566,0.472384361649605
2024-01-12,3848.0,3905.25,3821.60009765625,3882.800048828125,6813450,3882.800048828125,0.5353883174598031,0.5616525761684479,0.5459090063874155,0.5673384161393681,0.5043576345656918,0.5673384161393681
2024-01-15,3960.0,3965.0,3885.0,3903.800048828125,2801505,3903.800048828125,0.6068670378506026,0.5997766788961557,0.5876084975844464,0.5808802507355312,0.20737811755042726,0.5808802507355312
2024-01-16,3899.0,3899.0,3855.550048828125,3861.300048828125,1432672,3861.300048828125,0.5679366633520421,0.5576646993140851,0.5682386257984269,0.5534741569099629,0.1060518622765998,0.5534741569099629
2024-01-17,3819.0,3909.949951171875,3812.550048828125,3884.60009765625,3458696,3884.60009765625,0.516880434501471,0.5646514284076408,0.5399565929373922,0.5684991763058198,0.2560259095233428,0.5684991763058198
2024-01-18,3898.0,3908.800048828125,3862.0,3902.60009765625,2239110,3902.60009765625,0.56729846049141,0.5639177213770139,0.572480898612265,0.580106463102531,0.16574748814952575,0.580106463102531
2024-01-19,3945.0,3963.550048828125,3915.050048828125,3943.050048828125,2941975,3943.050048828125,0.5972939949411205,0.5988515226212314,0.6073730666177657,0.6061905844450266,0.21777624433310602,0.6061905844450266
2024-01-23,3900.0,3933.89990234375,3842.75,3858.25,2618854,3858.25,0.5685748662126743,0.5799329413582709,0.5598197559942436,0.5515073351604063,0.19385759177992065,0.5515073351604063
2024-01-24,3880.0,3883.64990234375,3805.60009765625,3841.800048828125,2657709,3841.800048828125,0.5558108090000314,0.5478704114491945,0.5353854592763327,0.5408995962135257,0.19673378752378756,0.5408995962135257
2024-01-25,3839.89990234375,3861.0,3778.699951171875,3810.300048828125,2205154,3810.300048828125,0.5302188119641846,0.5334184080395598,0.5176926493498736,0.520586844319281,0.1632339351272958,0.520586844319281
2024-01-29,3800.800048828125,3820.0,3780.85009765625,3801.0,1646747,3801.0,0.5052651736002152,0.5072579358749402,0.5191068473388767,0.5145897146541996,0.12189851274290549,0.5145897146541996
2024-01-30,3807.449951171875,3847.800048828125,3787.0,3800.550048828125,1411621,3800.550048828125,0.5095091602989208,0.5249960432784335,0.5231517715290649,0.5142995639710624,0.10449358672379727,0.5142995639710624
2024-01-31,3811.199951171875,3834.0,3796.449951171875,3815.949951171875,2459358,3815.949951171875,0.5119024210262912,0.5161907800287127,0.529367209426231,0.5242301797013542,0.18205108769128867,0.5242301797013542
2024-02-01,3820.0,3904.89990234375,3805.050048828125,3854.14990234375,2363107,3854.14990234375,0.5175186373621031,0.5614291927540278,0.5350236802290721,0.5488633901942609,0.1749262204530199,0.5488633901942609
2024-02-02,3875.050048828125,3984.39990234375,3872.0,3966.300048828125,2826510,3966.300048828125,0.5526517360021515,0.6121549863415218,0.5790581155566917,0.6211833298907786,0.20922908330967038,0.6211833298907786
2024-02-05,3983.0,4022.0,3962.10009765625,3973.300048828125,1691523,3973.300048828125,0.6215457036451417,0.6361461158079439,0.6383189044566104,0.6256972747561663,0.12521300355817724,0.6256972747561663
2024-02-06,3997.0,4149.89990234375,3990.0,4136.0,4474396,4136.0,0.6304805436939916,0.7177539654450471,0.6566692755009267,0.7306142189263259,0.33121190918993954,0.7306142189263259
2024-02-07,4153.0,4155.0,4073.949951171875,4083.39990234375,2124267,4083.39990234375,0.7300401899526053,0.7210081352687829,0.7118849796340716,0.6966950845357085,0.15724636994561617,0.6966950845357085
2024-02-08,4090.0,4158.0,4086.050048828125,4134.10009765625,2345173,4134.10009765625,0.6898334097327806,0.722922316158877,0.7198434763674622,0.7293890682935676,0.1735986771646269,0.7293890682935676
2024-02-09,4136.5498046875,4184.75,4100.0,4133.7001953125,2100596,4133.7001953125,0.7195416282462105,0.7399904290955496,0.7290186618896203,0.7291311915605352,0.15549415196972957,0.7291311915605352
2024-02-12,4130.0,4159.60009765625,4105.5498046875,4120.7001953125,1013716,4120.7001953125,0.7153615241580662,0.7239432749441698,0.7326688888325087,0.7207481510962438,0.07503913639659715,0.7207481510962438
2024-02-13,4125.4501953125,4170.0,4081.5,4149.5,1257415,4149.5,0.7124578257911861,0.7305790397192534,0.7168508105424309,0.7393196840238594,0.09307866867261365,0.7393196840238594
2024-02-14,4107.0,4114.89990234375,4049.5,4100.10009765625,1391283,4100.10009765625,0.700682858363527,0.6954218550606157,0.6958037163202655,0.707464193233113,0.10298809015865082,0.707464193233113
2024-02-15,4128.0,4146.2998046875,4083.0,4103.2001953125,1091582,4103.2001953125,0.7140851184368019,0.7154568860663583,0.7178373930840949,0.7094632889327744,0.08080307560112528,0.7094632889327744
2024-02-16,4113.25,4147.9501953125,4100.10009765625,4128.2998046875,1307556,4128.2998046875,0.7046716262424778,0.7165099347982135,0.7290844982896988,0.7256487536272771,0.09679029731225411,0.7256487536272771
2024-02-19,4123.0498046875,4128.2998046875,4055.0,4103.7998046875,772291,4103.7998046875,0.7109258896276766,0.7039718007257936,0.6994211856397002,0.7098499465984202,0.05716793430000554,0.7098499465984202
2024-02-20,4082.10009765625,4098.0,4010.0,4030.64990234375,1193648,4030.64990234375,0.6847916694582848,0.6846386983569948,0.6698237093897801,0.6626792857286796,0.08835839138528484,0.6626792857286796
2024-02-21,4013.0,4063.35009765625,3980.60009765625,3991.5,1885939,3991.5,0.6406917894641059,0.6625299713869836,0.6504867558037998,0.6374334999193938,0.13960441963692202,0.6374334999193938
2024-02-22,3971.0,4094.949951171875,3971.0,4087.10009765625,2982052,4087.10009765625,0.6138872693175561,0.6826925832967778,0.644172563306516,0.6990811527688215,0.22074289719186177,0.6990811527688215
2024-02-23,4130.0,4130.0,4046.39990234375,4052.10009765625,2538072,4052.10009765625,0.7153615241580662,0.7050566278513319,0.693764714836859,0.676511428441883,0.1878777990999295,0.676511428441883
2024-02-26,4036.0,4050.0,3982.75,4001.050048828125,1379284,4001.050048828125,0.6553704552586451,0.6540118041154889,0.6519007932162173,0.6435918419010962,0.10209987827522117,0.6435918419010962
2024-02-27,3999.0,4124.0,3999.0,4104.39990234375,2960475,4104.39990234375,0.631756949415256,0.7012282660711437,0.6625887707509107,0.7102369191318717,0.21914568510679122,0.7102369191318717
2024-02-28,4095.60009765625,4154.89990234375,4089.0,4118.9501953125,1939225,4118.9501953125,0.6934074080768187,0.7209442669285372,0.7217837232507509,0.7196196648798968,0.14354885320808897,0.7196196648798968
2024-02-29,4099.0,4138.10009765625,4064.550048828125,4095.10009765625,3772719,4095.10009765625,0.6955772354784698,0.7102249785651619,0.7057024599369448,0.7042399469006932,0.2792710933111775,0.7042399469006932
2024-03-01,4107.2001953125,4140.0,4086.800048828125,4094.35009765625,2043265,4094.35009765625,0.7008106235846496,0.7114372308183123,0.7203367676382941,0.7037563099508303,0.151250292023992,0.7037563099508303
2024-03-04,4105.0,4117.89990234375,4075.89990234375,4080.699951171875,1749271,4080.699951171875,0.6994064526422626,0.6973360359507098,0.7131675048229178,0.6949540230029825,0.12948773143919196,0.6949540230029825
2024-03-05,4062.0,4064.0,3980.0,4012.10009765625,2070859,4012.10009765625,0.6719637296350807,0.6629446482692615,0.6500920585565,0.6507174577825245,0.15329290546772548,0.6507174577825245
2024-03-06,3994.050048828125,4072.0,3958.449951171875,4064.300048828125,1744204,4064.300048828125,0.628597876417376,0.6680491306428458,0.6359181239259434,0.6843785580062067,0.12911265271485342,0.6843785580062067
2024-03-07,4065.0,4124.0,4037.699951171875,4108.60009765625,2688905,4108.60009765625,0.6738783382169772,0.7012282660711437,0.6880425682105249,0.7129454119982267,0.1990430347873488,0.7129454119982267
2024-03-11,4089.0,4153.0,4089.0,4122.35009765625,2304068,4122.35009765625,0.6891952068721484,0.7197320146753868,0.7217837232507509,0.7218120894123811,0.17055592781314965,0.7218120894123811
2024-03-12,4122.35009765625,4229.9501953125,4121.0498046875,4192.25,4039801,4192.25,0.7104793345987284,0.7688308791274525,0.74286357509637,0.7668869901660487,0.29904152470130646,0.7668869901660487
2024-03-13,4205.0,4241.0,4131.89990234375,4149.0,2837260,4149.0,0.7632267387054765,0.7758813207848142,0.7499999197117072,0.7389972593906174,0.21002483943491987,0.7389972593906174
2024-03-14,4153.4501953125,4225.0,4086.0,4207.60009765625,2919608,4207.60009765625,0.7303275058888861,0.7656723560376456,0.7198105581674229,0.7767854893801387,0.21612055342580785,0.7767854893801387
2024-03-15,4192.60009765625,4239.0,4177.0,4219.25,3373143,4219.25,0.7553130855581361,0.7746052001914181,0.7796632323617059,0.7842979203611156,0.2496929491713921,0.7842979203611156
2024-03-18,4215.25,4254.75,4117.85009765625,4152.5,1526904,4152.5,0.769768318026956,0.7846546498644121,0.7407590583660562,0.7412542318233113,0.11302727541097288,0.7412542318233113
2024-03-19,4051.25,4058.0,3966.60009765625,3977.300048828125,8931209,3977.300048828125,0.6651030488832852,0.6591162864890732,0.6412786520816024,0.6282766718221022,0.6611222574542732,0.6282766718221022
2024-03-20,3986.0,4018.0,3960.199951171875,3970.89990234375,1817913,3970.89990234375,0.6234603122270381,0.6335938746211517,0.637069136891218,0.624149542056263,0.1345688748763432,0.624149542056263
2024-03-21,3990.050048828125,4008.39990234375,3948.0,3972.949951171875,3829582,3972.949951171875,0.6260450649748474,0.6274684334622747,0.6290449643343345,0.6254715145393358,0.28348031010653213,0.6254715145393358
2024-03-22,3897.0,3938.0,3855.0,3910.89990234375,5852485,3910.89990234375,0.5666602576307779,0.5825490508853086,0.5678768467511663,0.5854585860672256,0.4332233289935632,0.5854585860672256
2024-03-26,3875.0,3946.699951171875,3871.449951171875,3877.5,3440925,3877.5,0.5526197946968707,0.5881001443112936,0.5786963365094312,0.5639206835402225,0.2547104321185234,0.5639206835402225
2024-03-27,3888.5,3895.0,3829.39990234375,3840.89990234375,1968575,3840.89990234375,0.5612355333154047,0.555112458127293,0.5510391071427998,0.5403191374133484,0.1457214524895841,0.5403191374133484
2024-03-28,3850.10009765625,3915.0,3840.5,3876.300048828125,4311783,3876.300048828125,0.5367286057916286,0.5678736640612538,0.5583398821817477,0.5631468959072223,0.319174672836898,0.5631468959072223
2024-04-01,3897.699951171875,3933.300048828125,3888.050048828125,3916.75,1569676,3916.75,0.5671069684709713,0.5795501986461158,0.5896145808678137,0.5892310172497178,0.11619342247973302,0.5892310172497178
2024-04-02,3890.0,3909.85009765625,3873.0,3883.800048828125,2142666,3883.800048828125,0.5621928376063529,0.5645877158438347,0.5797158372511344,0.567983265405852,0.1586083343129153,0.567983265405852
2024-04-03,3851.0,3981.0,3851.0,3947.300048828125,3973090,3947.300048828125,0.5373029260416995,0.6099856436433243,0.5652459599733957,0.6089311938275834,0.2941033212713977,0.6089311938275834
2024-04-04,3975.89990234375,4028.64990234375,3935.25,4003.300048828125,3394637,4003.300048828125,0.6170144010101555,0.64038915447041,0.6206590127301905,0.6450427527506851,0.25128401727893745,0.6450427527506851
2024-04-05,3978.0,4002.0,3960.5,3979.25,1636819,3979.25,0.618354689341981,0.6233849098739831,0.637266485514868,0.6295340964049654,0.12116360420230297,0.6295340964049654
2024-04-08,3983.0,4032.64990234375,3960.0,3972.550048828125,2302538,3972.550048828125,0.6215457036451417,0.6429413956572021,0.6369376246676466,0.6252136378063033,0.1704426713599746,0.6252136378063033
2024-04-09,3984.0,4015.85009765625,3925.050048828125,3946.550048828125,1876992,3946.550048828125,0.6221839065057739,0.6322221072938268,0.6139502835621924,0.6084475568777205,0.13894212846923762,0.6084475568777205
2024-04-10,3956.39990234375,3990.199951171875,3918.0,3984.64990234375,2101965,3984.64990234375,0.6045694452278287,0.6158557672176583,0.6093133135010546,0.6330162194704175,0.1555954905869823,0.6330162194704175
2024-04-12,3971.0,4013.35009765625,3945.5,4001.39990234375,4354821,4001.39990234375,0.6138872693175561,0.6306269565520817,0.6274006600982279,0.6438174446840239,0.32236051024326895,0.6438174446840239
2024-04-15,4001.39990234375,4064.199951171875,3919.050048828125,3941.199951171875,4200329,3941.199951171875,0.633288573956275,0.6630722291733131,0.6100039533955364,0.6049975503284701,0.3109244213779624,0.6049975503284701
2024-04-16,3902.0,3928.699951171875,3862.85009765625,3872.800048828125,3051420,3872.800048828125,0.5698512719339385,0.576615058970729,0.5730400262831755,0.5608899234745285,0.22587778192640195,0.5608899234745285
2024-04-18,3876.800048828125,3936.0,3850.0,3862.0,3476284,3862.0,0.5537685910082577,0.5812729302919126,0.564588238278953,0.553925519909721,0.2573278405680766,0.553925519909721
2024-04-19,3838.0,3852.550048828125,3800.89990234375,3826.199951171875,2957749,3826.199951171875,0.5290062888534817,0.5280268296877493,0.5322940388511838,0.5308398846828147,0.21894389615819307,0.5308398846828147
2024-04-22,3837.0,3878.0,3812.0,3864.60009765625,1728883,3864.60009765625,0.5283680859928495,0.5442654330834263,0.5395948138901315,0.5556021909761406,0.12797853368276527,0.5556021909761406
2024-04-23,3877.050048828125,3895.0,3860.60009765625,3874.699951171875,1807586,3874.699951171875,0.5539281417234158,0.555112458127293,0.5715601524706795,0.5621150741072868,0.13380443082932444,0.5621150741072868
2024-04-24,3890.0,3898.0,3824.449951171875,3831.050048828125,1317312,3831.050048828125,0.5621928376063529,0.5570266390173871,0.5477834168706257,0.5339674665988231,0.09751247375485263,0.5339674665988231
2024-04-25,3811.199951171875,3873.64990234375,3811.0,3852.199951171875,2856271,3852.199951171875,0.5119024210262912,0.5414898084822141,0.5389370921956889,0.5476059656113977,0.21143210638348903,0.5476059656113977
2024-04-26,3855.14990234375,3876.800048828125,3802.550048828125,3821.35009765625,2039178,3821.35009765625,0.5399514055888247,0.5434997918826766,0.5333793759929655,0.5277124602007094,0.150947756648746,0.5277124602007094
2024-04-29,3838.0,3877.800048828125,3819.199951171875,3870.199951171875,1110693,3870.199951171875,0.5290062888534817,0.5441378521793747,0.5443303779748017,0.5592132524081089,0.08221774493225488,0.5592132524081089
2024-04-30,3872.0,3881.75,3810.0,3820.64990234375,2203078,3820.64990234375,0.5507051861149743,0.546658159196044,0.5382793705012462,0.5272609397670482,0.16308026166534065,0.5272609397670482
2024-05-02,3778.050048828125,3871.10009765625,3778.050048828125,3863.300048828125,2491044,3863.300048828125,0.49074605852083397,0.5398628793467858,0.5172651944791201,0.5547638554429308,0.18439660662939616,0.5547638554429308
2024-05-03,3890.14990234375,3893.60009765625,3797.60009765625,3843.39990234375,2962234,3843.39990234375,0.5622885057109496,0.5542192360224917,0.5301236857207914,0.5419312605795583,0.2192758930160297,0.5419312605795583
2024-05-06,3853.0,3939.949951171875,3853.0,3921.050048828125,2053831,3921.050048828125,0.5385793317629637,0.5837932373085819,0.566561403362281,0.5920039005823795,0.15203242776533027,0.5920039005823795
2024-05-07,3930.800048828125,3988.0,3913.5,3978.949951171875,2062112,3978.949951171875,0.5882315454823932,0.6144520657202106,0.6063535658760625,0.6293406101382396,0.152645419065162,0.6293406101382396
2024-05-08,3961.0,3984.300048828125,3938.60009765625,3976.949951171875,1247685,3976.949951171875,0.6075052407112347,0.6120912737777158,0.6228624446372077,0.6280509116052716,0.09235841684948085,0.6280509116052716
2024-05-09,3962.0,3971.0,3910.050048828125,3960.199951171875,1726486,3960.199951171875,0.6081434435718669,0.6036050406763439,0.6040844581455524,0.6172496863916653,0.12780109857279104,0.6172496863916653
2024-05-10,3962.60009765625,3973.60009765625,3885.050048828125,3893.89990234375,1672489,3893.89990234375,0.6085264276127442,0.6052640597583346,0.5876414157844857,0.5744961485369983,0.1238040340616192,0.5744961485369983
2024-05-13,3884.5,3955.0,3870.0,3947.800048828125,931326,3947.800048828125,0.558682721872876,0.5933960759291753,0.5777426721678064,0.6092536184608254,0.0689403134050338,0.6092536184608254
2024-05-14,3936.0,3945.800048828125,3892.89990234375,3901.199951171875,1058317,3901.199951171875,0.5915501691954312,0.5875259523548413,0.5928044347399093,0.5792035796691117,0.07834067304238812,0.5792035796691117
2024-05-15,3904.5,3926.949951171875,3875.5,3880.39990234375,1115021,3880.39990234375,0.5714467790855189,0.5754984534515074,0.581360141487241,0.5657906834394648,0.0825381200494716,0.5657906834394648
2024-05-16,3891.10009765625,3909.5,3843.5,3900.949951171875,2599399,3900.949951171875,0.5628949230775463,0.5643643324294145,0.5603130472650757,0.5790423673524907,0.19241745825278309,0.5790423673524907
2024-05-17,3919.0,3920.0,3830.0,3834.10009765625,2765804,3834.10009765625,0.5807007205646849,0.5710639655447439,0.5514338043900996,0.5359342883483799,0.20473539295251728,0.5359342883483799
2024-05-21,3830.60009765625,3844.75,3810.050048828125,3820.199951171875,1908117,3820.199951171875,0.5242836500093019,0.5230499282182166,0.5383122887012854,0.526970789083911,0.14124612004118092,0.526970789083911
2024-05-22,3835.0,3841.25,3817.550048828125,3832.0,1311168,3832.0,0.5270916802715853,0.5208167171797735,0.5432452014096055,0.5345800419152024,0.09705767137033794,0.5345800419152024
2024-05-23,3840.949951171875,3905.0,3825.5,3893.449951171875,2095742,3893.449951171875,0.5308889561300975,0.5614930610942734,0.5484740567651076,0.5742059978538611,0.15513484032024483,0.5742059978538611
2024-05-24,3878.25,3883.800048828125,3844.300048828125,3849.5,1309452,3849.5,0.5546939539939252,0.5479662139595629,0.5608392567359469,0.5458649040786716,0.09693064648560044,0.5458649040786716
2024-05-27,3855.0,3908.35009765625,3841.35009765625,3847.050048828125,1841538,3847.050048828125,0.539855737484228,0.5636306253987877,0.5588990098526582,0.5442850548625665,0.13631768775625197,0.5442850548625665
2024-05-28,3858.0,3870.0,3830.0,3839.89990234375,1801993,3839.89990234375,0.5417703460661244,0.539160950709842,0.5514338043900996,0.5396742881468645,0.13339041557271789,0.5396742881468645
2024-05-29,3848.89990234375,3848.89990234375,3800.0,3803.64990234375,1568095,3803.64990234375,0.5359626377098738,0.5256978161389376,0.5317021535568195,0.5162985022368209,0.11607639081145214,0.5162985022368209
2024-05-30,3777.0,3794.39990234375,3715.449951171875,3736.10009765625,2919230,3736.10009765625,0.4900759143549212,0.49092352996889455,0.4760917521763747,0.4727390602329518,0.21609257241972932,0.4727390602329518
2024-05-31,3740.0,3749.800048828125,3653.75,3670.949951171875,10956800,3670.949951171875,0.46646240851153203,0.46246613420202587,0.4355103557445792,0.43072703606118007,0.8110642523845295,0.43072703606118007
2024-06-03,3732.800048828125,3751.550048828125,3696.0,3702.85009765625,2156773,3702.85009765625,0.4618673790772297,0.4635827397212474,0.463299097334782,0.45129782212236014,0.15965258842071944,0.45129782212236014
2024-06-04,3700.0,3745.0,3591.5,3715.0,3395997,3715.0,0.4409342940862465,0.45940341362258735,0.394567180265523,0.45913267773657906,0.25138468968175975,0.45913267773657906
2024-06-05,3716.0,3783.800048828125,3700.0,3746.449951171875,2799670,3746.449951171875,0.45114553985636074,0.48416018428975915,0.4659299841125526,0.479413155680719,0.2072422838304428,0.479413155680719
2024-06-06,3781.0,3839.89990234375,3741.5,3830.39990234375,4328036,3830.39990234375,0.49262872579744976,0.5199552734686553,0.4932254344319234,0.5335482201152668,0.3203777820744496,0.5335482201152668
2024-06-07,3837.300048828125,3915.0,3837.300048828125,3893.949951171875,4552445,3893.949951171875,0.5285595780132882,0.5678736640612538,0.5562352048748482,0.574528422487103,0.3369893947545533,0.574528422487103
2024-06-10,3895.0,3905.89990234375,3841.89990234375,3858.699951171875,1734661,3858.699951171875,0.5653838519095136,0.5620672530507258,0.5592606283233331,0.5517974858435435,0.12840624334710868,0.5517974858435435
2024-06-11,3845.0,3879.949951171875,3841.0,3852.10009765625,1419898,3852.10009765625,0.5334737088779066,0.5455096195066996,0.558668743028969,0.547541575145091,0.10510628192832658,0.547541575145091
2024-06-12,3874.39990234375,3893.5,3827.449951171875,3831.64990234375,2177001,3831.64990234375,0.5522368106559934,0.5541553676822459,0.5497565819539537,0.5343542816983717,0.1611499423650494,0.5343542816983717
2024-06-13,3856.800048828125,3890.0,3852.0,3878.14990234375,1932323,3878.14990234375,0.5410045337956149,0.5519221566438028,0.5659036816678383,0.5643397725898759,0.143037940763766,0.5643397725898759
2024-06-14,3889.0,3889.0,3828.0,3832.050048828125,1860730,3832.050048828125,0.5615546347457208,0.5512840963471048,0.5501183610012143,0.5346123158653071,0.13773835301725554,0.5346123158653071
2024-06-18,3826.050048828125,3842.0,3795.050048828125,3815.10009765625,1774045,3815.10009765625,0.5213797958311767,0.5212952624022971,0.5284464632846454,0.5236821522851846,0.1313215976947204,0.5236821522851846
2024-06-19,3827.64990234375,3833.85009765625,3792.949951171875,3801.699951171875,1509050,3801.699951171875,0.5224008269214409,0.5160951332947838,0.5270651834956817,0.5150410776539578,0.11170565402862827,0.5150410776539578
2024-06-20,3796.0,3809.949951171875,3780.050048828125,3787.25,2846526,3787.25,0.5022017687069318,0.500845398737837,0.5185806378680055,0.5057230372400452,0.21071074420297214,0.5057230372400452
2024-06-21,3827.0,3877.800048828125,3798.050048828125,3810.75,4642195,3810.75,0.5219860573865281,0.5441378521793747,0.5304196283679734,0.5208769950024181,0.34363303310256654,0.5208769950024181
2024-06-24,3808.75,3857.0,3791.300048828125,3816.800048828125,1702154,3816.800048828125,0.5103388551799916,0.5308661668527676,0.5259800069304854,0.5247783645514267,0.1259999508481798,0.5247783645514267
2024-06-25,3817.0,3847.64990234375,3792.89990234375,3838.449951171875,1338808,3838.449951171875,0.5156040287802067,0.5249002407680651,0.5270322652956424,0.5387392881972433,0.09910368991004921,0.5387392881972433
2024-06-26,3844.5,3866.949951171875,3841.0,3855.85009765625,1639845,3855.85009765625,0.5331546074475906,0.5372148356496251,0.558668743028969,0.5499597598944059,0.1213876002985825,0.5499597598944059
2024-06-27,3831.0,3942.0,3818.10009765625,3934.14990234375,4526556,3934.14990234375,0.5245388688290566,0.5851012920721008,0.5436069804568661,0.6004513315129776,0.3350729919334757,0.6004513315129776
2024-06-28,3917.800048828125,3960.0,3897.85009765625,3904.14990234375,2731571,3904.14990234375,0.5799349082941754,0.5965863774126655,0.596060285588669,0.5811058535184588,0.20220133533059484,0.5811058535184588
2024-07-01,3884.0,4001.699951171875,3884.0,3978.199951171875,2658723,3978.199951171875,0.55836362044256,0.6231934606296857,0.5869507758900038,0.6288569731883766,0.19680884768295062,0.6288569731883766
2024-07-02,3993.60009765625,4023.39990234375,3982.550048828125,4017.39990234375,2307449,4017.39990234375,0.6283107162923406,0.6370393379127453,0.6517692809926459,0.6541350329477672,0.1708062023675188,0.6541350329477672
2024-07-03,4020.0,4026.10009765625,3955.0,3965.25,1821198,3965.25,0.6451592094885309,0.6387622253349816,0.6336490161954332,0.6205062066741899,0.13481204314345432,0.6205062066741899
2024-07-04,3999.85009765625,4047.35009765625,3982.10009765625,4020.949951171875,2518001,4020.949951171875,0.6322994841712914,0.652321006639815,0.6514733383454638,0.6564242793305659,0.18639206689621948,0.6564242793305659
2024-07-05,4010.0,4026.75,3988.0,4011.800048828125,1668616,4011.800048828125,0.6387771808822095,0.6391769022172595,0.6553538321120413,0.6505239715157988,0.12351733978505258,0.6505239715157988
2024-07-08,4022.0,4031.25,3978.050048828125,3993.199951171875,1758882,3993.199951171875,0.6464356152097952,0.6420481735524007,0.6488095333676539,0.638529712185636,0.1301991744270778,0.638529712185636
2024-07-09,3985.0,4006.949951171875,3975.10009765625,3985.5,1305801,3985.5,0.622822109366406,0.6265432771873505,0.6468692864843651,0.6335644043204901,0.09666038549831803,0.6335644043204901
2024-07-10,3983.699951171875,4003.300048828125,3902.0,3909.14990234375,2669716,3909.14990234375,0.6219924144853352,0.6242144194149785,0.5987897663899718,0.5843300998508786,0.19762259159782203,0.5843300998508786
2024-07-11,3931.0,3980.0,3895.60009765625,3923.699951171875,4872189,3923.699951171875,0.5883591548922705,0.6093475833466263,0.5945804117761729,0.5937126881650008,0.3606580688486719,0.5937126881650008
2024-07-12,3980.0,4199.9501953125,3971.300048828125,4183.9501953125,13509164,4183.9501953125,0.6196310950632453,0.7496890702265114,0.6443699119301659,0.7615348672013542,1.0,0.7615348672013542
2024-07-15,4235.7001953125,4240.0,4157.0498046875,4169.2001953125,4848030,4169.2001953125,0.7828196911758795,0.7752432604881161,0.7665415560963061,0.7520233405207157,0.3588697272458903,0.7520233405207157
2024-07-16,4172.0,4194.5498046875,4144.89990234375,4178.4501953125,2029521,4178.4501953125,0.742166044304616,0.7462432953820386,0.7585503017394619,0.7579881962356924,0.15023290856488233,0.7579881962356924
2024-07-18,4160.0,4325.0,4160.0,4315.5498046875,5613364,4315.5498046875,0.7345076099770304,0.8294783857074494,0.7684819635561805,0.8463967787763985,0.4155226777911646,0.8463967787763985
2024-07-19,4317.39990234375,4358.75,4285.25,4302.39990234375,3903354,4302.39990234375,0.8349606779160308,0.8510129207210081,0.8508616057851247,0.8379170738956956,0.288941195769035,0.8379170738956956
2024-07-22,4299.9501953125,4319.9501953125,4265.0,4287.35009765625,1896386,4287.35009765625,0.8238242249714943,0.826256305830276,0.8375427414726607,0.8282122183822344,0.14037774654301333,0.8282122183822344
2024-07-23,4283.0,4361.7001953125,4266.2998046875,4302.35009765625,2365208,4302.35009765625,0.8130065618347834,0.852895323217419,0.8383976512141678,0.8378849573794938,0.17508174451061517,0.8378849573794938
2024-07-24,4287.5,4339.10009765625,4268.10009765625,4306.25,1809793,4306.25,0.815878474707628,0.8384750982014675,0.8395817429560672,0.8403998065452201,0.1339678014124338,0.8403998065452201
2024-07-25,4295.0,4343.0,4274.2001953125,4322.5,2810342,4322.5,0.820664996162369,0.840963471048014,0.8435939095228017,0.8508786071255844,0.20803226609729514,0.8508786071255844
2024-07-26,4350.0,4422.4501953125,4337.0498046875,4387.85009765625,3552210,4387.85009765625,0.8557661534971367,0.8916574862418248,0.8849314610959865,0.8930195696638723,0.2629481735509318,0.8930195696638723
2024-07-29,4415.0,4431.0,4371.0,4381.10009765625,1746803,4381.10009765625,0.8972493394382257,0.8971127771574414,0.9072612410835836,0.8886668371151056,0.1293050406375998,0.8886668371151056
2024-07-30,4391.10009765625,4398.0,4327.2998046875,4365.35009765625,1797906,4365.35009765625,0.8819963533936157,0.8760567873664061,0.8785186745751705,0.8785104611679833,0.1330878801974719,0.8785104611679833
2024-07-31,4350.0,4414.0,4345.0,4385.35009765625,2330091,4385.35009765625,0.8557661534971367,0.8862657521135747,0.8901604770280742,0.8914074464976625,0.17248224982685828,0.8914074464976625
2024-08-01,4399.39990234375,4419.2998046875,4365.0498046875,4397.10009765625,2202244,4397.10009765625,0.8872933124878662,0.8896473470649227,0.9033476685403813,0.8989844253788489,0.1630185257947864,0.8989844253788489
2024-08-02,4365.0,4398.0,4270.0,4283.0498046875,2811282,4283.0498046875,0.8653391964066187,0.8760567873664061,0.8408313499448741,0.8254391776156699,0.20810184849336347,0.8254391776156699
2024-08-05,4239.0,4239.0,4110.5,4155.0498046875,2787771,4155.0498046875,0.7849256359669693,0.7746052001914181,0.7359247396812684,0.7428984715057231,0.2063614743295736,0.7428984715057231
2024-08-06,4170.9501953125,4258.25,4160.7998046875,4171.2001953125,2203067,4171.2001953125,0.7414960559499485,0.7868878609028553,0.7690080124504661,0.7533130390536837,0.163079447403259,0.7533130390536837
2024-08-07,4228.0,4244.9501953125,4180.2998046875,4200.4501953125,1237666,4200.4501953125,0.7779054045000158,0.7784017835779231,0.7818335854920981,0.7721748800983396,0.09161677214074831,0.7721748800983396
2024-08-08,4181.0,4232.0,4160.0,4172.5498046875,2441283,4172.5498046875,0.7479098700503052,0.7701387781145318,0.7684819635561805,0.7541833336691923,0.18071310704348545,0.7541833336691923
2024-08-09,4217.0,4253.64990234375,4205.5498046875,4228.75,1302536,4228.75,0.7708851730330623,0.7839527212274685,0.7984410582767756,0.7904239883927132,0.09641869770771899,0.7904239883927132
2024-08-12,4230.0,4239.0,4186.35009765625,4195.64990234375,936912,4195.64990234375,0.77918181022128,0.7746052001914181,0.785812994435379,0.7690794146985329,0.06935381049486111,0.7690794146985329
2024-08-13,4213.0,4234.0,4183.0,4196.9501953125,1495593,4196.9501953125,0.7683323615905336,0.7714148987079279,0.7836095625283619,0.7699179076656456,0.11070951540746711,0.7699179076656456
2024-08-14,4209.0,4306.2001953125,4188.14990234375,4295.25,3226545,4295.25,0.7657795501480051,0.8174829767506779,0.7869967650241073,0.8333064646138965,0.23884120438540832,0.8333064646138965
2024-08-16,4350.0,4427.0,4325.10009765625,4416.0498046875,3457058,4416.0498046875,0.8557661534971367,0.8945605359706492,0.8770718795392993,0.9112041300580365,0.2559046584970025,0.9112041300580365
2024-08-19,4421.0,4494.25,4390.35009765625,4490.0,2055210,4490.0,0.9010785566020185,0.9374700909235922,0.9199882201016835,0.9588908592616476,0.15213450662083902,0.9588908592616476
2024-08-20,4505.0,4565.0,4500.0,4523.2998046875,2212298,4523.2998046875,0.9546875968951182,0.9826128569149785,0.992107339666688,0.9803642138884411,0.1637627613374151,0.9803642138884411
2024-08-21,4518.0,4560.0,4492.5498046875,4551.5,1896990,4551.5,0.962984234083336,0.9794225554314883,0.9872071845818217,0.9985490891504111,0.1404224569336785,0.9985490891504111
2024-08-22,4560.0,4560.9501953125,4497.2001953125,4502.0,1829872,4502.0,0.9897887542298858,0.9800288373345031,0.990265847383517,0.9666290504594551,0.13545412580674868,0.9666290504594551
2024-08-23,4500.0,4506.0,4455.0,4463.89990234375,1809253,4463.89990234375,0.9514965825919575,0.9449672994097942,0.9625098634167678,0.942060230432855,0.1339278285466073,0.942060230432855
2024-08-26,4489.0,4552.14990234375,4485.0,4502.4501953125,1844164,4502.4501953125,0.9444763511250039,0.9744137197918328,0.9822415142500479,0.9669193585764952,0.13651207432228968,0.9669193585764952
2024-08-27,4505.0,4510.0,4486.7998046875,4497.14990234375,930697,4497.14990234375,0.9546875968951182,0.9475195405965864,0.9834252848387763,0.9635014685434468,0.0688937524187285,0.9635014685434468
2024-08-28,4498.75,4562.5,4457.2998046875,4506.0498046875,1848058,4506.0498046875,0.9506988290161673,0.9810177061732334,0.9640224948527175,0.9692405640415928,0.136800323099194,0.9692405640415928
2024-08-29,4460.0,4556.0,4460.0,4511.7998046875,2133641,4511.7998046875,0.9259684681666719,0.9768703142446962,0.9657984718889812,0.9729484473238755,0.15794026928683375,0.9729484473238755
2024-08-30,4500.0,4592.25,4487.7998046875,4553.75,3637222,4553.75,0.9514965825919575,1.0,0.984083006533219,1.0,0.2692410870132304,1.0
2024-09-02,4576.0,4588.0,4512.0,4521.0498046875,1216500,4521.0498046875,1.0,0.9972882437390334,1.0,0.9789133030388522,0.09004998384800125,0.9789133030388522
2024-09-03,4521.0498046875,4555.89990234375,4495.89990234375,4512.35009765625,1717263,4512.35009765625,0.9649306281592678,0.9768064459044504,0.9894106164888388,0.9733033033411252,0.12711837682923977,0.9733033033411252
2024-09-04,4476.9501953125,4487.0,4436.7001953125,4479.25,1265505,4479.25,0.9367861313033828,0.9328441537725315,0.9504736848697355,0.9519587296469451,0.0936775214217549,0.9519587296469451
2024-09-05,4481.0,4499.0,4454.14990234375,4475.9501953125,1688793,4475.9501953125,0.9393707282399468,0.940500877332908,0.9619507357458573,0.9498308530146703,0.12501091851427668,0.9498308530146703
2024-09-06,4473.9501953125,4518.9501953125,4440.0,4456.75,1649179,4456.75,0.9348715227214864,0.9532303048731855,0.9526440380001279,0.9374496211510559,0.12207853868677589,0.9374496211510559
2024-09-09,4455.0,4490.25,4430.5,4449.5498046875,1184938,4449.5498046875,0.9227774538635112,0.9349178497368001,0.9463956819029224,0.9328065804852491,0.08771364386426873,0.9328065804852491
2024-09-10,4442.4501953125,4539.9501953125,4440.4501953125,4507.85009765625,1385591,4507.85009765625,0.9147681326115741,0.9666295711038443,0.9529401412238955,0.9704014816419474,0.10256674654330941,0.9704014816419474
2024-09-11,4521.4501953125,4549.35009765625,4471.25,4479.35009765625,1325919,4479.35009765625,0.965186158601513,0.97262727558223,0.9731978409514612,0.9520232775471547,0.09814959682183146,0.9520232775471547
2024-09-12,4510.25,4532.60009765625,4431.2998046875,4517.7001953125,2742216,4517.7001953125,0.9580381619134369,0.9619397656125379,0.9469217307972082,0.9767533098903757,0.20298931895415587,0.9767533098903757
2024-09-13,4530.0,4547.0,4505.0,4522.60009765625,1458786,4522.60009765625,0.9706426684109216,0.9711277715744138,0.9953959481389013,0.9799130083225859,0.10798492045843844,0.9799130083225859
2024-09-16,4527.0,4546.0498046875,4494.4501953125,4513.25,1155120,4513.25,0.9687280598290252,0.970521489671399,0.9884571127237995,0.9738836047073997,0.08550640143239063,0.9738836047073997
2024-09-17,4513.25,4535.7998046875,4466.0,4505.64990234375,1699364,4505.64990234375,0.9599527704953333,0.9639813716302441,0.9697448020556372,0.9689826873085604,0.12579342437474295,0.9689826873085604
2024-09-18,4497.0498046875,4497.0498046875,4321.0,4346.14990234375,2961779,4346.14990234375,0.9496137595040964,0.9392565351331951,0.8743751563614501,0.8661292293043689,0.21924221217537962,0.8661292293043689
2024-09-19,4390.0498046875,4422.2001953125,4281.7998046875,4296.14990234375,2927551,4296.14990234375,0.8813260534164576,0.8914979711676504,0.8485923374780291,0.8338867659801709,0.21670852467258522,0.8338867659801709
2024-09-20,4316.89990234375,4330.7001953125,4227.5,4284.89990234375,5447908,4284.89990234375,0.8346415764857148,0.8331154540197798,0.8128781779310607,0.8266322117322263,0.40327499170192915,0.8266322117322263
2024-09-23,4300.0,4309.39990234375,4253.0,4268.5,1702319,4268.5,0.8238560104655297,0.8195245827683841,0.8296500811393487,0.8160567467354506,0.12601216477940455,0.8160567467354506
2024-09-24,4251.64990234375,4291.0,4240.0,4271.2998046875,3012026,4271.2998046875,0.7929988398294677,0.8077843356197161,0.821099699111594,0.8178621987344833,0.22296168734053418,0.8178621987344833
2024-09-25,4252.35009765625,4289.60009765625,4240.0,4274.75,2713073,4274.75,0.7934457064809064,0.8068911135149146,0.821099699111594,0.8200870546509753,0.20083204260456086,0.8200870546509753
2024-09-26,4260.0,4316.7998046875,4260.0,4292.5,3964251,4292.5,0.7983278960402441,0.8242461666533737,0.8342541330004474,0.8315331291310656,0.2934490246768786,0.8315331291310656
2024-09-27,4335.0,4378.0,4300.0498046875,4308.7001953125,3012477,4308.7001953125,0.8461931105876546,0.8632955814324453,0.8605957584016078,0.8419798131952281,0.22299507208588185,0.8419798131952281
2024-09-30,4286.89990234375,4298.75,4260.0498046875,4268.5,2503416,4268.5,0.8154954906667506,0.8127293029191258,0.834286890623901,0.8160567467354506,0.18531242939977632,0.8160567467354506
2024-10-01,4255.5498046875,4295.75,4242.9501953125,4287.89990234375,1823365,4287.89990234375,0.7954877686614349,0.8108151220290317,0.8230401065714683,0.8285667595316782,0.1349724527735395,0.8285667595316782
2024-10-03,4262.60009765625,4279.0,4210.0,4232.75,3350119,4232.75,0.7999872858023859,0.8001276120593396,0.8013680482783139,0.793003385458649,0.2479886246106717,0.793003385458649
2024-10-04,4225.0,4298.0,4224.0498046875,4252.25,2965463,4252.25,0.7759907959181194,0.8122507576966024,0.8106089096239649,0.8055779461550863,0.21951491594890699,0.8055779461550863
2024-10-07,4273.89990234375,4297.25,4229.39990234375,4272.85009765625,1472619,4272.85009765625,0.8071988534785328,0.8117722124740788,0.8141277849198675,0.818861904018217,0.10900889203802692,0.818861904018217
2024-10-08,4272.60009765625,4279.39990234375,4203.9501953125,4253.25,1541867,4253.25,0.8063693144087072,0.8003827738674429,0.7973889604882042,0.8062227954215702,0.11413489391349457,0.8062227954215702
2024-10-09,4260.0,4295.0,4246.7001953125,4252.9501953125,1082504,4252.9501953125,0.7983278960402441,0.8103365768065082,0.8255065629256283,0.8060294665887474,0.08013108731228669,0.8060294665887474
2024-10-10,4253.25,4293.85009765625,4198.60009765625,4227.39990234375,2378875,4227.39990234375,0.7940200267309773,0.8096028697758814,0.7938700851923017,0.7895533789093987,0.1760934281351533,0.7895533789093987
2024-10-11,4143.0,4241.9501953125,4112.4501953125,4149.2001953125,5759183,4149.2001953125,0.7236581613462839,0.776487602687829,0.7372074254466999,0.7391263551910366,0.42631675801700236,0.7391263551910366
2024-10-14,4140.0,4165.39990234375,4122.2001953125,4136.64990234375,2137590,4136.64990234375,0.7217435527643875,0.7276439000438667,0.743620211967516,0.7310333079759793,0.15823258937414633,0.7310333079759793
2024-10-15,4131.0498046875,4169.9501953125,4095.0,4116.7998046875,2759474,4116.7998046875,0.7160315125127337,0.7305472613255702,0.7257300534174069,0.7182329870627115,0.20426682213644012,0.7182329870627115
2024-10-16,4085.0,4115.0,4067.199951171875,4094.949951171875,2359151,4094.949951171875,0.6866423954296199,0.6954857234008613,0.7074453581965836,0.7041431250503789,0.17463338219892807,0.7041431250503789
2024-10-17,4112.7998046875,4129.9501953125,4092.949951171875,4109.0,2522659,4109.0,0.7043843103061972,0.7050248494576488,0.7243816918284823,0.713203288731259,0.18673686987588572,0.713203288731259
2024-10-18,4090.0,4146.14990234375,4080.0,4123.0498046875,2361000,4123.0498046875,0.6898334097327806,0.7153612393324295,0.7158642280007669,0.7222632949782364,0.17477025225247098,0.7222632949782364
2024-10-21,4132.60009765625,4139.9501953125,4070.0,4079.85009765625,1595450,4079.85009765625,0.7170209139202078,0.7114054524246292,0.7092870110563402,0.6944059955868128,0.11810131256086609,0.6944059955868128
2024-10-22,4066.0,4089.800048828125,4006.35009765625,4015.5,1928049,4015.5,0.6745165410776093,0.6794066350793587,0.6674230894356985,0.6529098823150089,0.1427215629331319,0.6529098823150089
2024-10-23,3999.60009765625,4113.5498046875,3995.14990234375,4066.25,1966476,4066.25,0.6321399334561334,0.6945604113494975,0.6600564779966722,0.6856359825890698,0.14556607647964004,0.6856359825890698
2024-10-24,4004.0,4079.0,4004.0,4047.89990234375,2676744,4047.89990234375,0.6349479637184167,0.6725155527197321,0.6658773792231241,0.673802935575528,0.1981428310441712,0.673802935575528
2024-10-25,4057.050048828125,4092.0,4032.699951171875,4057.550048828125,1759676,4057.550048828125,0.6688046566372007,0.6808103365768066,0.6847539597383115,0.68002582545744,0.13025794934460785,0.68002582545744
2024-10-28,4068.949951171875,4134.0,4051.0,4090.85009765625,1532534,4090.85009765625,0.6763992083542251,0.7076088690381241,0.6967902988619296,0.7014993375181364,0.1134440295491268,0.7014993375181364
2024-10-29,4095.85009765625,4103.5,4060.10009765625,4075.25,1445885,4075.25,0.6935669587919767,0.688148029988834,0.702775630511992,0.6914396259874255,0.10702993908431344,0.6914396259874255
2024-10-30,4075.0,4107.0,4060.050048828125,4084.64990234375,1935002,4084.64990234375,0.6802603668232985,0.690381241027277,0.7027427123119527,0.6975011461188135,0.14323625059256073,0.6975011461188135
2024-10-31,4070.0,4078.300048828125,3960.0,3968.449951171875,3740372,3968.449951171875,0.6770693525201378,0.6720689416673313,0.6369376246676466,0.622569692840158,0.27687664462434536,0.622569692840158
2024-11-01,3989.85009765625,3998.949951171875,3976.050048828125,3984.199951171875,154895,3984.199951171875,0.62591745556497,0.6214387948137662,0.6474940899787686,0.6327260687872803,0.011465920467025199,0.6327260687872803
2024-11-04,3966.300048828125,3991.89990234375,3913.25,3964.14990234375,2269192,3964.14990234375,0.6108877470348341,0.6169404385667571,0.6061891354524518,0.6197968095074964,0.16797427287136346,0.6197968095074964
2024-11-05,3941.10009765625,3986.0,3941.10009765625,3971.35009765625,967590,3971.35009765625,0.5948050661091533,0.6131759451268145,0.6245067488733144,0.6244398501733033,0.07162471341675918,0.6244398501733033
2024-11-06,4003.60009765625,4149.7998046875,3975.25,4139.64990234375,3792017,4139.64990234375,0.6346927448986619,0.7176900971048014,0.6469678805078973,0.7329678557754312,0.28069960509769515,0.7329678557754312
2024-11-07,4169.7001953125,4205.7998046875,4085.050048828125,4150.89990234375,3724349,4150.89990234375,0.7406983023741582,0.7534214737198915,0.7191857546730195,0.7402224100233757,0.2756905608666828,0.7402224100233757
2024-11-08,4155.0,4169.75,4117.64990234375,4147.0,1648039,4147.0,0.7313165956738696,0.730419524645079,0.7406273855658991,0.7377075608576495,0.12199415152558662,0.7377075608576495
2024-11-11,4128.2001953125,4234.2998046875,4117.64990234375,4198.7001953125,1406487,4198.7001953125,0.7142128836579245,0.7716061921757856,0.7406273855658991,0.7710463938819926,0.10411354840314323,0.7710463938819926
2024-11-12,4216.0,4218.0,4164.35009765625,4197.39990234375,1587640,4197.39990234375,0.77024697017243,0.7612059339607593,0.7713431171576403,0.7702079009148799,0.11752318648289413,0.7702079009148799
2024-11-13,4178.10009765625,4196.75,4131.0498046875,4150.35009765625,1098813,4150.35009765625,0.7460591440789701,0.747647152655926,0.7494407920407967,0.739867868873932,0.08133834188407217,0.739867868873932
2024-11-14,4135.0,4160.0,4116.4501953125,4145.89990234375,1825432,4145.89990234375,0.7185525384612268,0.7241984367522731,0.7398383122244706,0.7369981636909559,0.1351254600210642,0.7369981636909559
2024-11-18,4213.0,4213.0,3990.199951171875,4019.5,3313944,4019.5,0.7683323615905336,0.7580156324772691,0.6568007877244981,0.6554892793809447,0.24531081271942512,0.6554892793809447
2024-11-19,4019.89990234375,4132.14990234375,4014.10009765625,4039.550048828125,1776233,4039.550048828125,0.6450953268779696,0.7064283951786569,0.6725204325676293,0.6684185386607286,0.13148356182514329,0.6684185386607286
2024-11-21,4044.89990234375,4092.449951171875,4024.0,4072.85009765625,2384347,4072.85009765625,0.661050398393773,0.6810974325550327,0.6790318131119775,0.6898920507214251,0.17649848650886168,0.6898920507214251
2024-11-22,4071.0,4254.9501953125,4054.0,4244.60009765625,3096553,4244.60009765625,0.67770755538077,0.7847823865449035,0.6987634639452576,0.8006449122400452,0.22921869924741456,0.8006449122400452
2024-11-25,4280.0,4328.10009765625,4252.2001953125,4315.10009765625,4052167,4315.10009765625,0.811091953252887,0.8314564349377891,0.829124032245063,0.8461067855271642,0.299956903328733,0.8461067855271642
2024-11-26,4321.0498046875,4366.60009765625,4310.0,4352.7001953125,2060669,4352.7001953125,0.83729005603284,0.8560217563606636,0.8671402177225809,0.8703531809205223,0.15253860268481453,0.8703531809205223
2024-11-27,4358.9501953125,4377.39990234375,4324.0498046875,4332.5498046875,1558993,4332.5498046875,0.8614781937487905,0.8629126829438507,0.8763810790682319,0.8573592163066258,0.11540262595079903,0.8573592163066258
2024-11-28,4319.0,4339.9501953125,4233.0,4244.89990234375,2558544,4244.89990234375,0.8359818648175403,0.8390175117642367,0.8164956472504953,0.8008382410728679,0.18939321485770697,0.8008382410728679
2024-11-29,4220.0,4298.7001953125,4195.64990234375,4270.85009765625,2017425,4270.85009765625,0.7727997816149587,0.8126975245254426,0.7919296777324274,0.8175722054852491,0.14933751637036904,0.8175722054852491
2024-12-02,4270.0,4288.2001953125,4230.0498046875,4276.64990234375,1670944,4276.64990234375,0.8047099246465655,0.8059978914101132,0.8145552397906209,0.8213122052837337,0.12368966725106009,0.8213122052837337
2024-12-03,4314.35009765625,4325.0,4265.4501953125,4302.75,2010905,4302.75,0.833014283840099,0.8294783857074494,0.8378388446964283,0.8381428341125262,0.148854881027427,0.8381428341125262
2024-12-04,4313.5498046875,4386.9501953125,4289.0498046875,4354.39990234375,3302642,4354.39990234375,0.832503534578099,0.8690063457090446,0.8533608197627385,0.8714492357528615,0.2444741954424419,0.8714492357528615
2024-12-05,4400.7998046875,4489.0,4360.0,4464.0498046875,3746747,4464.0498046875,0.8881867341682531,0.9341202743659276,0.9000263024447143,0.9421568948492665,0.27734854651257473,0.9421568948492665
2024-12-06,4453.0,4465.0,4412.75,4445.5,1842087,4445.5,0.921501048142247,0.9188068272451747,0.9347211218265651,0.9301950669031114,0.13635832683650892,0.9301950669031114
2024-12-09,4430.4501953125,4469.39990234375,4415.5498046875,4452.14990234375,2066639,4452.14990234375,0.9071096982839885,0.9216142302400702,0.9365626141097361,0.9344832515516686,0.15298052492367403,0.9344832515516686
2024-12-10,4426.14990234375,4493.7998046875,4412.10009765625,4432.5498046875,2087828,4432.5498046875,0.904365239009776,0.9371828391689264,0.9342936669558116,0.9218441429550218,0.15454901576441,0.9218441429550218
2024-12-11,4431.85009765625,4448.64990234375,4407.0,4427.4501953125,1635256,4427.4501953125,0.9080031199643753,0.9083744790835859,0.9309392220835198,0.9185556635901982,0.12104790496288298,0.9185556635901982
2024-12-12,4430.0498046875,4485.0,4426.0,4454.9501953125,1914642,4454.9501953125,0.9068541678417431,0.9315680331791354,0.9434359342779305,0.9362890184185072,0.14172912550325098,0.9362890184185072
2024-12-13,4434.9501953125,4494.89990234375,4394.39990234375,4473.89990234375,1967048,4473.89990234375,0.9099816111568331,0.9378847678058702,0.9226518645029079,0.9485087230976946,0.14560841810788588,0.9485087230976946
2024-12-16,4459.0,4475.0,4397.0,4415.2001953125,1646224,4415.2001953125,0.9253302653060398,0.9251874302121551,0.9243620051390931,0.9106562600757698,0.12185979828211427,0.9106562600757698
2024-12-17,4410.0,4432.9501953125,4318.0,4328.5,3225027,4328.5,0.894058325135065,0.8983571193571542,0.8724019912781221,0.8547477027244882,0.2387288362181405,0.8547477027244882
2024-12-18,4311.7001953125,4362.0,4289.60009765625,4347.85009765625,1575404,4347.85009765625,0.831323108583922,0.8530866166852767,0.8537227593865846,0.8672255990045139,0.1166174309527962,0.8672255990045139
2024-12-19,4282.0,4364.0,4262.0,4271.89990234375,3015763,4271.89990234375,0.8123683589741513,0.8543627372786728,0.8355695763893327,0.8182491712679348,0.22323831437681857,0.8182491712679348
2024-12-20,4329.0,4382.0,4152.5,4170.2998046875,4116989,4170.2998046875,0.8423638934238618,0.8658478226192375,0.7635490508478604,0.7527324228196034,0.3047552757520747,0.7527324228196034
2024-12-23,4200.0498046875,4217.0,4114.89990234375,4158.2998046875,2195338,4158.2998046875,0.7600675098963512,0.7605678736640612,0.7388186509061818,0.7449942316217959,0.16250731725516102,0.7449942316217959
2024-12-24,4158.2998046875,4218.0,4158.2998046875,4179.5,1181886,4179.5,0.7334225404649595,0.7612059339607593,0.7673637082143595,0.7586651620183782,0.08748772314852347,0.7586651620183782
2024-12-26,4179.5,4199.9501953125,4143.14990234375,4169.10009765625,1208464,4169.10009765625,0.746952565759357,0.7496890702265114,0.7573992887741873,0.7519587926205062,0.08945512838544266,0.7519587926205062
2024-12-27,4163.0,4180.9501953125,4147.25,4164.85009765625,858100,4164.85009765625,0.7364222185589268,0.7375659245892486,0.7600960119520365,0.7492181832379494,0.06351984475131103,0.7492181832379494
2024-12-30,4151.0,4199.2998046875,4112.0,4158.7998046875,1527169,4158.7998046875,0.728763784231341,0.7492740817913542,0.7369113222229323,0.7453166562550378,0.1130468917247581,0.7453166562550378
2024-12-31,4135.0,4139.9501953125,4032.050048828125,4094.800048828125,1555429,4094.800048828125,0.7185525384612268,0.7114054524246292,0.6843265048675581,0.7040464606339675,0.11513880503634422,0.7040464606339675
2025-01-01,4094.39990234375,4134.0,4085.449951171875,4112.4501953125,763161,4112.4501953125,0.6926414399950639,0.7076088690381241,0.7194487791201624,0.7154281446477511,0.056492096772235496,0.7154281446477511
2025-01-02,4120.0,4183.0,4096.9501953125,4175.75,1720835,4175.75,0.7089794955517448,0.7388738235763279,0.7270127391828386,0.7562469772690633,0.1273827899342994,0.7562469772690633
2025-01-03,4179.9501953125,4179.9501953125,4092.300048828125,4099.89990234375,1791953,4099.89990234375,0.7472398816956377,0.7369278642925506,0.7239542369577289,0.7073350974326938,0.13264721636364768,0.7073350974326938
2025-01-06,4105.5,4149.64990234375,4066.39990234375,4095.0,2085593,4095.0,0.6997255540725787,0.7175944503708725,0.7069191487257124,0.7041753990004836,0.1543835725141837,0.7041753990004836
2025-01-07,4114.9501953125,4140.35009765625,4011.550048828125,4028.300048828125,2669054,4028.300048828125,0.7057566957545487,0.7116606142327325,0.6708432101314833,0.6611639844127841,0.1975735878252718,0.6611639844127841
2025-01-08,4034.89990234375,4126.0,4017.75,4108.39990234375,2181277,4108.39990234375,0.6546683697874517,0.7025043866645398,0.6749210525217108,0.7128163161978075,0.16146646824333466,0.7128163161978075
2025-01-09,4101.0,4137.75,4025.300048828125,4038.85009765625,2392472,4038.85009765625,0.6968536411997341,0.7100015951507418,0.67988688343007,0.6679671756609705,0.1770999300918991,0.6679671756609705
2025-01-10,4200.0,4297.0,4170.0,4265.64990234375,7894300,4265.64990234375,0.7600357244023158,0.8116126973999043,0.7750591805006072,0.8142188633524101,0.5843662864704285,0.8142188633524101
2025-01-13,4245.0,4322.9501953125,4227.39990234375,4291.10009765625,4003771,4291.10009765625,0.7887548531307621,0.8281704867203701,0.8128123415309821,0.8306304031315492,0.29637444626477255,0.8306304031315492
2025-01-14,4302.0,4313.89990234375,4219.0498046875,4233.0498046875,3441709,4233.0498046875,0.825132416186794,0.8223958541035253,0.8073203011517516,0.7931967142914719,0.2547684667977974,0.7931967142914719
2025-01-15,4218.0,4256.4501953125,4207.4501953125,4249.60009765625,1653474,4249.60009765625,0.7715233758936944,0.7857394769899505,0.7996909864187536,0.8038691585724649,0.12239647101774766,0.8038691585724649
2025-01-16,4260.0,4294.0,4191.85009765625,4206.2998046875,2637705,4206.2998046875,0.7983278960402441,0.8096985165098102,0.7894304637548137,0.775946996413026,0.19525301491639305,0.775946996413026
2025-01-17,4159.89990234375,4160.60009765625,4100.0498046875,4124.2998046875,1761466,4124.2998046875,0.734443727366469,0.7245813352408678,0.729051419513074,0.7230693565613413,0.1303904519924401,0.7230693565613413
2025-01-20,4145.7998046875,4145.7998046875,4068.10009765625,4077.800048828125,1287799,4077.800048828125,0.7254450047070578,0.7151378559180093,0.7080374040675333,0.6930840231037402,0.09532780858978394,0.6930840231037402
2025-01-21,4095.300048828125,4111.0,4030.0,4035.85009765625,1971591,4035.85009765625,0.69321591605638,0.6929334822140693,0.6829781432786335,0.6660326278615186,0.1459447083476076,0.6660326278615186
2025-01-22,4050.0,4163.14990234375,4044.199951171875,4156.60009765625,2409223,4156.60009765625,0.664305295307495,0.726208264376296,0.6923177592244022,0.7438981767894567,0.17833990319460183,0.7438981767894567
2025-01-23,4168.0,4191.35009765625,4140.0498046875,4145.4501953125,1822998,4145.4501953125,0.7396132328620875,0.7442016893643324,0.7553602872907808,0.7367081704417218,0.13494528602954262,0.7367081704417218
2025-01-24,4104.0,4178.0,4104.0,4152.35009765625,1910099,4152.35009765625,0.6987682497816305,0.7356835220928378,0.731649548667391,0.7411575674068999,0.14139283526352925,0.7411575674068999
2025-01-27,4102.0,4156.35009765625,4041.050048828125,4065.14990234375,1551782,4065.14990234375,0.6974918440603662,0.7218695789799011,0.6902460001175421,0.6849265854223763,0.11486884014436423,0.6849265854223763
2025-01-28,4070.800048828125,4102.0,4028.300048828125,4040.300048828125,2468272,4040.300048828125,0.6775799459708925,0.6871909395437868,0.681860048513398,0.6689021756105916,0.18271093607272812,0.6689021756105916
2025-01-29,4054.0,4107.85009765625,4054.0,4099.7998046875,1217089,4099.7998046875,0.6668581067500237,0.6909236545900462,0.6987634639452576,0.7072705495324842,0.09009358388128237,0.7072705495324842
2025-01-30,4099.89990234375,4129.89990234375,4058.5,4100.0498046875,1531251,4100.0498046875,0.6961515557285407,0.7049927595110863,0.7017232115702495,0.7074317618491053,0.11334905698087609,0.7074317618491053
2025-01-31,4110.0,4128.4501953125,4085.25,4112.39990234375,1492943,4112.39990234375,0.7025974669454234,0.7040677590126017,0.7193172668965909,0.7153957132637434,0.11051335226961491,0.7153957132637434
2025-02-01,4113.0,4135.89990234375,4056.0,4073.14990234375,437172,4073.14990234375,0.7045120755273198,0.7088211212912745,0.7000789073341429,0.690085379554248,0.032361143887216115,0.690085379554248
2025-02-03,4030.89990234375,4077.0,3998.699951171875,4068.64990234375,1265713,4068.64990234375,0.6521155583449231,0.671239432126336,0.6623914221272608,0.6871835578550701,0.09369291837748064,0.6871835578550701
2025-02-04,4083.699951171875,4118.85009765625,4066.050048828125,4107.0498046875,2547132,4107.0498046875,0.685812700548549,0.6979423178537246,0.7066890424786088,0.711945706714493,0.1885484549599072,0.711945706714493
2025-02-05,4150.0,4150.0,4076.0,4091.10009765625,1693912,4091.10009765625,0.7281255813707089,0.7178178337852927,0.7132333412229962,0.7016605498347573,0.12538984647754664,0.7016605498347573
2025-02-06,4105.39990234375,4139.5,4051.550048828125,4082.75,2284536,4082.75,0.6996616714620174,0.7111182006699633,0.6971520779091901,0.6962759954860551,0.1691100944514405,0.6962759954860551
2025-02-07,4090.0,4090.0,4008.0,4029.39990234375,1548940,4029.39990234375,0.6898334097327806,0.6795342159834105,0.6685082660008947,0.6618732241455747,0.11465846443199594,0.6618732241455747
2025-02-10,4040.0,4052.0,4014.35009765625,4036.949951171875,1339511,4036.949951171875,0.6579232667011736,0.655287924708885,0.6726848629912399,0.6667418675943092,0.09915572865944924,0.6667418675943092
2025-02-11,4018.39990234375,4040.0,3955.0,3963.550048828125,1810908,3963.550048828125,0.6441380225870214,0.6476312011485086,0.6336490161954332,0.6194099944079478,0.13405033797798294,0.6194099944079478
2025-02-12,3971.10009765625,4021.75,3940.14990234375,3950.14990234375,1678002,3950.14990234375,0.6139511519281174,0.6359866007337693,0.6238817848023254,0.610768919776721,0.1242121274121774,0.610768919776721
2025-02-13,3968.0,3984.449951171875,3902.25,3910.14990234375,2277310,3910.14990234375,0.6119726607356597,0.6121869205116446,0.5989541968135824,0.5849749491173626,0.16857519828762166,0.5849749491173626
2025-02-14,3925.0,3948.0,3900.0,3934.85009765625,1681975,3934.85009765625,0.5845299377284777,0.588929653852289,0.5974743230010865,0.6009028519466387,0.12450622407130449,0.6009028519466387
2025-02-17,3856.5,3934.0,3856.199951171875,3904.5,1799806,3904.5,0.5408130417751762,0.5799968096985165,0.5686660806691805,0.5813316137352894,0.13322852546612063,0.5813316137352894
2025-02-18,3898.39990234375,3924.39990234375,3864.5,3873.199951171875,2149879,3873.199951171875,0.5675536793111647,0.5738713685396395,0.5741252028483717,0.5611478002075608,0.1591422681670013,0.5611478002075608
2025-02-19,3872.199951171875,3874.949951171875,3768.14990234375,3784.10009765625,4366672,3784.10009765625,0.5508327955248518,0.5423193180232094,0.5107536533581863,0.5036918250241819,0.3232377666005091,0.5036918250241819
2025-02-20,3761.5,3788.0,3751.300048828125,3779.39990234375,2888572,3779.39990234375,0.480183770015123,0.486840006380603,0.49967113915277866,0.5006609075245849,0.21382314997434335,0.5006609075245849
2025-02-21,3776.10009765625,3817.0,3775.0,3786.0,1833931,3786.0,0.4895015941048504,0.5053437549848461,0.5152591111957529,0.5049169756569402,0.13575458851487776,0.5049169756569402
2025-02-24,3743.14990234375,3763.199951171875,3670.0,3675.60009765625,2508516,3675.60009765625,0.4684726851980252,0.4710160798672037,0.44619833327927255,0.43372567961067227,0.1856899509103598,0.43372567961067227
2025-02-25,3625.0,3658.0,3621.25,3629.550048828125,4101954,3629.550048828125,0.39306907953883613,0.40389216780985804,0.4141344006751924,0.4040303394023053,0.3036423275341094,0.4040303394023053
2025-02-27,3611.699951171875,3638.0,3600.699951171875,3612.550048828125,3823856,3612.550048828125,0.3845809503301796,0.3911309618758973,0.4006181877390785,0.393067901872078,0.28305644968112015,0.393067901872078
2025-02-28,3584.949951171875,3600.0,3457.0,3483.25,7085018,3483.25,0.3675090238082699,0.3668846706013718,0.306103612362984,0.3096888602289215,0.524460136837483,0.3096888602289215
2025-03-03,3485.0,3523.25,3476.14990234375,3493.050048828125,4990439,3493.050048828125,0.3037206790503367,0.3179135428297974,0.3186989185809269,0.3160084145272449,0.3694113862264164,0.3160084145272449
2025-03-04,3474.0,3551.0,3464.300048828125,3532.050048828125,2797737,3532.050048828125,0.29670044758338315,0.335619716063168,0.3109050128477326,0.34115753592011927,0.2070991957755491,0.34115753592011927
2025-03-05,3520.85009765625,3600.35009765625,3520.85009765625,3547.050048828125,2501894,3547.050048828125,0.326600313928497,0.367108054015792,0.34809920678378264,0.35083027491737867,0.18519976513720612,0.35083027491737867
2025-03-06,3557.0,3609.449951171875,3536.10009765625,3601.60009765625,2786513,3601.60009765625,0.34967128501585065,0.37291430924988034,0.3581294626240334,0.38600683389085927,0.20626835235696303,0.38600683389085927
2025-03-07,3600.0,3625.0,3574.39990234375,3611.199951171875,2051315,3611.199951171875,0.37711400802303263,0.3828361780188228,0.38332007505991916,0.3921972923887635,0.1518461838201091,0.3921972923887635
2025-03-10,3606.5,3622.10009765625,3582.60009765625,3589.64990234375,1004626,3589.64990234375,0.38126232661714154,0.38098586546897434,0.3887135214156175,0.3783007592092536,0.0743662598218513,0.3783007592092536
2025-03-11,3558.0,3588.75,3537.64990234375,3575.300048828125,1995450,3575.300048828125,0.3503094878764828,0.3597064922635189,0.35914880278915107,0.36904726669555055,0.14771084280270785,0.36904726669555055
2025-03-12,3565.0,3569.25,3486.85009765625,3506.199951171875,3174167,3506.199951171875,0.35477690790090777,0.3472643164779072,0.3257366691727319,0.32448811940794775,0.23496398444789032,0.32448811940794775
2025-03-13,3502.300048828125,3524.300048828125,3484.10009765625,3511.050048828125,1693004,3511.050048828125,0.3147616197015217,0.31858353729661826,0.32392793451301455,0.3276157013239562,0.12532263284389766,0.3276157013239562
2025-03-17,3489.0,3530.449951171875,3477.35009765625,3497.699951171875,2690906,3497.699951171875,0.30627349049286523,0.3225075458107354,0.31948831307552655,0.3190069006428341,0.1991911564623836,0.3190069006428341
2025-03-18,3497.699951171875,3497.699951171875,3497.699951171875,3497.699951171875,0,3497.699951171875,0.3118258242181158,0.30161107109387464,0.3328728532114835,0.3190069006428341,0.0,0.3190069006428341
2025-03-19,3547.0,3547.0,3462.75,3497.10009765625,3051244,3497.10009765625,0.3432892564095293,0.33306747487637584,0.3098855121060294,0.3186200855432855,0.22586475373309556,0.3186200855432855
2025-03-20,3512.0,3578.949951171875,3512.0,3563.14990234375,2845192,3563.14990234375,0.3209521562874044,0.3534534702005902,0.3422783055573308,0.36121225364742865,0.21061199641961562,0.36121225364742865
2025-03-21,3475.0,3616.25,3465.0,3578.10009765625,4161925,3578.10009765625,0.2973386504440153,0.37725315042271496,0.31136538591852536,0.3708528761284862,0.30808161037944315,0.3708528761284862
2025-03-24,3600.0,3649.75,3566.60009765625,3628.949951171875,1834751,3628.949951171875,0.37711400802303263,0.39862817036209924,0.37818997430453477,0.40364336686885377,0.13581528805187354,0.40364336686885377
2025-03-25,3645.0,3710.0,3638.0,3657.75,3135390,3657.75,0.40583313675147886,0.437071303238156,0.4251512390571071,0.4222150572303724,0.23209356256242059,0.4222150572303724
2025-03-26,3647.75,3680.5,3625.85009765625,3635.800048828125,1734499,3635.800048828125,0.40758819461821727,0.4182485244855639,0.41715998470026294,0.4080606473178301,0.12839425148736072,0.4080606473178301
2025-03-27,3614.85009765625,3663.0,3610.5,3651.199951171875,2528474,3651.199951171875,0.386591382827918,0.40708246929334824,0.40706389245993374,0.4179912630481219,0.1871673184217765,0.4179912630481219
2025-03-28,3651.0,3660.949951171875,3591.89990234375,3606.14990234375,2051919,3606.14990234375,0.4096623539152717,0.4057744145298293,0.3948302047126659,0.3889407721062389,0.15189089421077426,0.3889407721062389
2025-04-01,3572.699951171875,3584.0,3525.0,3550.800048828125,2618493,3550.800048828125,0.3596910387655262,0.3566757058542032,0.3508286875850855,0.35324845966669355,0.1938308691788774,0.35324845966669355
2025-04-02,3544.0,3564.10009765625,3530.050048828125,3543.949951171875,1764313,3543.949951171875,0.3413746478276329,0.3439783682604881,0.3541502142573381,0.3488311792177172,0.1306011978239364,0.3488311792177172
2025-04-03,3491.0,3502.0,3396.14990234375,3403.14990234375,4537821,3403.14990234375,0.30754989621412954,0.3043547615249641,0.26608118302551337,0.25803637100999516,0.33590687032891153,0.25803637100999516
2025-04-04,3362.60009765625,3399.64990234375,3295.5,3299.39990234375,5317367,3299.39990234375,0.225604711233461,0.2390492278473441,0.19988155871049293,0.1911332596122844,0.3936118474836785,0.1911332596122844
2025-04-07,3100.0,3291.39990234375,3056.050048828125,3274.050048828125,6623955,3274.050048828125,0.058012577706963296,0.16997920072978145,0.04239013109151292,0.1747864251672578,0.49033048973274734,0.1747864251672578
2025-04-08,3302.050048828125,3349.0,3255.300048828125,3292.949951171875,5557558,3292.949951171875,0.18696149685993596,0.2067315361301643,0.17344117870921474,0.18697401333024344,0.411391704179474,0.18697401333024344
2025-04-09,3260.550048828125,3270.0,3212.050048828125,3246.60009765625,2990265,3246.60009765625,0.1604760781437022,0.1563247726910193,0.14499471542456932,0.15708534428905369,0.22135085487155237,0.15708534428905369
2025-04-11,3289.550048828125,3298.949951171875,3206.0,3231.5,7108961,3231.5,0.17898396110203424,0.17479658712513957,0.14101546705787404,0.1473480573915847,0.5262324892939341,0.1473480573915847
2025-04-15,3314.39990234375,3314.39990234375,3238.60009765625,3248.199951171875,3512160,3248.199951171875,0.19484320870199573,0.18465458755383635,0.16245725852733928,0.15811700865508624,0.2599835193354674,0.15811700865508624
2025-04-16,3248.199951171875,3278.10009765625,3229.0,3273.800048828125,2384391,3273.800048828125,0.1525942104903972,0.16149312340484925,0.15614306603005543,0.17462521285063679,0.17650174355718828,0.17462521285063679
2025-04-17,3245.5,3303.60009765625,3218.0,3298.89990234375,2932346,3298.89990234375,0.15087109392893946,0.17776366097064922,0.14890812739118608,0.1908108349790424,0.2170634689163593,0.1908108349790424
2025-04-21,3290.10009765625,3354.0,3284.10009765625,3321.60009765625,2432946,3321.60009765625,0.17933500383763096,0.2099218376136545,0.19238359562448074,0.20544903927535063,0.18009597040941985,0.20544903927535063
2025-04-22,3322.60009765625,3333.89990234375,3295.0,3314.39990234375,2710498,3314.39990234375,0.20007659680817547,0.1970967633394481,0.1995526978632716,0.20080599860954376,0.20064143125362902,0.20080599860954376
2025-04-23,3365.0,3420.89990234375,3337.300048828125,3413.0,3543923,3413.0,0.22713633577448006,0.2526080091521774,0.22737435765351363,0.26438819925842333,0.26233473810814645,0.26438819925842333
2025-04-24,3401.10009765625,3412.5,3387.699951171875,3401.60009765625,2252175,3401.60009765625,0.25017552136779836,0.24724836497048971,0.26052346682278993,0.2570369805940674,0.1667146094310499,0.2570369805940674
2025-04-25,3420.0,3477.800048828125,3405.0,3448.0,2742991,3448.0,0.26223749310924765,0.28891373350015953,0.2719020842519652,0.28695792358536193,0.20304668741899942,0.28695792358536193
2025-04-28,3435.0,3457.800048828125,3405.0,3443.5,1593296,3443.5,0.27181053601872973,0.27615252756619874,0.2719020842519652,0.28405610188618413,0.11794186524051377,0.28405610188618413
2025-04-29,3455.0,3495.0,3430.39990234375,3472.5,1578332,3472.5,0.2845745932313725,0.29988833944807786,0.2886081510601748,0.3027567306142189,0.11683417271416648,0.3027567306142189
2025-04-30,3472.0,3509.89990234375,3366.0,3453.699951171875,2809332,3453.699951171875,0.2954240418621189,0.30939537555830277,0.2462509381687011,0.2906335329175399,0.2079575020334345,0.2906335329175399
2025-05-02,3472.0,3491.5,3420.0,3431.0,1721761,3431.0,0.2954240418621189,0.2976551284096347,0.28176790966860527,0.27599548605513463,0.12745133599680927,0.27599548605513463
2025-05-05,3450.0,3504.5,3446.39990234375,3454.300048828125,1284443,3454.300048828125,0.28138357892821186,0.3059499122667092,0.2991316981712575,0.29102050545099145,0.09507938463105489,0.29102050545099145
2025-05-06,3460.0,3473.0,3437.0,3460.0,1324763,3460.0,0.28776560753453323,0.285851012920721,0.29294917847413066,0.2946961147831694,0.09806402527943255,0.2946961147831694
2025-05-07,3420.60009765625,3459.5,3420.60009765625,3445.10009765625,1477128,3445.10009765625,0.26262047715012504,0.2772371989152975,0.28216260691590506,0.2850879236861196,0.10934266546767808,0.2850879236861196
2025-05-08,3448.0,3477.0,3428.699951171875,3448.89990234375,2543591,3448.89990234375,0.28010717320694756,0.28840325410751316,0.28749005629493934,0.2875382249516363,0.18828633659344132,0.2875382249516363
2025-05-09,3399.0,3446.199951171875,3398.10009765625,3440.300048828125,2531757,3440.300048828125,0.24883523303597277,0.26875096581392566,0.26736386879094504,0.281992615720216,0.18741033864123643,0.281992615720216
2025-05-12,3505.0,3630.5,3502.199951171875,3620.39990234375,2228678,3620.39990234375,0.31648473626297946,0.386345509650662,0.33583260083647554,0.3981298741536353,0.1649752716008185,0.3981298741536353
2025-05-13,3620.39990234375,3623.0,3510.5,3515.0,3062887,3515.0,0.3901332840554302,0.3815600574254267,0.3412917230156668,0.3301628244397872,0.22672661313460996,0.3301628244397872
2025-05-14,3521.0,3561.0,3508.60009765625,3548.699951171875,2119499,3548.699951171875,0.3266959820330937,0.3420003190301483,0.34004211602685996,0.35189421323351605,0.15689342434513343,0.35189421323351605
2025-05-15,3564.0,3600.0,3514.10009765625,3579.89990234375,3548330,3579.89990234375,0.35413870504027567,0.3668846706013718,0.34365958534629465,0.372013478861035,0.2626609611075859,0.372013478861035
2025-05-16,3593.89990234375,3593.89990234375,3546.10009765625,3561.300048828125,1666727,3561.300048828125,0.3732209082486785,0.36299244048093793,0.36470667956846003,0.3600193769647751,0.12337750877848548,0.3600193769647751
2025-05-19,3550.0,3550.0,3503.699951171875,3518.800048828125,2537377,3518.800048828125,0.3452038649914257,0.33498165576646993,0.33681918337813954,0.33261328313920685,0.1878263525411343,0.33261328313920685
2025-05-20,3531.800048828125,3558.0,3494.0,3498.300048828125,2038374,3498.300048828125,0.3335886040901698,0.34008613814005423,0.3304393150573628,0.31939387317628565,0.1508882414929599,0.31939387317628565
2025-05-21,3508.0,3537.0,3498.300048828125,3525.800048828125,1440153,3525.800048828125,0.31839934484487586,0.32668687190939544,0.33326755045878337,0.33712722800459455,0.10660563451594784,0.33712722800459455
2025-05-22,3495.0,3497.800048828125,3451.300048828125,3477.0,2034383,3477.0,0.3101027076566581,0.30167493943412027,0.30235463081997793,0.3056585523133967,0.1505928124049719,0.3056585523133967
2025-05-23,3477.0,3535.0,3465.60009765625,3514.60009765625,1274331,3514.60009765625,0.29861505616527956,0.32541075131599934,0.3117600831658252,0.32990494770675477,0.09433085570654114,0.32990494770675477
2025-05-26,3521.0,3545.0,3510.10009765625,3537.300048828125,967470,3537.300048828125,0.3266959820330937,0.33179135428297973,0.34102869856852397,0.3445429945691601,0.07161583055768662,0.3445429945691601
2025-05-27,3532.0,3540.0,3483.10009765625,3498.699951171875,2467680,3498.699951171875,0.3337162135000472,0.32860105279948953,0.3232702128185719,0.31965174990931805,0.1826671139679702,0.31965174990931805
2025-05-28,3520.0,3529.0,3493.0,3497.699951171875,1222933,3497.699951171875,0.32605777917246154,0.32158238953581114,0.3297815933629201,0.3190069006428341,0.09052617911811567,0.3190069006428341
2025-05-29,3504.699951171875,3532.5,3486.5,3498.10009765625,3188072,3498.10009765625,0.3162932442425408,0.3238156005742543,0.32550640234904277,0.3192649348097695,0.23599328574292236,0.3192649348097695
2025-05-30,3490.0,3506.699951171875,3453.10009765625,3463.39990234375,3404365,3463.39990234375,0.3069116933534974,0.307353613764157,0.30353856198529183,0.29688853931565373,0.25200412105441905,0.29688853931565373
2025-06-02,3450.0,3460.0,3418.60009765625,3449.800048828125,1877585,3449.800048828125,0.28138357892821186,0.2775562290636465,0.2808471635270197,0.28811868375181365,0.13898602459782114,0.28811868375181365
2025-06-03,3446.0,3473.5,3400.5,3405.199951171875,2848125,3405.199951171875,0.2788307674856833,0.28617004306907,0.2689423366269732,0.25935834349306786,0.21082910830011392,0.25935834349306786
2025-06-04,3389.0,3394.800048828125,3370.0,3380.89990234375,2544807,3380.89990234375,0.24245320442965138,0.23595472887422236,0.2488818249464718,0.24368847483072706,0.18837634956537652,0.24368847483072706
2025-06-05,3409.0,3409.0,3363.699951171875,3371.10009765625,3584683,3371.10009765625,0.25521726164229414,0.2450151539320466,0.24473814615616588,0.23736907796630663,0.2653519492397901,0.23736907796630663
2025-06-06,3371.10009765625,3390.89990234375,3358.699951171875,3384.199951171875,2070390,3384.199951171875,0.2310294355488342,0.23346620025123624,0.24144953768395253,0.24581650889690473,0.1532581882935169,0.24581650889690473
2025-06-09,3400.0,3434.0,3390.89990234375,3421.89990234375,1718678,3421.89990234375,0.2494734358966049,0.26096666134949753,0.2626281441296894,0.2701272947565694,0.12722312054247029,0.2701272947565694
2025-06-10,3440.0,3485.800048828125,3423.199951171875,3462.89990234375,2419874,3462.89990234375,0.27500155032189044,0.2940182158737438,0.28387258697550466,0.29656611468241173,0.17912833096111647,0.29656611468241173
2025-06-11,3470.0,3489.0,3449.10009765625,3471.89990234375,2847013,3471.89990234375,0.2941476361408546,0.2960599776678896,0.30090767520752115,0.3023697580807674,0.21074679380604158,0.3023697580807674
2025-06-12,3471.89990234375,3474.699951171875,3423.199951171875,3434.199951171875,4060134,3434.199951171875,0.29536015925155756,0.28693568426981975,0.28387258697550466,0.2780589722211027,0.3005466511473249,0.2780589722211027
2025-06-13,3393.199951171875,3450.5,3393.199951171875,3445.699951171875,2178493,3445.699951171875,0.24513362528205732,0.2714946562450152,0.2641409361422246,0.2854747387856682,0.16126038591285147,0.2854747387856682
2025-06-16,3440.0,3509.0,3426.199951171875,3496.300048828125,1934088,3496.300048828125,0.27500155032189044,0.3088211836018504,0.28584575205883267,0.31810417464331775,0.14316859281595812,0.31810417464331775
2025-06-17,3510.0,3520.0,3488.10009765625,3515.300048828125,2111940,3515.300048828125,0.31967575056614017,0.3158398468655288,0.32655882129078523,0.330356310706513,0.15633387824738823,0.330356310706513
2025-06-18,3519.10009765625,3538.0,3443.10009765625,3451.39990234375,2696327,3451.39990234375,0.3254834589223907,0.3273249322060935,0.29696134504086513,0.2891503481178462,0.19959243962098616,0.2891503481178462
2025-06-19,3450.0,3451.0,3413.0,3424.0,2672768,3424.0,0.28138357892821186,0.2718136863933642,0.2771638578075066,0.2714815411897469,0.1978485123135673,0.2714815411897469
2025-06-20,3425.0,3446.300048828125,3410.89990234375,3435.699951171875,2351248,3435.699951171875,0.26542850741240837,0.26881483415417134,0.2757825780185427,0.27902624612082866,0.1740483719051749,0.27902624612082866
2025-06-23,3415.0,3425.0,3370.0,3393.60009765625,3123421,3393.60009765625,0.259046478806087,0.2552241186792152,0.2488818249464718,0.25187818646219573,0.23120757139375908,0.25187818646219573
2025-06-24,3434.60009765625,3442.10009765625,3382.0,3390.39990234375,3403048,3390.39990234375,0.271555317198975,0.26613501206332746,0.2567744852797838,0.24981454286232468,0.2519066316760978,0.24981454286232468
2025-06-25,3407.300048828125,3450.0,3400.0,3444.800048828125,1757699,3444.800048828125,0.25413234794146855,0.2711756260966661,0.26861347577975186,0.28489443741939385,0.13011160424138754,0.28489443741939385
2025-06-26,3444.800048828125,3451.39990234375,3415.300048828125,3441.800048828125,2879106,3441.800048828125,0.27806495521517377,0.27206884820146754,0.2786766498200418,0.28295988961994195,0.21312244044117015,0.28295988961994195
2025-06-27,3455.0,3466.39990234375,3431.0,3441.10009765625,1778433,3441.10009765625,0.2845745932313725,0.28163975265193814,0.28900284830747464,0.2825085266201838,0.13164641424147341,0.2825085266201838
2025-06-30,3439.89990234375,3464.89990234375,3430.0,3462.0,1468351,3462.0,0.2749376677113291,0.28068266220689103,0.28834512661303197,0.2959858133161374,0.10869295835034648,0.2959858133161374
2025-07-01,3455.0,3485.0,3413.5,3429.699951171875,2375183,3429.699951171875,0.2845745932313725,0.29350773648109746,0.2774927186547279,0.27515715052192485,0.1758201321710211,0.27515715052192485
2025-07-02,3487.199951171875,3489.89990234375,3420.0,3423.300048828125,3090585,3423.300048828125,0.30512469418147836,0.296634169624342,0.28176790966860527,0.2710301781899887,0.22877692505620628,0.2710301781899887
2025-07-03,3430.0,3435.300048828125,3397.60009765625,3400.800048828125,2531870,3400.800048828125,0.2686195217155691,0.2617961708904929,0.2670350079437237,0.2565210696940996,0.18741870333352975,0.2565210696940996
2025-07-04,3408.0,3427.0,3390.10009765625,3419.800048828125,1109320,3419.800048828125,0.25457905878166204,0.2565002392726113,0.2621020952354037,0.26877320575729485,0.08211611021969975,0.26877320575729485
2025-07-07,3418.300048828125,3426.10009765625,3408.39990234375,3411.699951171875,1639174,3411.699951171875,0.26115257940842207,0.25592604731615887,0.27413827378243605,0.2635498637252136,0.12133793031160181,0.2635498637252136
2025-07-08,3405.0,3425.0,3393.39990234375,3406.199951171875,2325242,3406.199951171875,0.2526644501997656,0.2552241186792152,0.26427244836579605,0.2600031927595518,0.17212330829650155,0.2600031927595518
2025-07-09,3410.0,3414.0,3367.0,3383.800048828125,2034938,3383.800048828125,0.2558554645029263,0.24820545541553676,0.24690865986314378,0.24555863216387233,0.15063389562818247,0.24555863216387233
2025-07-10,3380.0,3399.0,3356.0,3382.0,3035012,3382.0,0.23670937868396213,0.2386345509650662,0.23967372122427444,0.2443978719974206,0.2246631989958816,0.2443978719974206
2025-07-11,3299.89990234375,3335.0,3261.10009765625,3266.0,7635550,3266.0,0.1855892672228297,0.19779869197639177,0.17725599665229935,0.1695953570852813,0.5652126215952371,0.1695953570852813
2025-07-14,3266.0,3272.0,3200.0,3222.699951171875,3924009,3222.699951171875,0.16395425257189833,0.15760089328441537,0.13706913689121802,0.1416733523597453,0.2904701578868981,0.1416733523597453
2025-07-15,3206.0,3259.39990234375,3206.0,3252.300048828125,2590889,3252.300048828125,0.12566208093397,0.14956127123544424,0.14101546705787404,0.16076095362123166,0.19178751549688788,0.16076095362123166
2025-07-16,3227.0,3244.89990234375,3220.60009765625,3233.10009765625,2540733,3233.10009765625,0.1390643410072449,0.1403093969333227,0.15061826802737124,0.14837987919152024,0.18807477649986334,0.14837987919152024
2025-07-17,3224.10009765625,3242.0,3204.10009765625,3209.199951171875,2947640,3209.199951171875,0.13721361503590981,0.13845908438347423,0.1397658600690672,0.13296788726221184,0.21819558930515612,0.13296788726221184
2025-07-18,3225.0,3228.800048828125,3187.0,3189.89990234375,3432645,3189.89990234375,0.13778793528598063,0.13003671962234806,0.12851875486346334,0.12052226493229083,0.25409751484251725,0.12052226493229083
2025-07-21,3190.0,3197.60009765625,3152.0,3158.199951171875,3844346,3158.199951171875,0.11545083516385578,0.1101292695206572,0.10549849555796992,0.1000805746715299,0.28457319786775853,0.1000805746715299
2025-07-22,3159.60009765625,3180.10009765625,3154.60009765625,3159.60009765625,3198036,3159.60009765625,0.09604953052513687,0.09896321432844153,0.10720863619415508,0.10098345810494921,0.23673085914124664,0.10098345810494921
2025-07-23,3159.60009765625,3182.0,3157.60009765625,3179.10009765625,1922875,3179.10009765625,0.09604953052513687,0.10017546658159196,0.10918180127748309,0.11355801880138643,0.1423385636594537,0.11355801880138643
2025-07-24,3165.10009765625,3173.699951171875,3140.0,3148.0,2934778,3148.0,0.09955964625861363,0.09487953496371032,0.09760583522465788,0.0935031436401741,0.2172434948602297,0.0935031436401741
2025-07-25,3140.0,3156.89990234375,3125.60009765625,3135.800048828125,2568917,3135.800048828125,0.08354069213224885,0.08416009082389536,0.08813470705531767,0.08563601407585039,0.1901610640007035,0.08563601407585039
2025-07-28,3110.0,3118.0,3069.89990234375,3079.300048828125,3374473,3079.300048828125,0.06439460631328468,0.05933960759291753,0.051499480213592554,0.04920203051950669,0.24979140085944623,0.04920203051950669
2025-07-29,3060.0,3074.0,3041.199951171875,3056.0,4785312,3056.0,0.03248446328167775,0.03126495453820386,0.03262289969840506,0.03417701112364985,0.3542271009516207,0.03417701112364985
2025-07-30,3060.0,3069.0,3047.199951171875,3053.60009765625,2880121,3053.60009765625,0.03248446328167775,0.02807465305471367,0.03656922986506107,0.032629435857649526,0.21319757462415884,0.032629435857649526
2025-07-31,3041.699951171875,3059.800048828125,3015.0,3036.800048828125,2968371,3036.800048828125,0.02080531976986056,0.022204529480379646,0.015390623419324236,0.021795936693938416,0.21973017723376517,0.021795936693938416
2025-08-01,3029.89990234375,3036.800048828125,3000.0,3003.0,2053847,3003.0,0.013274494852152267,0.007529142656324772,0.005524798002684198,0.0,0.15203361214653993,0.0
2025-08-04,3009.10009765625,3079.39990234375,2991.60009765625,3074.39990234375,2519252,3074.39990234375,0.0,0.03471041782979742,0.0,0.04604217465339352,0.18648467070205085,0.04604217465339352
2025-08-05,3074.39990234375,3077.5,3042.0,3063.89990234375,1927996,3063.89990234375,0.04167452215028244,0.03349816557664699,0.033149109169276304,0.03927125735531194,0.14271763967037487,0.03927125735531194
2025-08-06,3063.0,3066.800048828125,3026.0,3032.300048828125,1487081,3032.300048828125,0.03439907186357417,0.026670951557265912,0.022625562058193598,0.0188941149947606,0.11007942460392071,0.0188941149947606
2025-08-07,3016.0,3051.60009765625,3010.89990234375,3047.0,2543076,3047.0,0.004403537413863648,0.01697246620274366,0.01269390024147507,0.028373367725294214,0.18824821432325495,0.028373367725294214
2025-08-08,3048.10009765625,3059.800048828125,3025.0,3036.39990234375,2762140,3036.39990234375,0.024889911564653408,0.022204529480379646,0.021967840363750928,0.021537902527003064,0.204464169655502,0.021537902527003064
2025-08-11,3036.39990234375,3049.89990234375,3021.300048828125,3040.800048828125,1884215,3040.800048828125,0.01742281344626117,0.015887639077205296,0.019534302209630164,0.024375333759874253,0.13947680256157968,0.024375333759874253
2025-08-12,3041.0,3096.39990234375,3026.89990234375,3035.39990234375,3358232,3035.39990234375,0.020358608929667114,0.04555744287366406,0.023217447352557777,0.020893053260519105,0.24858917990780185,0.020893053260519105
2025-08-13,3036.10009765625,3044.39990234375,3028.60009765625,3036.199951171875,2148166,3036.199951171875,0.017231477237067746,0.012378307445366088,0.02433570269437876,0.021408964160486862,0.15901546535374061,0.021408964160486862
2025-08-14,3034.0,3055.89990234375,3019.10009765625,3022.300048828125,3342174,3022.300048828125,0.015891188905242146,0.019716000857393525,0.0180873465971734,0.012445622329921005,0.2474005053162431,0.012445622329921005
2025-08-18,3046.5,3049.0,3003.39990234375,3011.199951171875,2945609,3011.199951171875,0.023868724663143878,0.015313447120752912,0.007760987533155051,0.005287732498387877,0.21804524691535315,0.005287732498387877
2025-08-19,3011.199951171875,3025.0,3011.10009765625,3016.199951171875,2650784,3016.199951171875,0.0013401325205803284,0.0,0.012825573041632048,0.008511978830807674,0.19622117253147567,0.008511978830807674
2025-08-20,3010.89990234375,3103.39990234375,3010.89990234375,3098.60009765625,4952358,3098.60009765625,0.0011486405001416324,0.05002386495055033,0.01269390024147507,0.0616476528494277,0.36659248492356744,0.0616476528494277
2025-08-21,3130.0,3130.0,3083.10009765625,3102.60009765625,3230726,3102.60009765625,0.07715866352592746,0.06699633115329398,0.06018153504150423,0.06422704991536353,0.23915069800026115,0.06422704991536353
2025-08-22,3086.0,3095.699951171875,3050.0,3054.0,1593791,3054.0,0.04907773765811336,0.04511083182126336,0.03841088272481766,0.03288731259068193,0.11797850703418805,0.03288731259068193
2025-08-25,3087.300048828125,3152.0,3077.10009765625,3140.60009765625,3448370,3140.60009765625,0.04990743253918419,0.08103365768065082,0.05623520487484821,0.08873132204175399,0.2552615395001497,0.08873132204175399
2025-08-26,3129.0,3162.0,3120.0,3157.199951171875,5522097,3157.199951171875,0.07652046066529532,0.0874142606476312,0.0844514013358045,0.09943572540504594,0.40876674529970913,0.09943572540504594
2025-08-27,3157.199951171875,3157.199951171875,3157.199951171875,3157.199951171875,0,3157.199951171875,0.09451775017287257,0.08435154006819269,0.10891861625375468,0.09943572540504594,0.0,0.09943572540504594
2025-08-28,3145.0,3146.5,3086.5,3093.699951171875,3116051,3093.699951171875,0.08673170643540953,0.07752432604881161,0.06241772457197508,0.05848779698331453,0.23066201579905315,0.05848779698331453
2025-08-29,3093.0,3115.0,3077.199951171875,3084.699951171875,2271789,3084.699951171875,0.05354515768253833,0.05742542670282342,0.056300880698341146,0.05268415358495889,0.16816651274645864,0.05268415358495889
2025-09-01,3090.0,3131.10009765625,3090.0,3112.60009765625,1246862,3112.60009765625,0.05163054910064191,0.06769825979023768,0.06471975050252443,0.07067554258020313,0.09229749524100825,0.07067554258020313
2025-09-02,3121.10009765625,3155.0,3103.10009765625,3111.5,2185229,3111.5,0.07147872039079953,0.08294783857074493,0.07333596893035761,0.0699661454135096,0.16175901040212406,0.0699661454135096
2025-09-03,3129.89990234375,3141.89990234375,3088.0,3097.5,1799774,3097.5,0.07709478091536613,0.07458918637342479,0.06340430711363909,0.06093825568273416,0.13322615670370128,0.06093825568273416
2025-09-04,3116.0,3118.0,3090.800048828125,3095.699951171875,1481391,3095.699951171875,0.06822382347707752,0.05933960759291753,0.06524595997339568,0.05977749551628245,0.10965822903623051,0.05977749551628245
2025-09-05,3097.10009765625,3103.39990234375,3028.60009765625,3048.300048828125,2802055,3048.300048828125,0.0561618517356282,0.05002386495055033,0.02433570269437876,0.02921170325850395,0.20741883065450978,0.02921170325850395
2025-09-08,3050.0,3064.89990234375,3016.0,3019.0,2626187,3019.0,0.026102434675356365,0.025458543527675865,0.016048345113766904,0.01031758826374335,0.1944004084930792,0.01031758826374335
2025-09-09,3032.10009765625,3060.0,3030.800048828125,3049.39990234375,2489301,3049.39990234375,0.01467866579453919,0.02233211038443133,0.02578265830683552,0.029920942991294535,0.18426758310136734,0.029920942991294535
2025-09-10,3056.39990234375,3122.699951171875,3053.39990234375,3110.0,2079428,3110.0,0.030186870658903943,0.062338459832110386,0.04064707225528851,0.06899887151378366,0.15392721562933132,0.06899887151378366
2025-09-11,3139.0,3139.0,3110.10009765625,3124.199951171875,2263446,3124.199951171875,0.08290248927161671,0.07273887382357633,0.0779400207914563,0.07815569961107528,0.1675489319694394,0.07815569961107528
2025-09-12,3144.0,3148.699951171875,3121.0,3133.39990234375,1447167,3133.39990234375,0.0860935035747774,0.07892802754625937,0.08510912303024717,0.08408828137594712,0.10712483762873853,0.08408828137594712
2025-09-15,3134.0,3134.0,3096.0,3111.89990234375,1732539,3111.89990234375,0.07971147496845601,0.06954857234008614,0.06866608066918044,0.070224022146542,0.1282491647891757,0.070224022146542
2025-09-16,3128.0,3150.0,3109.10009765625,3145.699951171875,2573429,3145.699951171875,0.07588225780466318,0.07975753708725475,0.07728229909701363,0.0920199588404804,0.1904950595018315,0.0920199588404804
2025-09-17,3152.0,3182.39990234375,3142.39990234375,3172.800048828125,2418271,3172.800048828125,0.09119912645983451,0.10043062838969533,0.09918430306068607,0.10949543693575689,0.17900967076867227,0.10949543693575689
2025-09-18,3185.0,3203.0,3161.39990234375,3176.699951171875,2633138,3176.699951171875,0.11225982086069508,0.11357473281225076,0.11168101525509679,0.11201028610148316,0.19491494810485682,0.11201028610148316
2025-09-19,3170.0,3180.5,3144.0,3169.199951171875,4901694,3169.199951171875,0.102686777951213,0.0992183761365449,0.10023672200242856,0.10717391660285346,0.3628421418231358,0.10717391660285346
2025-09-22,3095.0,3106.89990234375,3065.0,3073.800048828125,3634901,3073.800048828125,0.054821563403802606,0.05225707598899346,0.048276708141457694,0.045655359553844914,0.26906927771400213,0.045655359553844914
