date,open,high,low,close,volume,price,open_norm,high_norm,low_norm,close_norm,volume_norm,price_norm
2023-01-03,130.27999877929688,130.89999389648438,124.16999816894531,125.06999969482422,112117500,125.06999969482422,0.03230440787719688,0.02365296629373749,0.0,0.00037315712391623447,0.30084360822243855,0.00037315712391623447
2023-01-04,126.88999938964844,128.66000366210938,125.08000183105469,126.36000061035156,89113600,126.36000061035156,0.006657567342913001,0.006725662778018421,0.006818549500453614,0.010000030175965163,0.22298179154712955,0.010000030175965163
2023-01-05,127.12999725341797,127.7699966430664,124.76000213623047,125.0199966430664,80962700,125.0199966430664,0.008473257032846628,0.0,0.0044208297437756065,0.0,0.1953932573621098,0.0
2023-01-06,126.01000213623047,130.2899932861328,124.88999938964844,129.6199951171875,87754700,129.6199951171875,0.0,0.019043274109487484,0.005394883744062581,0.034328348776310524,0.21838229221527378,0.034328348776310524
2023-01-09,130.47000122070312,133.41000366210938,129.88999938964844,130.14999389648438,70790800,130.14999389648438,0.03374186014658388,0.04262077091990728,0.0428592906709991,0.038283563772375975,0.16096419911374427,0.038283563772375975
2023-01-10,130.25999450683594,131.25999450683594,128.1199951171875,130.72999572753906,63896200,130.72999572753906,0.032153066733190586,0.02637344225999335,0.029596858605820543,0.042611935892357664,0.13762789173762174,0.042611935892357664
2023-01-11,131.25,133.50999450683594,130.4600067138672,133.49000549316406,69458900,133.49000549316406,0.039642894928669084,0.043376388221940704,0.0471302879401722,0.06320902486824063,0.15645608728793023,0.06320902486824063
2023-01-12,133.8800048828125,134.25999450683594,131.44000244140625,133.41000366210938,71379600,133.41000366210938,0.05954004182487405,0.04904403687592315,0.05447327968480872,0.06261199624428798,0.16295712368994317,0.06261199624428798
2023-01-13,132.02999877929688,134.9199981689453,131.66000366210938,134.75999450683594,57809700,134.75999450683594,0.045543929710754286,0.0540315953654934,0.05612172273617765,0.07268655536062642,0.1170267785701037,0.07268655536062642
2023-01-17,134.8300018310547,137.2899932861328,134.1300048828125,135.94000244140625,63646600,135.94000244140625,0.06672718773233997,0.07194132821332369,0.07462914890466801,0.08149258522446962,0.13678306501510262,0.08149258522446962
2023-01-18,136.82000732421875,138.61000061035156,135.02999877929688,135.2100067138672,69672800,135.2100067138672,0.08178245697556556,0.08191644519246419,0.08137269641859798,0.07604485560430588,0.15718007941912748,0.07604485560430588
2023-01-19,134.0800018310547,136.25,133.77000427246094,135.27000427246094,58280400,135.27000427246094,0.06105310694652965,0.06408223948225512,0.07193170703263672,0.0764925986043787,0.11861996742543118,0.0764925986043787
2023-01-20,135.27999877929688,138.02000427246094,134.22000122070312,137.8699951171875,80223600,137.8699951171875,0.07013161311593234,0.07745792259206369,0.07530348078960171,0.09589551646078973,0.19289160900227859,0.09589551646078973
2023-01-23,138.1199951171875,143.32000732421875,137.89999389648438,141.11000061035156,81760300,141.11000061035156,0.09161743798606149,0.11750932947526109,0.10287722940832465,0.12007466330882191,0.1980929119850314,0.12007466330882191
2023-01-24,140.30999755859375,143.16000366210938,140.3000030517578,142.52999877929688,66435100,142.52999877929688,0.10818577235094268,0.11630020342167914,0.1208602133326321,0.1306716651729564,0.1462213635557457,0.1306716651729564
2023-01-25,140.88999938964844,142.42999267578125,138.80999755859375,141.86000061035156,65799300,141.86000061035156,0.11257374201137228,0.11078360904293914,0.10969577890877827,0.12567167855286548,0.14406935702458526,0.12567167855286548
2023-01-26,143.1699981689453,144.25,141.89999389648438,143.9600067138672,54105100,143.9600067138672,0.12982293836507813,0.12453715845806794,0.13284875494987386,0.1413433667848141,0.1044877357966892,0.1413433667848141
2023-01-27,143.16000366210938,147.22999572753906,143.0800018310547,145.92999267578125,70555800,145.92999267578125,0.12974732551280954,0.14705658349014825,0.14169041443742508,0.1560447553973272,0.16016878933893663,0.1560447553973272
2023-01-30,144.9600067138672,145.5500030517578,142.85000610351562,143.0,64015300,143.0,0.14336514248664814,0.13436110585335892,0.13996708373182903,0.13417913716894903,0.13803101218093913,0.13417913716894903
2023-01-31,142.6999969482422,144.33999633789062,142.27999877929688,144.2899932861328,65874500,144.2899932861328,0.12626717183747946,0.12521724862248013,0.13569608646265593,0.14380595328521462,0.14432388815252373,0.14380595328521462
2023-02-01,143.97000122070312,146.61000061035156,141.32000732421875,145.42999267578125,77663600,145.42999267578125,0.1358753142911696,0.142371364168277,0.12850298435877017,0.15231341190129818,0.18422671954054423,0.15231341190129818
2023-02-02,148.89999389648438,151.17999267578125,148.1699981689453,150.82000732421875,118339000,150.82000732421875,0.1731728832456176,0.1769061766727344,0.17982915324929527,0.19253740410519524,0.3219016589201652,0.19253740410519524
2023-02-03,148.02999877929688,157.3800048828125,147.8300018310547,154.5,154357300,154.5,0.16659098647470777,0.22375883112587497,0.17728160101801477,0.220000037577617,0.4438136073965663,0.220000037577617
2023-02-06,152.57000732421875,153.10000610351562,150.77999877929688,151.72999572753906,69858300,151.72999572753906,0.20093815347758226,0.19141545869850368,0.19938557823844802,0.19932836272557744,0.15780794543285862,0.19932836272557744
2023-02-07,150.63999938964844,155.22999572753906,150.63999938964844,154.64999389648438,83322600,154.64999389648438,0.18633679222690644,0.20751150246596103,0.19833657941778565,0.22111939507779904,0.20338086386240156,0.22111939507779904
2023-02-08,153.8800048828125,154.5800018310547,151.1699981689453,151.9199981689453,64120100,151.9199981689453,0.2108488627798159,0.20259958642261908,0.2023077974054572,0.20074629147351913,0.1383857310932789,0.20074629147351913
2023-02-09,153.77999877929688,154.3300018310547,150.4199981689453,150.8699951171875,56007100,150.8699951171875,0.21009227249925355,0.20071037020462493,0.19668813636641672,0.1929104473575448,0.11092547788896215,0.1929104473575448
2023-02-10,149.4600067138672,151.33999633789062,149.22000122070312,151.00999450683594,57450700,151.00999450683594,0.17740962720151005,0.17811530272631634,0.18769670157041127,0.19395521898157028,0.1158116632119933,0.19395521898157028
2023-02-13,150.9499969482422,154.25999450683594,150.9199981689453,153.85000610351562,62199000,153.85000610351562,0.18868206048139297,0.20018133431545518,0.20043457705911036,0.2151493365814059,0.13188334080228753,0.2151493365814059
2023-02-14,152.1199951171875,153.77000427246094,150.86000061035156,153.1999969482422,61707600,153.1999969482422,0.19753361265452077,0.19647854432569517,0.1999850224691546,0.21029852171362814,0.13022008819232805,0.21029852171362814
2023-02-15,153.11000061035156,155.5,152.8800048828125,155.3300018310547,65573800,155.3300018310547,0.2050234408499993,0.20955188826780471,0.21512067488067996,0.2261940814456132,0.14330610211301453,0.2261940814456132
2023-02-16,153.50999450683594,156.3300018310547,153.35000610351562,153.7100067138672,68167900,153.7100067138672,0.2080495710933105,0.21582409994857812,0.21864233827839571,0.21410456495738042,0.15208641061015715,0.21410456495738042
2023-02-17,152.35000610351562,153.0,150.85000610351562,152.5500030517578,59144100,152.5500030517578,0.19927374721192037,0.1906597260878632,0.19991013481492745,0.20544782071741707,0.12154335220203273,0.20544782071741707
2023-02-21,150.1999969482422,151.3000030517578,148.41000366210938,148.47999572753906,58867200,148.47999572753906,0.18300797969558266,0.1778130788672244,0.18162748594141498,0.17507463000138868,0.1206061225567381,0.17507463000138868
2023-02-22,148.8699951171875,149.9499969482422,147.16000366210938,148.91000366210938,51011300,148.91000366210938,0.17294592924934274,0.16761126516661315,0.17226138420968085,0.1782836446211883,0.09401608149328539,0.1782836446211883
2023-02-23,150.08999633789062,150.33999633789062,147.24000549316406,149.39999389648438,48394200,149.39999389648438,0.18217577656275172,0.17055843785433975,0.17286082844038742,0.1819402883694941,0.085157924379885,0.1819402883694941
2023-02-24,147.11000061035156,147.19000244140625,145.72000122070312,146.7100067138672,55469600,146.7100067138672,0.15963079456351673,0.14675435963105626,0.1614716167215557,0.16186575601297384,0.10910618957424253,0.16186575601297384
2023-02-27,147.7100067138672,149.1699981689453,147.4499969482422,147.9199981689453,44998500,147.9199981689453,0.16417010536795262,0.16171691979115996,0.1744342695052327,0.1708955435052868,0.07366442237003681,0.1708955435052868
2023-02-28,147.0500030517578,149.0800018310547,146.8300018310547,147.41000366210938,50547000,147.41000366210938,0.15917688657096696,0.16103682962674776,0.16978871963262746,0.16708961413310117,0.09244455486161224,0.16708961413310117
2023-03-01,146.8300018310547,147.22999572753906,145.00999450683594,145.30999755859375,55479000,145.30999755859375,0.15751248030530507,0.14705658349014825,0.15615162063172025,0.15141792590115252,0.10913800596523483,0.15141792590115252
2023-03-02,144.3800048828125,146.7100067138672,143.89999389648438,145.91000366210938,52238100,145.91000366210938,0.13897717282621852,0.1431270967789175,0.14783451772064846,0.15589558364501405,0.0981684589900259,0.15589558364501405
2023-03-03,148.0399932861328,151.11000061035156,147.3300018310547,151.02999877929688,70732300,151.02999877929688,0.16666659932697636,0.1763772560921717,0.17353516032532113,0.19410450460545012,0.16076619285065386,0.19410450460545012
2023-03-06,153.7899932861328,156.3000030517578,153.4600067138672,153.8300018310547,87558000,153.8300018310547,0.21016788535152214,0.21559740322710738,0.21946655980408017,0.21500005095752608,0.21771651731014754,0.21500005095752608
2023-03-07,153.6999969482422,154.02999877929688,151.1300048828125,151.60000610351562,56182000,151.60000610351562,0.20948702336269748,0.19844328768131053,0.20200813245625218,0.1983582908492752,0.1115174658447658,0.1983582908492752
2023-03-08,152.80999755859375,153.47000122070312,151.8300018310547,152.8699951171875,47204800,152.8699951171875,0.20275378544778133,0.19421146180238077,0.207253126559564,0.20783582134166098,0.08113213550262452,0.20783582134166098
2023-03-09,153.55999755859375,154.5399932861328,150.22999572753906,150.58999633789062,53833600,150.58999633789062,0.20842786623359166,0.20229724725492007,0.1952644706100257,0.1908209041094939,0.10356878365260291,0.1908209041094939
2023-03-10,150.2100067138672,150.94000244140625,147.61000061035156,148.5,68572400,148.5,0.18308370798732035,0.17509260290096854,0.17563315796664583,0.17522391562526848,0.1534555308395601,0.17522391562526848
2023-03-13,147.80999755859375,153.13999938964844,147.6999969482422,150.47000122070312,84457100,150.47000122070312,0.16492658020904588,0.19171768255759564,0.17630748985157954,0.18992541810934824,0.2072208314773772,0.18992541810934824
2023-03-14,151.27999877929688,153.39999389648438,150.10000610351562,152.58999633789062,73695900,152.58999633789062,0.1911786698798858,0.19368242591321103,0.19429047377588698,0.20574627809361007,0.17079715629158979,0.20574627809361007
2023-03-15,151.19000244140625,153.25,149.9199981689453,152.99000549316406,77167900,152.99000549316406,0.19049780789106116,0.19254894230585734,0.19294169567372307,0.2087314212133733,0.182548912624067,0.2087314212133733
2023-03-16,152.16000366210938,156.4600067138672,151.63999938964844,155.85000610351562,76161100,155.85000610351562,0.19783629494253335,0.21680652928068933,0.20582946080317294,0.23007471056552206,0.17914117406544428,0.23007471056552206
2023-03-17,156.0800018310547,156.74000549316406,154.27999877929688,155.0,98944600,155.0,0.22749280999696567,0.21892244222015422,0.22561066308730357,0.22373138107364604,0.2562569979136571,0.22373138107364604
2023-03-20,155.07000732421875,157.82000732421875,154.14999389648438,157.39999389648438,73641400,157.39999389648438,0.21985175609694999,0.2270838701189218,0.22463655192086834,0.24164178430595878,0.17061268891828332,0.24164178430595878
2023-03-21,157.32000732421875,159.39999389648438,156.5399932861328,159.27999877929688,73938300,159.27999877929688,0.23687399845438095,0.23902361514507062,0.24254453385865213,0.2556716722899293,0.17161761301249776,0.2556716722899293
2023-03-22,159.3000030517578,162.13999938964844,157.80999755859375,157.8300018310547,75701800,157.8300018310547,0.25185353940586885,0.259729466405385,0.25206052523113703,0.24485079892575842,0.1775865710460011,0.24485079892575842
2023-03-23,158.8300018310547,161.5500030517578,157.67999267578125,158.92999267578125,67622100,158.92999267578125,0.24829777287827018,0.25527094380498455,0.2510864140647018,0.2530596862940823,0.1502390290991358,0.2530596862940823
2023-03-24,158.86000061035156,160.33999633789062,157.85000610351562,160.25,59196500,160.25,0.24852472687454505,0.24612708657410576,0.2523603045126386,0.262910487781951,0.1217207116582026,0.262910487781951
2023-03-27,159.94000244140625,160.77000427246094,157.8699951171875,158.27999877929688,52390300,158.27999877929688,0.2566954170588482,0.24937659842953136,0.2525100798210928,0.24820898529787122,0.09868361374630558,0.24820898529787122
2023-03-28,157.97000122070312,158.49000549316406,155.97999572753906,157.64999389648438,45992200,157.64999389648438,0.2417914889596289,0.23214695574611327,0.2383485385760027,0.2435074560539733,0.07702782106461706,0.2435074560539733
2023-03-29,159.3699951171875,161.0500030517578,159.35000610351562,160.77000427246094,51305700,160.77000427246094,0.2523830602506872,0.25149251136899625,0.26359962659071956,0.26679111690185986,0.09501254378138484,0.26679111690185986
2023-03-30,161.52999877929688,162.47000122070312,161.27000427246094,162.36000061035156,49501700,162.36000061035156,0.2687244406192935,0.2622232456501702,0.27798594513078756,0.2786567618900562,0.08890650448881891,0.2786567618900562
2023-03-31,162.44000244140625,165.0,161.91000366210938,164.89999389648438,68749800,164.89999389648438,0.27560901967821594,0.28134210455158243,0.2827813846441436,0.2976119367463944,0.1540559806014787,0.2976119367463944
2023-04-03,164.27000427246094,166.2899932861328,164.22000122070312,166.1699981689453,56976200,166.1699981689453,0.28945379064832943,0.29109040950064513,0.30008992235122084,0.30708958111034684,0.11420561241137105,0.30708958111034684
2023-04-04,166.60000610351562,166.83999633789062,165.11000061035156,165.6300048828125,46278300,165.6300048828125,0.30708128214231645,0.29524670824195365,0.30675858221092367,0.3030597802381248,0.07799619015641479,0.3030597802381248
2023-04-05,164.74000549316406,165.0500030517578,161.8000030517578,163.75999450683594,51511700,163.75999450683594,0.2930095571759281,0.28171997085690265,0.28195716311845914,0.28910447813031087,0.09570979660525877,0.28910447813031087
2023-04-06,162.42999267578125,164.9600067138672,162.0,164.66000366210938,45390100,164.66000366210938,0.27553329138647825,0.2810398806924905,0.28345571652907725,0.29582096474610314,0.07498987967988649,0.29582096474610314
2023-04-10,161.4199981689453,162.02999877929688,160.0800018310547,162.02999877929688,47716900,162.02999877929688,0.26789223748646257,0.2588982066571233,0.26906939798900925,0.27619406151808906,0.08286545186721599,0.27619406151808906
2023-04-11,162.35000610351562,162.36000061035156,160.50999450683594,160.8000030517578,47644200,160.8000030517578,0.2749281576893913,0.2613919859019085,0.27229128210522346,0.26701498840189625,0.08261938254539251,0.26701498840189625
2023-04-12,161.22000122070312,162.05999755859375,159.77999877929688,160.10000610351562,50133100,160.10000610351562,0.26637917236480696,0.25912490337859406,0.2668215107069337,0.2617911302817689,0.09104361824121698,0.2617911302817689
2023-04-13,161.6300048828125,165.8000030517578,161.4199981689453,165.55999755859375,68445600,165.55999755859375,0.26948103089985587,0.2873876195108851,0.27910983160567704,0.30253733749032874,0.15302634803340856,0.30253733749032874
2023-04-14,164.58999633789062,166.32000732421875,163.82000732421875,165.2100067138672,49386500,165.2100067138672,0.2918746717550845,0.2913172215307229,0.2970928155299845,0.2999254653660484,0.08851658446304086,0.2999254653660484
2023-04-17,165.08999633789062,165.38999938964844,164.02999877929688,165.22999572753906,41516200,165.22999572753906,0.2956573922789581,0.284289277239309,0.29866625659482976,0.3000746371183616,0.061877803396365894,0.3000746371183616
2023-04-18,166.10000610351562,167.41000366210938,165.64999389648438,166.47000122070312,49923000,166.47000122070312,0.3032985616184429,0.2995541765671117,0.31080468785282234,0.3093284099822776,0.09033248805531449,0.3093284099822776
2023-04-19,165.8000030517578,168.16000366210938,165.5399932861328,167.6300048828125,47720200,167.6300048828125,0.3010289062162249,0.30522182522109415,0.3099804663271379,0.317985154222241,0.08287662145128775,0.317985154222241
2023-04-20,166.08999633789062,167.8699951171875,165.55999755859375,166.64999389648438,52456400,166.64999389648438,0.3032228333267052,0.303030269835401,0.3101303559678886,0.31067163898249606,0.09890734389998551,0.31067163898249606
2023-04-21,165.0500030517578,166.4499969482422,164.49000549316406,165.02000427246094,58337300,165.02000427246094,0.29535482543041464,0.29229953555422705,0.30211303233831843,0.2985075366181067,0.118812558132608,0.2985075366181067
2023-04-24,165.0,165.60000610351562,163.88999938964844,165.3300018310547,41949600,165.3300018310547,0.29497653029013343,0.2858762695982112,0.2976172577741674,0.300820951366194,0.06334474210445795,0.300820951366194
2023-04-25,165.19000244140625,166.30999755859375,163.72999572753906,163.77000427246094,48714100,163.77000427246094,0.29641398255952045,0.2912415790844946,0.2964183693127543,0.2891791778780341,0.0862406970903572,0.2891791778780341
2023-04-26,163.05999755859375,165.27999877929688,162.8000030517578,163.75999450683594,45498800,163.75999450683594,0.28029955618718905,0.2834580174910473,0.2894500445038464,0.28910447813031087,0.07535779900976561,0.28910447813031087
2023-04-27,165.19000244140625,168.55999755859375,165.19000244140625,168.41000366210938,64902300,168.41000366210938,0.29641398255952045,0.308244525046442,0.30735802644163024,0.32380604096632093,0.14103326099053226,0.32380604096632093
2023-04-28,168.49000549316406,169.85000610351562,167.8800048828125,169.67999267578125,55275900,169.67999267578125,0.3213799611049797,0.31799294530411176,0.32751389566148953,0.33328357145870674,0.10845056883645428,0.33328357145870674
2023-05-01,169.27999877929688,170.4499969482422,168.63999938964844,169.58999633789062,52472900,169.58999633789062,0.3273566087393335,0.3225269950421335,0.3332084443547571,0.3326119569585975,0.09896319182034435,0.3326119569585975
2023-05-02,170.08999633789062,170.35000610351562,167.5399932861328,168.5399932861328,48425700,168.5399932861328,0.33348459751769355,0.32177137774010006,0.32496622909791245,0.3247761128426232,0.08526454313693368,0.3247761128426232
2023-05-03,169.5,170.9199981689453,167.16000366210938,167.4499969482422,65136000,167.4499969482422,0.32902101500499537,0.32607873075665106,0.3221190119174269,0.3166418113504559,0.14182427062616013,0.3166418113504559
2023-05-04,164.88999938964844,167.0399932861328,164.30999755859375,165.7899932861328,81235400,165.7899932861328,0.2941443271573025,0.2967580581546276,0.3007642542361545,0.30425372361446346,0.19631627117313127,0.30425372361446346
2023-05-05,170.97999572753906,174.3000030517578,170.75999450683594,173.57000732421875,113453200,173.57000732421875,0.3402178354326097,0.35162097092268624,0.3490933163054433,0.36231353317451664,0.3053645819935474,0.36231353317451664
2023-05-08,172.47999572753906,173.85000610351562,172.11000061035156,173.5,55962800,173.5,0.35156599700423036,0.34822040479201816,0.35920875190863477,0.3617910904267206,0.1107755346846048,0.3617910904267206
2023-05-09,173.0500030517578,173.5399932861328,171.60000610351562,171.77000427246094,45326900,171.77000427246094,0.35587835381239136,0.34587767982247547,0.355387423561714,0.3488806738144988,0.07477596522129992,0.3488806738144988
2023-05-10,173.02000427246094,174.02999877929688,171.89999389648438,173.55999755859375,53724500,173.55999755859375,0.3556513998161165,0.34958058512084256,0.35763519651149295,0.3622388334267934,0.10319951043374541,0.3622388334267934
2023-05-11,173.85000610351562,174.58999633789062,172.1699981689453,173.75,49514700,173.75,0.36193072973848284,0.35381241099977234,0.35965830649859054,0.36365676217473514,0.08895050588061677,0.36365676217473514
2023-05-12,173.6199951171875,174.05999755859375,171.0,172.57000732421875,45533100,172.57000732421875,0.36019059518108326,0.3498072818423133,0.35089164899756303,0.3548508461824586,0.07547389498966306,0.3548508461824586
2023-05-15,173.16000366210938,173.2100067138672,171.47000122070312,172.07000732421875,37266700,172.07000732421875,0.3567105569452223,0.3433840158862974,0.35441331239527873,0.35111950268642955,0.04749442536213146,0.35111950268642955
2023-05-16,171.99000549316406,173.13999938964844,171.8000030517578,172.07000732421875,42110300,172.07000732421875,0.34785900477209447,0.34285497999712766,0.35688597697233215,0.35111950268642955,0.06388866700152854,0.35111950268642955
2023-05-17,171.7100067138672,172.92999267578125,170.4199981689453,172.69000244140625,57951600,172.69000244140625,0.34574069051388284,0.34126798763822547,0.34654576407416277,0.3557463321826042,0.11750707068518967,0.3557463321826042
2023-05-18,173.0,175.24000549316406,172.5800018310547,175.0500030517578,65496700,175.0500030517578,0.35550005867211015,0.35872444235172135,0.36273041530635053,0.37335827803872396,0.1430451400124287,0.37335827803872396
2023-05-19,176.38999938964844,176.38999938964844,174.94000244140625,175.16000366210938,55809500,175.16000366210938,0.38114689920639405,0.3674147908310516,0.3804136199491564,0.374179178162713,0.11025665673363452,0.374179178162713
2023-05-22,173.97999572753906,174.7100067138672,173.4499969482422,174.1999969482422,43570900,174.1999969482422,0.36291415857585096,0.3547193131942623,0.3692491855253026,0.3670149485468479,0.06883239260614152,0.3670149485468479
2023-05-23,173.1300048828125,173.3800048828125,171.27999877929688,171.55999755859375,50747300,171.55999755859375,0.35648360294894743,0.3446686690775006,0.3529896466388877,0.3473134594426773,0.09312251476754403,0.3473134594426773
2023-05-24,171.08999633789062,172.4199981689453,170.52000427246094,171.83999633789062,45143500,171.83999633789062,0.34105003856544064,0.33741402806461596,0.34729509794562013,0.34940300269072816,0.07415520712470536,0.34940300269072816
2023-05-25,172.41000366210938,173.89999389648438,171.69000244140625,172.99000549316406,56058300,172.99000549316406,0.35103647615941197,0.3485981557887313,0.3560617554466477,0.357985161054535,0.11109877567819684,0.357985161054535
2023-05-26,173.32000732421875,175.77000427246094,173.11000061035156,175.42999267578125,54835000,175.42999267578125,0.3579210552183344,0.3627295715091804,0.36670163329402206,0.3761940216630407,0.10695824471001729,0.3761940216630407
2023-05-30,176.9600067138672,178.99000549316406,176.57000732421875,177.3000030517578,55964400,177.3000030517578,0.38545925601455505,0.3870626856216336,0.39262705319367264,0.39014932377085465,0.11078095024051837,0.39014932377085465
2023-05-31,177.3300018310547,179.35000610351562,176.75999450683594,177.25,99625300,177.25,0.3882584322615914,0.38978316158788945,0.39405060461776714,0.3897761666469384,0.2585609784826425,0.3897761666469384
2023-06-01,177.6999969482422,180.1199951171875,176.92999267578125,180.08999633789062,68901800,180.08999633789062,0.3910576085086277,0.3956018645171144,0.39532438073340737,0.4109701703752074,0.1545704584132692,0.4109701703752074
2023-06-02,181.02999877929688,181.77999877929688,179.25999450683594,180.9499969482422,61996900,180.9499969482422,0.4162505410503618,0.4081462878786612,0.4127828080812354,0.41738808574324,0.13119928839595296,0.41738808574324
2023-06-05,182.6300048828125,184.9499969482422,178.0399932861328,179.5800018310547,121946500,179.5800018310547,0.4283552929025448,0.4321015356857942,0.40364148364447916,0.40716424100302173,0.3341120451440741,0.40716424100302173
2023-06-06,179.97000122070312,180.1199951171875,177.42999267578125,179.2100067138672,64848400,179.2100067138672,0.4082311920100649,0.3956018645171144,0.399070821426101,0.4044030832548616,0.14085082445069338,0.4044030832548616
2023-06-07,178.44000244140625,181.2100067138672,177.32000732421875,177.82000732421875,61944600,177.82000732421875,0.39665607644216944,0.4038389348621102,0.3982467142327131,0.39402995289076354,0.1310222674120277,0.39402995289076354
2023-06-08,177.89999389648438,180.83999633789062,177.4600067138672,180.57000732421875,50214900,180.57000732421875,0.3925706736302833,0.4010428164496261,0.39929571305337547,0.4145523421189233,0.09132048853729896,0.4145523421189233
2023-06-09,181.5,182.22999572753906,180.6300048828125,180.9600067138672,48900000,180.9600067138672,0.41980630757796045,0.4115468540093293,0.42304813332517766,0.4174627854909632,0.08686991699306673,0.4174627854909632
2023-06-12,181.27000427246094,183.88999938964844,180.97000122070312,183.7899932861328,54274900,183.7899932861328,0.41806628846002997,0.42409127737087615,0.42559568555645816,0.43858208947150895,0.1050624616680183,0.43858208947150895
2023-06-13,182.8000030517578,184.14999389648438,182.44000244140625,183.30999755859375,54929100,183.30999755859375,0.4296414040279255,0.4260560207264915,0.4366102303395612,0.43500003159935974,0.10727674709218495,0.43500003159935974
2023-06-14,183.3699951171875,184.38999938964844,182.02000427246094,183.9499969482422,57462900,183.9499969482422,0.4339536453966174,0.42786970980686445,0.43346323387757413,0.43977614671941423,0.11585295682583437,0.43977614671941423
2023-06-15,183.9600067138672,186.52000427246094,183.77999877929688,186.00999450683594,65433200,186.00999450683594,0.43841734334878474,0.4439658688829288,0.44665066395622904,0.45514926370360326,0.14283021013710834,0.45514926370360326
2023-06-16,186.72999572753906,186.99000549316406,184.27000427246094,184.9199981689453,101256200,184.9199981689453,0.4593735319346264,0.4475176045974464,0.45032221699469555,0.44701496221143594,0.2640811223198075,0.44701496221143594
2023-06-20,184.41000366210938,186.10000610351562,184.41000366210938,185.00999450683594,49799100,185.00999450683594,0.4418217687323771,0.44079199947373154,0.45137121581535794,0.44768657671154516,0.08991312094425633,0.44768657671154516
2023-06-21,184.89999389648438,185.41000366210938,182.58999633789062,183.9600067138672,49515700,183.9600067138672,0.44552876096451294,0.4355777442626905,0.4377341168144507,0.4398508464671375,0.08895389060306277,0.4398508464671375
2023-06-22,183.74000549316406,187.0500030517578,183.6699981689453,187.0,51245300,187.0,0.43675293708312285,0.44797099804038787,0.44582644243054453,0.46253736481950475,0.09480810654564704,0.46253736481950475
2023-06-23,185.5500030517578,187.55999755859375,185.00999450683594,186.67999267578125,53117000,186.67999267578125,0.45044636690923,0.4518249576139974,0.4558668760472124,0.46014925032369414,0.10114329154780649,0.46014925032369414
2023-06-26,186.8300018310547,188.0500030517578,185.22999572753906,185.27000427246094,48088700,185.27000427246094,0.46013012221518873,0.45552786291236447,0.4575153190985813,0.44962694820728294,0.08412389167263506,0.44962694820728294
2023-06-27,185.88999938964844,188.38999938964844,185.6699981689453,188.05999755859375,50730800,188.05999755859375,0.45301858915999144,0.45809716929477085,0.46081220520131916,0.4704477948116356,0.0930666668471852,0.4704477948116356
2023-06-28,187.92999267578125,189.89999389648438,187.60000610351562,189.25,51216800,189.25,0.4684520381040291,0.46950799374035695,0.4752735257279109,0.47932841055163544,0.09471164195593633,0.47932841055163544
2023-06-29,189.0800018310547,190.07000732421875,188.94000244140625,189.58999633789062,46347300,189.58999633789062,0.4771523645726197,0.4707927622401672,0.48531395934457866,0.48186569679975916,0.07822973600518811,0.48186569679975916
2023-06-30,191.6300048828125,194.47999572753906,191.25999450683594,193.97000122070312,85213200,193.97000122070312,0.4964442623322686,0.5041184486910426,0.502697384705883,0.5145523022638749,0.2097800201187902,0.5145523022638749
2023-07-03,193.77999877929688,193.8800048828125,191.75999450683594,192.4600067138672,31458200,192.4600067138672,0.5127099144091373,0.4995843989530209,0.5064438253985767,0.5032836858996312,0.027834265034598633,0.5032836858996312
2023-07-05,191.57000732421875,192.97999572753906,190.6199951171875,191.3300018310547,46920300,191.3300018310547,0.49599035433971883,0.4927831513830777,0.497901945192527,0.49485081315970425,0.08016918196674036,0.49485081315970425
2023-07-06,189.83999633789062,192.02000427246094,189.1999969482422,191.80999755859375,45094300,191.80999755859375,0.4829020582106986,0.4855286256788002,0.48726206734515265,0.49843287103185346,0.07398867878036265,0.49843287103185346
2023-07-07,191.41000366210938,192.6699981689453,190.24000549316406,190.67999267578125,46815000,190.67999267578125,0.49477985606660674,0.49044054172214213,0.4950547280120415,0.4899999982919265,0.07981277069317762,0.4899999982919265
2023-07-10,189.25999450683594,189.99000549316406,187.0399932861328,188.61000061035156,59922200,188.61000061035156,0.478514088550269,0.47018819921337623,0.4710774161129649,0.47455229543158095,0.12417700473725754,0.47455229543158095
2023-07-11,189.16000366210938,189.3000030517578,186.60000610351562,188.0800018310547,46638100,188.0800018310547,0.47775761370917574,0.4649739440023352,0.46778064434252353,0.47059708043551546,0.079214013292482,0.47059708043551546
2023-07-12,189.67999267578125,191.6999969482422,188.47000122070312,189.77000427246094,60750200,189.77000427246094,0.4816915599375865,0.4831103735716363,0.4817922959468629,0.48320903967154427,0.12697955492253724,0.48320903967154427
2023-07-13,190.5,191.19000244140625,189.77999877929688,190.5399932861328,41342300,190.5399932861328,0.4878952770076843,0.4792564139980267,0.49160795226855286,0.48895522666790103,0.061289200163008234,0.48895522666790103
2023-07-14,190.22999572753906,191.17999267578125,189.6300048828125,190.69000244140625,41616200,190.69000244140625,0.4858525756017412,0.47918077155179845,0.4904840657936634,0.49007469803964976,0.06221627564096489,0.49007469803964976
2023-07-17,191.89999389648438,194.32000732421875,191.80999755859375,193.99000549316406,50520200,193.99000549316406,0.49848684829874257,0.5029094379460678,0.5068184923343053,0.5147015878877548,0.0923538443000597,0.5147015878877548
2023-07-18,193.35000610351562,194.3300018310547,192.4199981689453,193.72999572753906,48288200,193.72999572753906,0.5094568301695511,0.502984965083689,0.5113891545526834,0.512761216392017,0.08479914380061006,0.512761216392017
2023-07-19,193.10000610351562,198.22999572753906,192.64999389648438,195.10000610351562,80507300,195.10000610351562,0.5075654699076144,0.5324566919609549,0.5131124852582796,0.5229851750038019,0.19385185476020594,0.5229851750038019
2023-07-20,195.08999633789062,196.47000122070312,192.5,193.1300048828125,59581200,193.1300048828125,0.5226206237113709,0.5191566512973746,0.51198859878339,0.5082836725197222,0.12302281438317494,0.5082836725197222
2023-07-21,194.10000610351562,194.97000122070312,191.22999572753906,191.94000244140625,71951700,191.94000244140625,0.5151309109553615,0.5078213539894098,0.5024726074109052,0.49940305677972235,0.16489352340129404,0.49940305677972235
2023-07-24,193.41000366210938,194.91000366210938,192.25,192.75,45377800,192.75,0.5099107381621009,0.5073679605464683,0.5101153784370432,0.5054478150238387,0.07494824759380081,0.5054478150238387
2023-07-25,193.3300018310547,194.44000244140625,192.9199981689453,193.6199951171875,37283200,193.6199951171875,0.5093054890255448,0.5038162248319507,0.5151355952453771,0.5119403162680279,0.04755027328249029,0.5119403162680279
2023-07-26,193.6699981689453,195.63999938964844,193.32000732421875,194.5,47471900,194.5,0.5118777112763063,0.5128844396166012,0.51813281639891,0.5185075172599404,0.08203619486794844,0.5185075172599404
2023-07-27,196.02000427246094,197.1999969482422,192.5500030517578,193.22000122070312,47460200,193.22000122070312,0.5296565439142996,0.5246731303675075,0.5123632657191187,0.5089552870198314,0.08199659361533036,0.5089552870198314
2023-07-28,194.6699981689453,196.6300048828125,194.13999938964844,195.8300018310547,48291400,195.8300018310547,0.5194431523240534,0.5203657773509566,0.5242769196821333,0.5284329046239656,0.08480997491243723,0.5284329046239656
2023-07-31,196.05999755859375,196.49000549316406,195.25999450683594,196.4499969482422,38824100,196.4499969482422,0.5299591107628431,0.5193078208812241,0.5326689102474322,0.5330597341201403,0.052765792099516255,0.5330597341201403
2023-08-01,196.24000549316406,196.72999572753906,195.27999877929688,195.61000061035156,35175100,195.61000061035156,0.5313209501799615,0.52112139465299,0.532818799888183,0.5267911043759875,0.040414939894098806,0.5267911043759875
2023-08-02,195.0399932861328,195.17999267578125,191.85000610351562,192.5800018310547,50389300,192.5800018310547,0.5222423285710897,0.5094082310397049,0.5071182716158069,0.5041791718997769,0.09191078413187961,0.5041791718997769
2023-08-03,191.57000732421875,192.3699951171875,190.69000244140625,191.1699981689453,61235200,191.1699981689453,0.49599035433971883,0.4881734591988277,0.49842650176900644,0.493656755911799,0.1286211453088424,0.493656755911799
2023-08-04,185.52000427246094,187.3800048828125,181.9199981689453,181.99000549316406,115956800,181.99000549316406,0.45021941291295514,0.450464777285173,0.43271390000611676,0.42514934398305776,0.3138385731093279,0.42514934398305776
2023-08-07,182.1300048828125,183.1300048828125,177.35000610351562,178.85000610351562,97576100,178.85000610351562,0.42457257237867124,0.41834810157927244,0.398471491527691,0.401716511382858,0.2516250052463198,0.401716511382858
2023-08-08,179.69000244140625,180.27000427246094,177.5800018310547,179.8000030517578,67823000,179.8000030517578,0.4061128777518533,0.3967354634330751,0.40019482223328706,0.40880604125099984,0.1509190198385352,0.40880604125099984
2023-08-09,180.8699951171875,180.92999267578125,177.00999450683594,178.19000244140625,60378500,178.19000244140625,0.41504004277724965,0.40172290661403826,0.39592382496411394,0.3967911106389237,0.12572145358936276,0.3967911106389237
2023-08-10,179.47999572753906,180.75,177.60000610351562,177.97000122070312,54686900,177.97000122070312,0.40452408433846,0.40036272628521385,0.4003447118740378,0.3951493103909456,0.10645696731576618,0.3951493103909456
2023-08-11,177.32000732421875,178.6199951171875,176.5500030517578,177.7899932861328,52036700,177.7899932861328,0.3881828194093228,0.3842665672091495,0.39247716355292184,0.39380596751916047,0.09748677588940352,0.39380596751916047
2023-08-14,177.97000122070312,179.69000244140625,177.30999755859375,179.4600067138672,43675600,179.4600067138672,0.39310030991457073,0.3923524679702958,0.39817171224618947,0.4062687550028761,0.06918677304623666,0.4062687550028761
2023-08-15,178.8800048828125,179.47999572753906,177.0500030517578,177.4499969482422,43622600,177.4499969482422,0.3999848889734932,0.39076547561139363,0.3962236042456155,0.3912686812710367,0.06900738275659919,0.3912686812710367
2023-08-16,177.1300048828125,178.5399932861328,176.5,176.57000732421875,46964900,176.57000732421875,0.3867453671399358,0.38366200418235846,0.39210249661719315,0.38470159415069094,0.08032014058783152,0.38470159415069094
2023-08-17,177.13999938964844,177.50999450683594,173.47999572753906,174.0,66062900,174.0,0.3868209799922044,0.3758784425889112,0.3694739628202805,0.36552243392274963,0.14496156986134823,0.36552243392274963
2023-08-18,172.3000030517578,175.10000610351562,171.9600067138672,174.49000549316406,61172200,174.49000549316406,0.350204273026581,0.3576664858819889,0.3580848654337453,0.3691791915426221,0.128407907794745,0.3691791915426221
2023-08-21,175.07000732421875,176.1300048828125,173.74000549316406,175.83999633789062,46311900,175.83999633789062,0.3711605770518918,0.36545004747543625,0.37142218515315095,0.3792537506589605,0.07810991683060006,0.3792537506589605
2023-08-22,177.05999755859375,177.67999267578125,176.25,177.22999572753906,42038900,177.22999572753906,0.3862157308556483,0.3771630957801143,0.39022927627084636,0.3896268810230586,0.06364699781888486,0.3896268810230586
2023-08-23,178.52000427246094,181.5500030517578,178.3300018310547,181.1199951171875,52722800,181.1199951171875,0.39726132557872545,0.4064082412445166,0.40581448327232755,0.4186567288673019,0.09980903395959724,0.4186567288673019
2023-08-24,180.6699981689453,181.10000610351562,176.00999450683594,176.3800048828125,54945800,176.3800048828125,0.4135269776555941,0.4030076751138485,0.38843094357872665,0.3832836654027492,0.10733327195703297,0.3832836654027492
2023-08-25,177.3800048828125,179.14999389648438,175.82000732421875,178.61000061035156,51449600,178.61000061035156,0.38863672740187255,0.3882716963666085,0.38700739215463215,0.3999254255110001,0.0954996053413628,0.3999254255110001
2023-08-28,180.08999633789062,180.58999633789062,178.5500030517578,180.19000244140625,43820700,180.19000244140625,0.40913900799516445,0.39915360023163193,0.40746292632369646,0.41171648462303984,0.06967789627314981,0.41171648462303984
2023-08-29,179.6999969482422,184.89999389648438,179.5,184.1199951171875,53003900,184.1199951171875,0.4061884906041219,0.43172366938047396,0.41458114077335506,0.4410447898434761,0.10076047943916502,0.4410447898434761
2023-08-30,184.94000244140625,187.85000610351562,184.74000549316406,187.64999389648438,60813900,187.64999389648438,0.4458314432525255,0.4540165129996906,0.4538438803924113,0.46738806581571585,0.1271951617423468,0.46738806581571585
2023-08-31,187.83999633789062,189.1199951171875,187.47999572753906,187.8699951171875,60794500,187.8699951171875,0.4677711761152044,0.46361364836490376,0.47437430221570276,0.46902986606369396,0.12712949812689459,0.46902986606369396
2023-09-01,189.49000549316406,189.9199981689453,188.27999877929688,189.4600067138672,45766500,189.4600067138672,0.4802542231076686,0.4696591633242065,0.4803686301904719,0.48089562492345694,0.07626388920855712,0.48089562492345694
2023-09-05,188.27999877929688,189.97999572753906,187.61000061035156,189.6999969482422,45280000,189.6999969482422,0.4710999886465282,0.4701125567671479,0.47534841338213796,0.4826865969237482,0.074617221738583,0.4826865969237482
2023-09-06,188.39999389648438,188.85000610351562,181.47000122070312,182.91000366210938,81755800,182.91000366210938,0.4720078046316277,0.4615733778716672,0.4293421262491518,0.4320150023511632,0.19807768073402446,0.4320150023511632
2023-09-07,175.17999267578125,178.2100067138672,173.5399932861328,177.55999755859375,112488800,177.55999755859375,0.37199266474525366,0.3811683402461804,0.36992351741023627,0.39208958139502575,0.3021003556666346,0.39208958139502575
2023-09-08,178.35000610351562,180.24000549316406,177.7899932861328,178.17999267578125,65551300,178.17999267578125,0.39597521445334477,0.39650876671160434,0.4017682632981323,0.39671641089120047,0.14322994585797974,0.39671641089120047
2023-09-11,180.07000732421875,180.3000030517578,177.33999633789062,179.36000061035156,58953100,179.36000061035156,0.40898778229062727,0.39696216015454583,0.39839648954116735,0.4055224407550436,0.12089687021484864,0.4055224407550436
2023-09-12,179.49000549316406,180.1300048828125,174.82000732421875,176.3000030517578,90370200,176.3000030517578,0.4045998126301977,0.39567750696334264,0.37951451076924486,0.38268663677879655,0.22723503377276055,0.38268663677879655
2023-09-13,176.50999450683594,177.3000030517578,173.97999572753906,174.2100067138672,84267900,174.2100067138672,0.3820547151914936,0.37429156553861603,0.37322040351297414,0.3670896482945712,0.2065804419905959,0.3670896482945712
2023-09-14,174.0,176.10000610351562,173.5800018310547,175.74000549316406,60895800,175.74000549316406,0.36306549971985724,0.3652233507539655,0.3702232966917378,0.3785075502826947,0.1274723705106734,0.3785075502826947
2023-09-15,176.47999572753906,176.5,173.82000732421875,175.00999450683594,109259500,175.00999450683594,0.3818277611952187,0.3682460505793133,0.3720216293838575,0.37305970679096434,0.2911700714717992,0.37305970679096434
2023-09-18,176.47999572753906,179.3800048828125,176.1699981689453,177.97000122070312,67257600,177.97000122070312,0.3818277611952187,0.3900098583093602,0.3896298320401398,0.3951493103909456,0.14900529776757246,0.3951493103909456
2023-09-19,177.52000427246094,179.6300048828125,177.1300048828125,179.07000732421875,51826900,179.07000732421875,0.38969588453097836,0.39189907452735434,0.39682304847632205,0.40335831163083613,0.09677666112023482,0.40335831163083613
2023-09-20,179.25999450683594,179.6999969482422,175.39999389648438,175.49000549316406,58436200,175.49000549316406,0.4028596780727981,0.39242799510791704,0.38386028136034855,0.3766418785346802,0.11914730718251641,0.3766418785346802
2023-09-21,174.5500030517578,176.3000030517578,173.86000061035156,173.92999267578125,63149100,173.92999267578125,0.36722651538401196,0.36673470066663943,0.37232129433306255,0.3649999911749536,0.1350991655982226,0.3649999911749536
2023-09-22,174.6699981689453,177.0800018310547,174.0500030517578,174.7899932861328,56725400,174.7899932861328,0.3681343313691115,0.3726290460420926,0.37374496008945357,0.3714179065429862,0.11335672402191675,0.3714179065429862
2023-09-25,174.1999969482422,176.97000122070312,174.14999389648438,176.0800018310547,46172700,176.0800018310547,0.36457856484151285,0.37179778629383087,0.3744941796286144,0.38104483653081844,0.07763876346611825,0.38104483653081844
2023-09-26,174.82000732421875,175.1999969482422,171.66000366210938,171.9600067138672,64588900,171.9600067138672,0.36926921678995506,0.35842210318402234,0.3558369781516698,0.3502986025624405,0.139972488975959,0.3502986025624405
2023-09-27,172.6199951171875,173.0399932861328,169.0500030517578,170.42999267578125,66921800,170.42999267578125,0.35262515413333617,0.34209924738648717,0.3362805531625171,0.3388805867027503,0.14786870797020904,0.3388805867027503
2023-09-28,169.33999633789062,172.02999877929688,167.6199951171875,170.69000244140625,56294400,170.69000244140625,0.3278105167318832,0.33446685537688936,0.325565673328619,0.34082095819848807,0.11189790864769507,0.34082095819848807
2023-09-29,172.02000427246094,173.07000732421875,170.33999633789062,171.2100067138672,51861100,171.2100067138672,0.3480859587683694,0.34232605941656497,0.3459463198434562,0.3447015873183969,0.09689241862788768,0.3447015873183969
2023-10-02,171.22000122070312,174.3000030517578,170.92999267578125,173.75,52164500,173.75,0.34203358284227786,0.35162097092268624,0.35036709242108355,0.36365676217473514,0.09791934341800104,0.36365676217473514
2023-10-03,172.25999450683594,173.6300048828125,170.82000732421875,172.39999389648438,49594600,172.39999389648438,0.34990159073856847,0.34655788529549475,0.3495429852276956,0.35358208918683004,0.08922094520405138,0.35358208918683004
2023-10-04,171.08999633789062,174.2100067138672,170.97000122070312,173.66000366210938,53020300,173.66000366210938,0.34105003856544064,0.350940880758274,0.3506668717025851,0.36298514767462586,0.10081598888727926,0.36298514767462586
2023-10-05,173.7899932861328,175.4499969482422,172.67999267578125,174.91000366210938,48527900,174.91000366210938,0.36147670630646395,0.3603113194020165,0.3634796348455113,0.3723135064146985,0.08561046177091386,0.3723135064146985
2023-10-06,173.8000030517578,177.99000549316406,173.17999267578125,177.49000549316406,57266700,177.49000549316406,0.3615524345982017,0.379505820749657,0.367226075538205,0.39156725251879637,0.11518887428193113,0.39156725251879637
2023-10-09,176.80999755859375,179.0500030517578,175.8000030517578,178.99000549316406,42390800,178.99000549316406,0.38432437059371155,0.3875160790645751,0.38685750251388135,0.40276128300688346,0.06483808164762873,0.40276128300688346
2023-10-10,178.10000610351562,179.72000122070312,177.9499969482422,178.38999938964844,43698000,178.38999938964844,0.394083854191408,0.39257916469176657,0.40296715175954545,0.39828362526302197,0.06926259082902683,0.39828362526302197
2023-10-11,178.1999969482422,179.85000610351562,177.60000610351562,179.8000030517578,47551100,179.8000030517578,0.3948403290325012,0.39356159402387775,0.4003447118740378,0.40880604125099984,0.08230426488567084,0.40880604125099984
2023-10-12,180.07000732421875,182.33999633789062,179.0399932861328,180.7100067138672,56743100,180.7100067138672,0.40898778229062727,0.412378113757591,0.41113436502986644,0.4155971137429487,0.11341663360921078,0.4155971137429487
2023-10-13,181.4199981689453,181.92999267578125,178.13999938964844,178.85000610351562,51427100,178.85000610351562,0.4192010584414044,0.4092797714860149,0.4043908175159365,0.401716511382858,0.09542344908632802,0.401716511382858
2023-10-16,176.75,179.0800018310547,176.50999450683594,178.72000122070312,52517000,178.72000122070312,0.38387046260116175,0.3877427757860458,0.3921773842714203,0.40074632563498913,0.0991124580802125,0.40074632563498913
2023-10-17,176.64999389648438,178.4199981689453,174.8000030517578,177.14999389648438,57549400,177.14999389648438,0.3831138723205994,0.38275521729647555,0.37936462112849406,0.3890298523991059,0.1161457353174125,0.3890298523991059
2023-10-18,175.5800018310547,177.5800018310547,175.11000061035156,175.83999633789062,54764400,175.83999633789062,0.375018910428034,0.3764074784780809,0.3816873960647967,0.3792537506589605,0.1067192833053304,0.3792537506589605
2023-10-19,176.0399932861328,177.83999633789062,175.19000244140625,175.4600067138672,59302900,175.4600067138672,0.37849894866389494,0.3783722218336963,0.38228684029550325,0.3764180070346438,0.12208084612645594,0.3764180070346438
2023-10-20,175.30999755859375,175.4199981689453,172.63999938964844,172.8800048828125,64244000,172.8800048828125,0.3729762090220909,0.36008462268054575,0.3631799698963063,0.35716426093054593,0.13880509820433704,0.35716426093054593
2023-10-23,170.91000366210938,174.00999450683594,169.92999267578125,173.0,55980100,173.0,0.33968831458779136,0.349429415536993,0.34287421103569626,0.35805974693069154,0.11083409038292041,0.35805974693069154
2023-10-24,173.0500030517578,173.6699981689453,171.4499969482422,173.44000244140625,43816600,173.44000244140625,0.35587835381239136,0.3468601091545867,0.354263422754528,0.36134334742664775,0.06966401891112126,0.36134334742664775
2023-10-25,171.8800048828125,173.05999755859375,170.64999389648438,171.10000610351562,57157000,171.10000610351562,0.3470268016392635,0.3422504169703367,0.3482690947797588,0.34388068719440784,0.11481757022960604,0.34388068719440784
2023-10-26,170.3699951171875,171.3800048828125,165.6699981689453,166.88999938964844,70625300,166.88999938964844,0.33560291177590523,0.3295549393335474,0.3109545774935731,0.312462724854354,0.16040402754893293,0.312462724854354
2023-10-27,166.91000366210938,168.9600067138672,166.8300018310547,168.22000122070312,58499100,168.22000122070312,0.30942655039680295,0.31126734018039687,0.31964634734037356,0.32238811221837926,0.11936020622436919,0.32238811221837926
2023-10-30,169.02000427246094,171.1699981689453,168.8699951171875,170.2899932861328,51131000,170.2899932861328,0.3253896356251281,0.3279679469746452,0.33493177506035315,0.33783581507872484,0.09442123277007039,0.33783581507872484
2023-10-31,169.35000610351562,170.89999389648438,167.89999389648438,170.77000427246094,44846000,170.77000427246094,0.32788624502362096,0.3259275611728015,0.32766367096994375,0.3414179868224407,0.07314825219702334,0.3414179868224407
2023-11-01,171.0,174.22999572753906,170.1199951171875,173.97000122070312,56934900,173.97000122070312,0.340369176576616,0.3510919350335165,0.3442978767920873,0.36529856242271325,0.11406582337435166,0.36529856242271325
2023-11-02,175.52000427246094,177.77999877929688,175.4600067138672,177.57000732421875,77334800,177.57000732421875,0.3745650024354842,0.3779188283907548,0.38430995028260084,0.392164281142749,0.18311382280030272,0.392164281142749
2023-11-03,174.24000549316406,176.82000732421875,173.35000610351562,176.64999389648438,79829200,176.64999389648438,0.36488124712952547,0.3706643026864772,0.36849996598614176,0.38529850890307693,0.19155667446958013,0.38529850890307693
2023-11-06,176.3800048828125,179.42999267578125,176.2100067138672,179.22999572753906,63841300,179.22999572753906,0.38107128635412546,0.39038760930607336,0.38992961132164133,0.4045522550071748,0.13744207047533688,0.4045522550071748
2023-11-07,179.17999267578125,182.44000244140625,178.97000122070312,181.82000732421875,70530000,181.82000732421875,0.402254428936242,0.41313384636823147,0.41060992278568353,0.4238807008589959,0.16008146349983007,0.4238807008589959
2023-11-08,182.35000610351562,183.4499969482422,181.58999633789062,182.88999938964844,49340300,182.88999938964844,0.42623697864433313,0.4207662383778293,0.4302412354290634,0.43186571672728336,0.08836021028603612,0.43186571672728336
2023-11-09,182.9600067138672,184.1199951171875,181.80999755859375,182.41000366210938,53763500,182.41000366210938,0.43085190230103765,0.42582932400502077,0.4318896784804323,0.42828365885513414,0.10333151460913902,0.42828365885513414
2023-11-10,183.97000122070312,186.57000732421875,183.52999877929688,186.39999389648438,66133400,186.39999389648438,0.43849295620105333,0.4443437351882491,0.4447774436098822,0.45805970707564325,0.1452001927937905,0.45805970707564325
2023-11-13,185.82000732421875,186.02999877929688,184.2100067138672,184.8000030517578,43627500,184.8000030517578,0.45248906831517305,0.4402629635845618,0.4498726624047398,0.4461194762112903,0.06902396789658455,0.4461194762112903
2023-11-14,187.6999969482422,188.11000061035156,186.3000030517578,187.44000244140625,60108400,187.44000244140625,0.4667120189860986,0.45598125635530595,0.46553275706044805,0.46582096531546097,0.12480724005670087,0.46582096531546097
2023-11-15,187.85000610351562,189.5,187.77999877929688,188.00999450683594,53790500,188.00999450683594,0.46784690440694215,0.46648529391500915,0.47662218949777824,0.4700746376877194,0.10342290211518075,0.4700746376877194
2023-11-16,189.57000732421875,190.9600067138672,188.64999389648438,189.7100067138672,54412900,189.7100067138672,0.48085947224422465,0.4775183673638821,0.4831409597167303,0.4827612966714715,0.10552955336556492,0.4827612966714715
2023-11-17,190.25,190.3800048828125,188.57000732421875,189.69000244140625,50922700,189.69000244140625,0.4860039167457475,0.47313537190110283,0.4825416298183203,0.48261201104759166,0.09371619508457067,0.48261201104759166
2023-11-20,189.88999938964844,191.91000366210938,189.8800048828125,191.4499969482422,46505100,191.4499969482422,0.4832803533509798,0.4846973659305384,0.4923572861400102,0.4957462991598499,0.07876384520716533,0.4957462991598499
2023-11-21,191.41000366210938,191.52000427246094,189.74000549316406,190.63999938964844,38134500,190.63999938964844,0.49477985606660674,0.4817501932428119,0.49130828731934784,0.4897015409157335,0.05043168750076156,0.4897015409157335
2023-11-22,191.49000549316406,192.92999267578125,190.8300018310547,191.30999755859375,39617700,191.30999755859375,0.4953851052031628,0.4924052850777575,0.49947550058966883,0.4947015275358244,0.055451907832653906,0.4947015275358244
2023-11-24,190.8699951171875,190.89999389648438,189.25,189.97000122070312,24048300,189.97000122070312,0.4906944532547206,0.47706485861233355,0.4876367342808813,0.4847015542956426,0.002753810182057451,0.4847015542956426
2023-11-27,189.9199981689453,190.6699981689453,188.89999389648438,189.7899932861328,40552600,189.7899932861328,0.48350730734725467,0.47532681197818893,0.4850141800630771,0.4833582114238575,0.058616284847409945,0.4833582114238575
2023-11-28,189.77999877929688,191.0800018310547,189.39999389648438,190.39999389648438,38415400,190.39999389648438,0.48244815021814885,0.478425154249765,0.48876062075577076,0.4879104550438756,0.05138245603584015,0.4879104550438756
2023-11-29,190.89999389648438,192.08999633789062,188.97000122070312,189.3699951171875,43014200,189.3699951171875,0.4909214072509955,0.4860575462593628,0.4855387366395566,0.48022389655178105,0.0669481176204589,0.48022389655178105
2023-11-30,189.83999633789062,190.32000732421875,188.19000244140625,189.9499969482422,48794400,189.9499969482422,0.4829020582106986,0.47268197845816134,0.4796942983055382,0.48455226867176276,0.0865124903027702,0.48455226867176276
2023-12-01,190.3300018310547,191.55999755859375,189.22999572753906,191.24000549316406,45704800,191.24000549316406,0.4866091658823036,0.48205241710190383,0.48748684464013053,0.49417919865959503,0.07605505183363954,0.49417919865959503
2023-12-04,189.97999572753906,190.0500030517578,187.4499969482422,189.42999267578125,43389500,189.42999267578125,0.48396121533980446,0.47064159265631766,0.4741495249207248,0.4806716395518539,0.06821840395443893,0.4806716395518539
2023-12-05,190.2100067138672,194.39999389648438,190.17999267578125,193.4199981689453,66628400,193.4199981689453,0.48570134989720404,0.5035138856642517,0.49460505908978913,0.5104478016439297,0.14687563040455556,0.5104478016439297
2023-12-06,194.4499969482422,194.75999450683594,192.11000061035156,192.32000732421875,41089700,192.32000732421875,0.5177787460583915,0.5062343616305075,0.5090663796163808,0.5022389142756057,0.060434219273151166,0.5022389142756057
2023-12-07,193.6300048828125,195.0,193.58999633789062,194.27000427246094,47477700,194.27000427246094,0.5115751444277628,0.5080480507108804,0.520155812053711,0.5167911311358057,0.08205582625813518,0.5167911311358057
2023-12-08,194.1999969482422,195.99000549316406,193.6699981689453,195.7100067138672,53406400,195.7100067138672,0.5158873857964547,0.5155293884452358,0.5207552562844175,0.52753741862382,0.10212283022367599,0.52753741862382
2023-12-11,193.11000061035156,193.49000549316406,191.4199981689453,193.17999267578125,60943700,193.17999267578125,0.507641082759883,0.49663722626529433,0.5038962731672961,0.5086567157720717,0.1276344987158363,0.5086567157720717
2023-12-12,193.0800018310547,194.72000122070312,191.72000122070312,194.7100067138672,52696900,194.7100067138672,0.507414128763608,0.5059321377714155,0.5061441604493716,0.5200747316317619,0.0997213696482461,0.5200747316317619
2023-12-13,195.08999633789062,198.0,194.85000610351562,197.9600067138672,70404200,197.9600067138672,0.5226206237113709,0.5307186453268102,0.5295969157719688,0.5443284643559507,0.15965566541612455,0.5443284643559507
2023-12-14,198.02000427246094,199.6199951171875,196.16000366210938,198.11000061035156,66831600,198.11000061035156,0.5447874260097938,0.5429607295206581,0.5394125720936588,0.5454478218561327,0.14756340600558074,0.5454478218561327
2023-12-15,197.52999877929688,198.39999389648438,197.0,197.57000732421875,128538400,197.57000732421875,0.5410803183381888,0.5337413451521581,0.5457065650176329,0.5414180209839107,0.35642379703579546,0.5414180209839107
2023-12-18,196.08999633789062,196.6300048828125,194.38999938964844,195.88999938964844,55751900,195.88999938964844,0.5301860647591179,0.5203657773509566,0.5261501400284802,0.5288806476240384,0.1100616967207455,0.5288806476240384
2023-12-19,196.16000366210938,196.9499969482422,195.88999938964844,196.94000244140625,40714100,196.94000244140625,0.5307157010434054,0.5227839141495134,0.5373894621065611,0.5367164917400128,0.059162917522437325,0.5367164917400128
2023-12-20,196.89999389648438,197.67999267578125,194.8300018310547,194.8300018310547,52242800,194.8300018310547,0.5363140535374781,0.5283003932196464,0.5294470261312181,0.5209702176319075,0.09818436718552205,0.5209702176319075
2023-12-21,196.10000610351562,197.0800018310547,193.5,194.67999267578125,46482500,194.67999267578125,0.5302617930508556,0.5237663434816247,0.5194814801687774,0.5198507462601588,0.07868735047988595,0.5198507462601588
2023-12-22,195.17999267578125,195.41000366210938,192.97000122070312,193.60000610351562,37149600,193.60000610351562,0.5233014857001955,0.5111463929824566,0.5155102621811057,0.5117911445157147,0.04709807436370603,0.5117911445157147
2023-12-26,193.61000061035156,193.88999938964844,192.8300018310547,193.0500030517578,28919300,193.0500030517578,0.5114238032837565,0.49965992609064214,0.5144612633604434,0.5076866438957695,0.019240793216474664,0.5076866438957695
2023-12-27,192.49000549316406,193.5,191.08999633789062,193.14999389648438,48087700,193.14999389648438,0.5029505462509098,0.49671275340291554,0.5014236085902428,0.5084328442720353,0.08412050695018906,0.5084328442720353
2023-12-28,194.13999938964844,194.66000366210938,193.1699981689453,193.5800018310547,34049900,193.5800018310547,0.5154334778039049,0.5054787443284741,0.517008815591724,0.5116418588918349,0.03660645019787087,0.5116418588918349
2023-12-29,193.89999389648438,194.39999389648438,191.72999572753906,192.52999877929688,42672100,192.52999877929688,0.5136177303942367,0.5035138856642517,0.5062190481035987,0.5038060147758606,0.06579020407168572,0.5038060147758606
2024-01-02,187.14999389648438,188.44000244140625,183.88999938964844,185.63999938964844,82488700,185.63999938964844,0.4625510033219439,0.45847503560009106,0.4474748854819135,0.4523881059554431,0.2005583438146905,0.4523881059554431
2024-01-03,184.22000122070312,185.8800048828125,183.42999267578125,184.25,58414500,184.25,0.4403843164629901,0.4391294799772081,0.4440281097384249,0.442014975591345,0.11907385870543843,0.442014975591345
2024-01-04,182.14999389648438,183.08999633789062,180.8800048828125,181.91000366210938,71983600,181.91000366210938,0.4247237980832084,0.41804576241157343,0.42492135367152445,0.4245523153591051,0.16500149604732112,0.4245523153591051
2024-01-05,181.99000549316406,182.75999450683594,180.1699981689453,181.17999267578125,62379700,181.17999267578125,0.42351341524956543,0.4155519831667883,0.419601357581689,0.4191044718673747,0.1324949601482779,0.4191044718673747
2024-01-08,182.08999633789062,185.60000610351562,181.5,185.55999755859375,59144500,185.55999755859375,0.42426989009065863,0.4370135670377432,0.4295669035441297,0.45179107733149043,0.12154470609101113,0.45179107733149043
2024-01-09,183.9199981689453,185.14999389648438,182.72999572753906,185.13999938964844,42841800,185.13999938964844,0.4381146610607721,0.4336128855984681,0.4387831156351131,0.44865676245941405,0.06636459147077022,0.44865676245941405
2024-01-10,184.35000610351562,186.39999389648438,183.9199981689453,186.19000244140625,46792900,186.19000244140625,0.4413678607398273,0.44305896668843886,0.4476996627768914,0.45649260657538837,0.07973796832712124,0.45649260657538837
2024-01-11,186.5399932861328,187.0500030517578,183.6199951171875,185.58999633789062,49128400,185.58999633789062,0.4579360796652394,0.44797099804038787,0.4454517754948159,0.4520149488315268,0.08764298759973084,0.4520149488315268
2024-01-12,186.05999755859375,186.74000549316406,185.19000244140625,185.9199981689453,40477800,185.9199981689453,0.4543047002853721,0.44562838837945223,0.4572156541493763,0.45447764920349404,0.05836310760844989,0.45447764920349404
2024-01-16,182.16000366210938,184.25999450683594,180.92999267578125,183.6300048828125,65603000,183.6300048828125,0.4247995263749461,0.4268872804747532,0.4252959062749566,0.43738814609517035,0.14340493600843743,0.43738814609517035
2024-01-17,181.27000427246094,182.92999267578125,180.3000030517578,182.67999267578125,47317400,182.67999267578125,0.41806628846002997,0.4168366363579915,0.42057546874812424,0.4302985023554618,0.08151325525004298,0.4302985023554618
2024-01-18,186.08999633789062,189.13999938964844,185.8300018310547,188.6300048828125,78005800,188.6300048828125,0.45453165428164705,0.4637648179487533,0.4620110936627323,0.47470158105546073,0.185384971561562,0.47470158105546073
2024-01-19,189.3300018310547,191.9499969482422,188.82000732421875,191.55999755859375,68903000,191.55999755859375,0.4790437248345565,0.4849995897896304,0.48441485016466707,0.49656719928383897,0.1545745200802044,0.49656719928383897
2024-01-22,192.3000030517578,195.3300018310547,192.25999450683594,193.88999938964844,60133900,193.88999938964844,0.5015130939815229,0.5105418299556655,0.5101902660912704,0.5139552736399223,0.12489355047907362,0.5139552736399223
2024-01-23,195.02000427246094,195.75,193.8300018310547,195.17999267578125,42355600,195.17999267578125,0.5220911028665525,0.5137156993648629,0.5219541447458307,0.5235820897561879,0.06471893941752989,0.5235820897561879
2024-01-24,195.4199981689453,196.3800048828125,194.33999633789062,194.5,53631300,194.5,0.5251172331098637,0.5184765611329624,0.5257754730927515,0.5185075172599404,0.10288405430177915,0.5185075172599404
2024-01-25,195.22000122070312,196.27000427246094,193.11000061035156,194.1699981689453,54822100,194.1699981689453,0.5236041679882081,0.5176453013847007,0.5165592610017682,0.5160448168879732,0.10691458179046402,0.5160448168879732
2024-01-26,194.27000427246094,194.75999450683594,191.94000244140625,192.4199981689453,44594000,192.4199981689453,0.5164170220807421,0.5062343616305075,0.5077926035007406,0.5029851146518716,0.07229530214063386,0.5029851146518716
2024-01-29,192.00999450683594,192.1999969482422,189.5800018310547,191.72999572753906,47145600,191.72999572753906,0.4993190514315735,0.4868888060076246,0.4901093988579347,0.4978358424079008,0.0809317599338219,0.4978358424079008
2024-01-30,190.94000244140625,191.8000030517578,187.47000122070312,188.0399932861328,55859400,188.0399932861328,0.4912240895390081,0.4838661061822767,0.4742994145614756,0.47029850918775584,0.11042555438368942,0.47029850918775584
2024-01-31,187.0399932861328,187.10000610351562,184.35000610351562,184.39999389648438,55467800,184.39999389648438,0.46171880018911293,0.44834886434570814,0.4509216612254021,0.44313433309152706,0.10910009707383975,0.44313433309152706
2024-02-01,183.99000549316406,186.9499969482422,183.82000732421875,186.86000061035156,64885400,186.86000061035156,0.4386442973450596,0.4472152654297474,0.4469504432377306,0.46149259319547925,0.14097605918119502,0.46149259319547925
2024-02-02,179.86000061035156,187.3300018310547,179.25,185.85000610351562,102551700,185.85000610351562,0.40739898887723397,0.45008691097985276,0.41270792042700827,0.4539553203272646,0.26846603024858756,0.4539553203272646
2024-02-05,188.14999389648438,189.25,185.83999633789062,187.67999267578125,69668800,187.67999267578125,0.47011644436969097,0.464596077697015,0.46208598131695944,0.46761193731575224,0.1571665405293435,0.46761193731575224
2024-02-06,186.86000061035156,189.30999755859375,186.77000427246094,189.3000030517578,43490800,189.3000030517578,0.46035707621146366,0.4650494711399565,0.4690544204581638,0.47970156767555167,0.06856127633821771,0.47970156767555167
2024-02-07,190.63999938964844,191.0500030517578,188.61000061035156,189.41000366210938,53439000,189.41000366210938,0.48895443413679013,0.47819845752829426,0.4828412947675253,0.4805224677995407,0.10223317217541528,0.4805224677995407
2024-02-08,189.38999938964844,189.5399932861328,187.35000610351562,188.32000732421875,40962000,188.32000732421875,0.4794976328271062,0.4667875177741011,0.473400305381564,0.4723881663073734,0.060001990216798244,0.4723881663073734
2024-02-09,188.64999389648438,189.99000549316406,188.0,188.85000610351562,45155200,188.85000610351562,0.47389916489356454,0.47018819921337623,0.47827063254914715,0.47634338130343884,0.07419480837732344,0.47634338130343884
2024-02-12,188.4199981689453,188.6699981689453,186.7899932861328,187.14999389648438,41781900,187.14999389648438,0.47215914577563406,0.46021308223423574,0.46920419576661804,0.4636567223196868,0.06277712415026543,0.4636567223196868
2024-02-13,185.77000427246094,186.2100067138672,183.50999450683594,185.0399932861328,56529500,185.0399932861328,0.4521107731748919,0.44162325922199325,0.44462755396913145,0.44791044821158155,0.11269365689474732,0.44791044821158155
2024-02-14,185.32000732421875,185.52999877929688,182.44000244140625,184.14999389648438,54630500,184.14999389648438,0.44870634779129953,0.4364845311485735,0.4366102303395612,0.44126866134351256,0.10626606896981233,0.44126866134351256
2024-02-15,183.5500030517578,184.49000549316406,181.35000610351562,183.86000061035156,65434500,183.86000061035156,0.43531548481373583,0.4286254424175049,0.4284430170692402,0.439104532219305,0.14283461027628813,0.439104532219305
2024-02-16,183.4199981689453,184.85000610351562,181.6699981689453,182.30999755859375,49752500,182.30999755859375,0.4343319405368986,0.43134591838376074,0.43084067965976997,0.42753734460730164,0.0897553928782732,0.42753734460730164
2024-02-20,181.7899932861328,182.42999267578125,180.0,181.55999755859375,53665600,181.55999755859375,0.4220002346884407,0.4130582039220032,0.41832758146604876,0.4219403293632581,0.1030001502816766,0.4219403293632581
2024-02-21,181.94000244140625,182.88999938964844,180.66000366210938,182.32000732421875,41371400,182.32000732421875,0.4231351201092842,0.4165344124988995,0.42327291062015554,0.4276120443550249,0.06138769558618654,0.4276120443550249
2024-02-22,183.47999572753906,184.9600067138672,182.4600067138672,184.3699951171875,52292200,184.3699951171875,0.43478584852944835,0.4321771781320225,0.436760119980312,0.44291046159149067,0.09835157247435396,0.44291046159149067
2024-02-23,185.00999450683594,185.0399932861328,182.22999572753906,182.52000427246094,45119700,182.52000427246094,0.4463609640973439,0.4327816258502064,0.4350366749424194,0.4291045589791232,0.0740746507304908,0.4291045589791232
2024-02-26,182.24000549316406,182.75999450683594,180.64999389648438,181.16000366210938,40867400,181.16000366210938,0.4254047755115022,0.4155519831667883,0.4231979086336319,0.41895530011506155,0.05968179547340759,0.41895530011506155
2024-02-27,181.10000610351562,183.9199981689453,179.55999755859375,182.6300048828125,54318900,182.6300048828125,0.4167801773346493,0.42431797409234684,0.4150306953633109,0.42992545910311225,0.10521138945564186,0.42992545910311225
2024-02-28,182.50999450683594,183.1199951171875,180.1300048828125,181.4199981689453,48953900,181.4199981689453,0.42744736147797613,0.41827245913304417,0.41930169263248396,0.42089555773923265,0.0870523535329056,0.42089555773923265
2024-02-29,181.27000427246094,182.57000732421875,179.52999877929688,180.75,136682600,180.75,0.41806628846002997,0.4141162757003427,0.414805918068333,0.4158955711191417,0.3839896535804271,0.4158955711191417
2024-03-01,179.5500030517578,180.52999877929688,177.3800048828125,179.66000366210938,73563100,179.66000366210938,0.40505372062274747,0.39870020678869045,0.3986962688226689,0.4077612696269744,0.1703476651507623,0.4077612696269744
2024-03-04,176.14999389648438,176.89999389648438,173.7899932861328,175.10000610351562,81510100,175.10000610351562,0.3793311517967259,0.3712687504046611,0.3717967377565831,0.3737314351626402,0.19724605442904472,0.3737314351626402
2024-03-05,170.75999450683594,172.0399932861328,169.6199951171875,170.1199951171875,95132400,170.1199951171875,0.3385534291669478,0.3345423825145106,0.34055143609939365,0.33656717195466296,0.24335375900505407,0.33656717195466296
2024-03-06,171.05999755859375,171.24000549316406,168.67999267578125,169.1199951171875,68587700,169.1199951171875,0.34082308456916577,0.32849698286381496,0.33350810930396213,0.32910448496260486,0.15350731709298374,0.32910448496260486
2024-03-07,169.14999389648438,170.72999572753906,168.49000549316406,169.0,71765100,169.0,0.32637306446249625,0.32464290798159834,0.3320845578798676,0.3282089989624592,0.16426193419287233,0.3282089989624592
2024-03-08,169.0,173.6999969482422,168.94000244140625,170.72999572753906,76267000,170.72999572753906,0.3252382944811218,0.34708680587605745,0.3354563316368326,0.34111941557468106,0.17949961617247462,0.34111941557468106
2024-03-11,172.94000244140625,174.3800048828125,172.0500030517578,172.75,60139500,172.75,0.3550461506795604,0.3522255339494772,0.358759197318679,0.35619407518267704,0.12491250492477116,0.35619407518267704
2024-03-12,173.14999389648438,174.02999877929688,171.00999450683594,173.22999572753906,59825400,173.22999572753906,0.3566348286534846,0.34958058512084256,0.3509665366517901,0.35977613305482625,0.1238493636044857,0.35977613305482625
2024-03-13,172.77000427246094,173.19000244140625,170.75999450683594,171.1300048828125,52488700,171.1300048828125,0.3537600395541797,0.3432328463024479,0.3490933163054433,0.3441045586944443,0.09901667043499099,0.3441045586944443
2024-03-14,172.91000366210938,174.30999755859375,172.0500030517578,173.0,72913500,173.0,0.35481919668328554,0.35169649806030745,0.358759197318679,0.35805974693069154,0.1681489494498472,0.35805974693069154
2024-03-15,171.1699981689453,172.6199951171875,170.2899932861328,172.6199951171875,121752700,172.6199951171875,0.3416552877019967,0.33892537797728983,0.34557165290772757,0.35522388943480815,0.33345608593404125,0.35522388943480815
2024-03-18,175.57000732421875,177.7100067138672,173.52000427246094,173.72000122070312,75604200,173.72000122070312,0.3749432975757654,0.3773899078101921,0.36977374210178204,0.3634328906746987,0.17725622213527245,0.3634328906746987
2024-03-19,174.33999633789062,176.61000061035156,173.02999877929688,176.0800018310547,55215200,176.0800018310547,0.36563772197061867,0.369077310327575,0.3661021890633155,0.38104483653081844,0.10824511618398268,0.38104483653081844
2024-03-20,175.72000122070312,178.6699981689453,175.08999633789062,178.6699981689453,53423100,178.6699981689453,0.3760780675571398,0.3846444335144697,0.38153750642404594,0.4003731685110729,0.10217935508852403,0.4003731685110729
2024-03-21,177.0500030517578,177.49000549316406,170.83999633789062,171.3699951171875,106181300,171.3699951171875,0.3861401180033797,0.3757273883136687,0.3496927605361499,0.34589553069473555,0.2807512188385528,0.34589553069473555
2024-03-22,171.75999450683594,173.0500030517578,170.05999755859375,172.27999877929688,71160100,172.27999877929688,0.3461188702146949,0.34217488983271543,0.3438483222021315,0.35268660318668443,0.16221417711304836,0.35268660318668443
2024-03-25,170.57000732421875,171.94000244140625,169.4499969482422,170.85000610351562,54288300,170.85000610351562,0.33711609233702994,0.33378676521247713,0.33927765998375337,0.34201501544639334,0.10510781694879456,0.34201501544639334
2024-03-26,170.0,171.4199981689453,169.5800018310547,169.7100067138672,57388400,169.7100067138672,0.3328037355288689,0.32985716319263936,0.3402517711501886,0.3335075568303098,0.11560079500360812,0.3335075568303098
2024-03-27,170.41000366210938,173.60000610351562,170.11000061035156,173.30999755859375,60273300,173.30999755859375,0.3359055940639178,0.346331188574024,0.34422298913786015,0.3603731616787789,0.12536538078804463,0.3603731616787789
2024-03-28,171.75,172.22999572753906,170.50999450683594,171.47999572753906,65672700,171.47999572753906,0.3460432573624263,0.33597820528956324,0.3472200959590965,0.3467164308187246,0.14364085116292294,0.3467164308187246
2024-04-01,171.19000244140625,171.25,169.47999572753906,170.02999877929688,46240500,170.02999877929688,0.341806628846003,0.32857251000143617,0.33950243727873125,0.33589555745455374,0.07786824764795637,0.33589555745455374
2024-04-02,169.0800018310547,169.33999633789062,168.22999572753906,168.83999633789062,49329500,168.83999633789062,0.32584354361767787,0.31413887042189514,0.3301363355469972,0.3270149417145539,0.08832365528361943,0.3270149417145539
2024-04-03,168.7899932861328,170.67999267578125,168.5800018310547,169.64999389648438,47691700,169.64999389648438,0.3236495010677285,0.3242650416762781,0.33275888976480134,0.3330596999586703,0.08278015686157704,0.3330596999586703
2024-04-04,170.2899932861328,171.9199981689453,168.82000732421875,168.82000732421875,53704400,168.82000732421875,0.33499766263934916,0.33363559562862766,0.33455722245692104,0.32686576996224076,0.10313147751258102,0.32686576996224076
2024-04-05,169.58999633789062,170.38999938964844,168.9499969482422,169.5800018310547,42104800,169.5800018310547,0.32970187699382003,0.322073601599192,0.3355312192910597,0.3325373710824409,0.0638700510280756,0.3325373710824409
2024-04-08,169.02999877929688,169.1999969482422,168.24000549316406,168.4499969482422,37425500,168.4499969482422,0.3254652484773967,0.3130809139521627,0.3302113375335208,0.3241044983425139,0.04803191928655466,0.3241044983425139
2024-04-09,168.6999969482422,170.0800018310547,168.35000610351562,169.6699981689453,42373800,169.6699981689453,0.3229686390789039,0.3197309919382564,0.3310355590592053,0.33320898558255013,0.0647805413660469,0.33320898558255013
2024-04-10,168.8000030517578,169.08999633789062,167.11000061035156,167.77999877929688,49709300,167.77999877929688,0.32372522935946624,0.312249654203901,0.32174434498169824,0.31910451172242305,0.08960917286860642,0.31910451172242305
2024-04-11,168.33999633789062,175.4600067138672,168.16000366210938,175.0399932861328,91070300,175.0399932861328,0.3202450756841361,0.36038696184824476,0.3296118933028142,0.37328357829100073,0.22960467795719816,0.37328357829100073
2024-04-12,174.25999450683594,178.36000061035156,174.2100067138672,176.5500030517578,101670900,176.5500030517578,0.36503247283406265,0.38230182385353406,0.3749438485508667,0.3845523085268111,0.26548476671815957,0.3845523085268111
2024-04-15,175.36000061035156,176.6300048828125,172.5,172.69000244140625,73531800,172.69000244140625,0.3733545041623721,0.36922847991142455,0.36213097107564396,0.3557463321826042,0.1702417233382028,0.3557463321826042
2024-04-16,171.75,173.75999450683594,168.27000427246094,169.3800048828125,73711200,169.3800048828125,0.3460432573624263,0.3475401993189989,0.3304361148284987,0.33104485645834264,0.17084894254501343,0.33104485645834264
2024-04-17,169.61000061035156,170.64999389648438,168.0,168.0,50901200,168.0,0.3298532181378263,0.3240383449548074,0.3284130048414011,0.32074631197040115,0.0936434235519819,0.32074631197040115
2024-04-18,168.02999877929688,168.63999938964844,166.5500030517578,167.0399932861328,43122900,167.0399932861328,0.31789980742964963,0.30884908807323297,0.3175483496990488,0.31358208235453605,0.067316036950338,0.31358208235453605
2024-04-19,166.2100067138672,166.39999389648438,164.0800018310547,165.0,68149400,165.0,0.3041307647512738,0.29192166924890683,0.29904092353055844,0.29835825099422686,0.15202379324490634,0.29835825099422686
2024-04-22,165.52000427246094,167.25999450683594,164.77000427246094,165.83999633789062,48116400,165.83999633789062,0.2989105919580133,0.298420577651151,0.3042110299796431,0.3046268807383797,0.08421764848438898,0.3046268807383797
2024-04-23,165.35000610351562,167.0500030517578,164.9199981689453,166.89999389648438,49537800,166.89999389648438,0.29762448083263254,0.29683370060085584,0.30533491645453265,0.3125373107305106,0.08902869296911915,0.3125373107305106
2024-04-24,166.5399932861328,169.3000030517578,166.2100067138672,169.02000427246094,48251800,169.02000427246094,0.30662725871029756,0.3138366465628032,0.3150007974677683,0.32835828458633903,0.08467593990357603,0.32835828458633903
2024-04-25,169.52999877929688,170.61000061035156,168.14999389648438,169.88999938964844,50558300,169.88999938964844,0.32924796900127024,0.3237361210957154,0.3295368913162906,0.33485078583052824,0.09248280222525193,0.33485078583052824
2024-04-26,169.8800048828125,171.33999633789062,169.17999267578125,169.3000030517578,44838400,169.3000030517578,0.33189591954376935,0.3292526001658484,0.3372545499966558,0.33044782783439,0.07312252830643381,0.33044782783439
2024-04-29,173.3699951171875,176.02999877929688,173.10000610351562,173.5,68169400,173.5,0.3582992349191465,0.36469431486479575,0.36662674563979497,0.3617910904267206,0.15209148769382613,0.3617910904267206
2024-04-30,173.3300018310547,174.99000549316406,170.0,170.3300018310547,65934800,170.3300018310547,0.357996668070603,0.3568352261337272,0.3433987676121757,0.33813438632648446,0.14452798691601693,0.33813438632648446
2024-05-01,169.5800018310547,172.7100067138672,169.11000061035156,169.3000030517578,50383100,169.3000030517578,0.32962626414155144,0.3396055834503091,0.33673010775247286,0.33044782783439,0.09188979885271448,0.33044782783439
2024-05-02,172.50999450683594,173.4199981689453,170.88999938964844,173.02999877929688,94214900,173.02999877929688,0.3517929510005052,0.34497089293659255,0.3500674274718785,0.358283618430728,0.24024827616085825,0.358283618430728
2024-05-03,186.64999389648438,187.0,182.66000366210938,183.3800048828125,163224100,183.3800048828125,0.45876828279807036,0.44759313173506765,0.4382586733909301,0.4355224743471558,0.47382526438067024,0.4355224743471558
2024-05-06,182.35000610351562,184.1999969482422,180.4199981689453,181.7100067138672,78569700,181.7100067138672,0.42623697864433313,0.42643388703181173,0.42147457792803583,0.4230598007350068,0.18729361654885576,0.4230598007350068
2024-05-07,183.4499969482422,184.89999389648438,181.32000732421875,182.39999389648438,77305800,182.39999389648438,0.4345588945331735,0.43172366938047396,0.4282182397742623,0.4282089591074109,0.183015665849369,0.4282089591074109
2024-05-08,182.85000610351562,183.07000732421875,181.4499969482422,182.74000549316406,45057100,182.74000549316406,0.4300196991682067,0.417894708136331,0.429192236608401,0.4307463592271013,0.07386276710537183,0.4307463592271013
2024-05-09,182.55999755859375,184.66000366210938,182.11000061035156,184.57000732421875,48983000,184.57000732421875,0.42782565661825733,0.4299100956087081,0.43413756576250784,0.4444030900871556,0.08715084895608391,0.4444030900871556
2024-05-10,184.89999389648438,185.08999633789062,182.1300048828125,183.0500030517578,50759500,183.0500030517578,0.44552876096451294,0.4331594921555266,0.4342874554032586,0.43305977397518863,0.0931638083813851,0.43305977397518863
2024-05-13,185.44000244140625,187.10000610351562,184.6199951171875,186.27999877929688,72044800,186.27999877929688,0.44961416377639907,0.44834886434570814,0.4529446568802032,0.4571642210754976,0.1652086410610157,0.4571642210754976
2024-05-14,187.50999450683594,188.3000030517578,186.2899932861328,187.42999267578125,52393600,187.42999267578125,0.4652745667167116,0.4574170791303586,0.4654577550739244,0.46574626556773774,0.09869478333037734,0.46574626556773774
2024-05-15,187.91000366210938,190.64999389648438,187.3699951171875,189.72000122070312,70400000,189.72000122070312,0.4683008123994919,0.4751756423943394,0.47355008069001825,0.48283588254762805,0.1596414495818514,0.48283588254762805
2024-05-16,190.47000122070312,191.10000610351562,189.66000366210938,189.83999633789062,52845200,189.83999633789062,0.4876683230114094,0.47857632383361454,0.49070884308864127,0.4837313685477737,0.10022332398698641,0.4837313685477737
2024-05-17,189.50999450683594,190.80999755859375,189.17999267578125,189.8699951171875,41282900,189.8699951171875,0.48040544881220576,0.4763847684479214,0.48711217770440185,0.4839552400478101,0.06108814764971643,0.4839552400478101
2024-05-20,189.3300018310547,191.9199981689453,189.00999450683594,191.0399932861328,44361300,191.0399932861328,0.4790437248345565,0.4847728930681597,0.48583840158876157,0.4926865701639301,0.071507677227452,0.4926865701639301
2024-05-21,191.08999633789062,192.72999572753906,190.9199981689453,192.35000610351562,42309400,192.35000610351562,0.4923588595203825,0.49089393516508356,0.5001498324746025,0.5024627857756422,0.06456256524052514,0.5024627857756422
2024-05-22,192.27000427246094,192.82000732421875,190.27000427246094,190.89999389648438,34648500,190.89999389648438,0.501286139985248,0.49157414063810284,0.49527950530701936,0.4916417985399046,0.03863254505404048,0.4916417985399046
2024-05-23,190.97999572753906,191.0,186.6300048828125,186.8800048828125,51005900,186.8800048828125,0.49152665638755155,0.47782059122297404,0.4680054216375015,0.4616418788193591,0.09399780399207704,0.4616418788193591
2024-05-24,188.82000732421875,190.5800018310547,188.0399932861328,189.97999572753906,36327000,189.97999572753906,0.4751853914584143,0.4746467218137767,0.47857029749835217,0.48477614017179915,0.04431380167963467,0.48477614017179915
2024-05-28,191.50999450683594,193.0,189.10000610351562,189.99000549316406,52280100,189.99000549316406,0.4955363309077,0.49293432096692724,0.4865128478059918,0.48485083991952244,0.09831061733275748,0.48485083991952244
2024-05-29,189.61000061035156,192.25,189.50999450683594,190.2899932861328,53068000,190.2899932861328,0.4811620390927681,0.4872666723129448,0.48958484228145527,0.48708955491988654,0.10097744014795298,0.48708955491988654
2024-05-30,190.75999450683594,192.17999267578125,190.6300048828125,191.2899932861328,49889100,191.2899932861328,0.48986225012188966,0.48673763642377504,0.49797694717905067,0.4945522419119446,0.09021774596439543,0.4945522419119446
2024-05-31,191.44000244140625,192.57000732421875,189.91000366210938,192.25,75158300,192.25,0.4950068100628816,0.4896849244201087,0.49258206343498806,0.5017164715278097,0.17574697439660553,0.5017164715278097
2024-06-03,192.89999389648438,194.99000549316406,192.52000427246094,194.02999877929688,50080500,194.02999877929688,0.5060522893464897,0.5079725235732592,0.5121384884241408,0.5150000452639477,0.09086558184055792,0.5150000452639477
2024-06-04,194.63999938964844,195.32000732421875,193.02999877929688,194.35000610351562,47471400,194.35000610351562,0.5192161983277784,0.5104663028180444,0.5159598167710616,0.5173881597597583,0.08203450250672545,0.5173881597597583
2024-06-05,195.39999389648438,196.89999389648438,194.8699951171875,195.8699951171875,54156800,195.8699951171875,0.5249658919658574,0.5224060478441932,0.529746691080423,0.5287313620001586,0.10466272594714689,0.5287313620001586
2024-06-06,195.69000244140625,196.5,194.1699981689453,194.47999572753906,41181800,194.47999572753906,0.5271599345158068,0.5193833480188453,0.5245016969771112,0.5183582316360605,0.06074595221042684,0.5183582316360605
2024-06-07,194.64999389648438,196.94000244140625,194.13999938964844,196.88999938964844,53103900,196.88999938964844,0.5192918111800471,0.5227083870118922,0.5242769196821333,0.5363433346160965,0.10109895168376402,0.5363433346160965
2024-06-10,196.89999389648438,197.3000030517578,192.14999389648438,193.1199951171875,97010200,193.1199951171875,0.5363140535374781,0.5254288629781481,0.5093660445655859,0.508208972771999,0.24970959081413405,0.508208972771999
2024-06-11,193.64999389648438,207.16000366210938,193.6300048828125,207.14999389648438,172373300,207.14999389648438,0.5117263701322999,0.5999395552281817,0.5204555913352126,0.6129104621608484,0.5047927669835218,0.6129104621608484
2024-06-12,207.3699951171875,220.1999969482422,206.89999389648438,213.07000732421875,198134300,213.07000732421875,0.6155242305425476,0.6984810224229694,0.6198860450000486,0.657089669360811,0.5919866019146698,0.657089669360811
2024-06-13,214.74000549316406,216.75,211.60000610351562,214.24000549316406,97862700,214.24000549316406,0.6712816095632826,0.6724098616763715,0.6551026789772061,0.665820999476931,0.2525950666993405,0.665820999476931
2024-06-14,213.85000610351562,215.1699981689453,211.3000030517578,212.49000549316406,70122700,212.49000549316406,0.6645483716483666,0.6604700013416156,0.6528547916951306,0.6527612972408293,0.15870286604757836,0.6527612972408293
2024-06-17,213.3699951171875,218.9499969482422,212.72000122070312,216.6699981689453,93728300,216.6699981689453,0.6609168768290301,0.6890349413329986,0.663494669542505,0.6839552742092802,0.23860127021863953,0.6839552742092802
2024-06-18,217.58999633789062,218.6300048828125,213.0,214.2899932861328,79943300,214.2899932861328,0.6928430472856805,0.6866168045344417,0.6655926671838297,0.6661940427292805,0.1919428713006676,0.6661940427292805
2024-06-20,213.92999267578125,214.24000549316406,208.85000610351562,209.67999267578125,86172500,209.67999267578125,0.6651535053454535,0.6534421723588087,0.6344972551673911,0.6317910511410301,0.2130269843612284,0.6317910511410301
2024-06-21,210.38999938964844,211.88999938964844,207.11000061035156,207.49000549316406,241805100,207.49000549316406,0.6383718948297952,0.6356834937862209,0.6214596003971904,0.6154478622805389,0.7398001389090092,0.6154478622805389
2024-06-24,207.72000122070312,212.6999969482422,206.58999633789062,208.13999938964844,80727000,208.13999938964844,0.6181721810850468,0.6418045358831449,0.617563270063746,0.62029856327675,0.19459547828158996,0.62029856327675
2024-06-25,209.14999389648438,211.3800048828125,208.61000061035156,209.07000732421875,55549700,209.07000732421875,0.6289907063723799,0.6318295342126115,0.6326989224752714,0.6272389213925786,0.10937730584216633,0.6272389213925786
2024-06-26,211.5,214.86000061035156,210.63999938964844,213.25,66213200,213.25,0.6467695390103733,0.65812739168068,0.6479094625410239,0.6584328983610295,0.14547029364498051,0.6584328983610295
2024-06-27,214.69000244140625,215.74000549316406,212.35000610351562,214.10000610351562,49772700,214.10000610351562,0.6709033144230016,0.6647774696667736,0.6607223400162466,0.6647762278529055,0.08982376427168219,0.6647762278529055
2024-06-28,215.77000427246094,216.07000732421875,210.3000030517578,210.6199951171875,82542700,210.6199951171875,0.6790740046073046,0.6672712489115589,0.6453619103097433,0.6388059951330154,0.20074111882677398,0.6388059951330154
2024-07-01,212.08999633789062,217.50999450683594,211.9199981689453,216.75,60402900,216.75,0.6512331215230714,0.6781530374679752,0.6575003415677358,0.6845523028332328,0.1258040408170449,0.6845523028332328
2024-07-02,216.14999389648438,220.3800048828125,215.10000610351562,220.27000427246094,58046200,220.27000427246094,0.6819487937066095,0.6998413180604008,0.6813277638260617,0.7108209929293159,0.11782726542858032,0.7108209929293159
2024-07-03,220.0,221.5500030517578,219.02999877929688,221.5500030517578,37369800,221.5500030517578,0.7110757879162235,0.7086828361235806,0.7107747327911315,0.7203732231694249,0.047843390246313025,0.7203732231694249
2024-07-05,221.64999389648438,226.4499969482422,221.64999389648438,226.33999633789062,60412400,226.33999633789062,0.7235587194692186,0.7457114278728232,0.7304060454345113,0.7561194437578937,0.12583619568028181,0.7561194437578937
2024-07-08,227.08999633789062,227.85000610351562,223.25,227.82000732421875,59085900,227.82000732421875,0.7647147372392777,0.7562911078787546,0.7423947013840496,0.7671643024936677,0.12134636135567611,0.7671643024936677
2024-07-09,227.92999267578125,229.39999389648438,226.3699951171875,228.67999267578125,48076100,228.67999267578125,0.7710696800139127,0.7680041561834327,0.7657724547201231,0.7735821039901337,0.08408124416981559,0.7735821039901337
2024-07-10,229.3000030517578,233.0800018310547,229.25,232.97999572753906,62627700,232.97999572753906,0.7814344127481653,0.7958134788727823,0.7873519896963734,0.8056716808302968,0.13333437131488343,0.8056716808302968
2024-07-11,231.38999938964844,232.38999938964844,225.77000427246094,227.57000732421875,64710600,227.57000732421875,0.7972461568324841,0.7905992236617413,0.7612767944882687,0.7652986307456532,0.14038440969763596,0.7652986307456532
2024-07-12,228.9199981689453,232.63999938964844,228.67999267578125,230.5399932861328,53046500,230.5399932861328,0.7785595082093912,0.7924884398797354,0.7830809924272003,0.7874627063502244,0.10090466861536421,0.7874627063502244
2024-07-15,236.47999572753906,237.22999572753906,233.08999633789062,234.39999389648438,62631300,234.39999389648438,0.8357542240600442,0.8271744219680424,0.8161246267765095,0.8162686826944313,0.133346556315689,0.8162686826944313
2024-07-16,235.0,236.27000427246094,232.3300018310547,234.82000732421875,43234300,234.82000732421875,0.8245574036324299,0.8199198962637647,0.810430078083242,0.8194031114380743,0.06769309503082128,0.8194031114380743
2024-07-17,229.4499969482422,231.4600067138672,226.63999938964844,228.8800048828125,57345900,228.8800048828125,0.7825691827295397,0.7835713946789344,0.7677955647072208,0.7750747324857986,0.11545694429965354,0.7750747324857986
2024-07-18,230.27999877929688,230.44000244140625,222.27000427246094,224.17999267578125,66034600,224.17999267578125,0.788848512651906,0.7758633602231083,0.7350517096394131,0.7400000125258723,0.14486578221612673,0.7400000125258723
2024-07-19,224.82000732421875,226.8000030517578,223.27999877929688,224.30999755859375,49151500,224.30999755859375,0.7475412691773097,0.7483563767014578,0.7426194786790276,0.7409701982737412,0.08772117468823322,0.7409701982737412
2024-07-22,227.00999450683594,227.77999877929688,223.08999633789062,223.9600067138672,48201800,223.9600067138672,0.7641094881027217,0.7557620719895849,0.7411958129226365,0.7383583261494608,0.08450670378127653,0.7383583261494608
2024-07-23,224.3699951171875,226.94000244140625,222.67999267578125,225.00999450683594,39960300,225.00999450683594,0.7441367283542482,0.7494143331711902,0.7381237041148765,0.7461940563938685,0.056611513742650076,0.7461940563938685
2024-07-24,224.0,224.8000030517578,217.1300048828125,218.5399932861328,61777600,218.5399932861328,0.7413375521072119,0.7332426469575045,0.6965383038918143,0.6979104624455273,0.13045701876354734,0.6979104624455273
2024-07-25,218.92999267578125,220.85000610351562,214.6199951171875,217.49000549316406,51391200,217.49000549316406,0.702980710584189,0.7033930537749185,0.6777310984418223,0.6900747322011197,0.09530193755051698,0.6900747322011197
2024-07-26,218.6999969482422,219.49000549316406,216.00999450683594,217.9600067138672,41601300,217.9600067138672,0.7012406914662584,0.693115712936686,0.6881461989942188,0.6935822041971124,0.06216584327651964,0.6935822041971124
2024-07-29,216.9600067138672,219.3000030517578,215.75,218.24000549316406,36311800,218.24000549316406,0.6880768979244387,0.6916798901616332,0.6861980909936448,0.6956717474451632,0.04426235389845562,0.6956717474451632
2024-07-30,219.19000244140625,220.3300018310547,216.1199951171875,218.8000030517578,41643800,218.8000030517578,0.7049477991378634,0.6994634517550806,0.6889704205199032,0.6998508339412651,0.062309693980474215,0.6998508339412651
2024-07-31,221.44000244140625,223.82000732421875,220.6300048828125,222.0800018310547,50036300,222.0800018310547,0.7219700414952944,0.7258369516693775,0.7227633887406698,0.7243284381654903,0.09071597710844516,0.7243284381654903
2024-08-01,224.3699951171875,224.47999572753906,217.02000427246094,218.36000061035156,62501000,218.36000061035156,0.7441367283542482,0.7308243948503407,0.6957140823661297,0.6965672334453089,0.13290552698097652,0.6965672334453089
2024-08-02,219.14999389648438,225.60000610351562,217.7100067138672,219.86000061035156,105568600,219.86000061035156,0.7046451168498509,0.7392881619168072,0.7008841888152144,0.7077612639333961,0.27867739939589475,0.7077612639333961
2024-08-05,199.08999633789062,213.5,196.0,209.27000427246094,119548600,209.27000427246094,0.5528823879023592,0.6478500508424475,0.5382136836322456,0.6287314360166769,0.3259958191908347,0.6287314360166769
2024-08-06,205.3000030517578,209.99000549316406,201.07000732421875,207.22999572753906,69660500,207.22999572753906,0.5998638276022351,0.6213254966529083,0.5762026471356616,0.6135074907848012,0.1571384473330418,0.6135074907848012
2024-08-07,206.89999389648438,213.63999938964844,206.38999938964844,209.82000732421875,63516400,209.82000732421875,0.611968464014949,0.64890800731218,0.6160647166531278,0.6328359366366222,0.13634237415263473,0.6328359366366222
2024-08-08,213.11000061035156,214.1999969482422,208.8300018310547,213.30999755859375,47161100,213.30999755859375,0.6589499037148248,0.6531398331911098,0.6343473655266403,0.6588806413611022,0.08098422313173476,0.6588806413611022
2024-08-09,212.10000610351562,216.77999877929688,211.97000122070312,216.24000549316406,42201600,216.24000549316406,0.6513088498148091,0.6726365583978422,0.6578750085034646,0.6807463734610472,0.06419769216084742,0.6807463734610472
2024-08-12,216.07000732421875,219.50999450683594,215.60000610351562,217.52999877929688,38028100,217.52999877929688,0.6813436600095226,0.6932667672119284,0.6850742045187553,0.6903731895773128,0.05007155303250823,0.6903731895773128
2024-08-13,219.00999450683594,221.88999938964844,219.00999450683594,221.27000427246094,44155300,221.27000427246094,0.703585959720745,0.711252142505987,0.7106248431503807,0.718283679921374,0.07081042440357806,0.718283679921374
2024-08-14,220.57000732421875,223.02999877929688,219.6999969482422,221.72000122070312,41960600,221.72000122070312,0.7153881447243845,0.719866963847696,0.7157949495994654,0.7216418662934868,0.06338197405136384,0.7216418662934868
2024-08-15,224.60000610351562,225.35000610351562,222.75999450683594,224.72000122070312,46414000,224.72000122070312,0.7458768629116478,0.7373989456988131,0.7387231483455831,0.744029927269661,0.07845549699233563,0.744029927269661
2024-08-16,223.9199981689453,226.8300018310547,223.64999389648438,226.0500030517578,44340200,226.0500030517578,0.7407323029706558,0.7485830734229285,0.7453918082052859,0.7539553146336863,0.0714362595838416,0.7539553146336863
2024-08-19,225.72000122070312,225.99000549316406,223.0399932861328,225.88999938964844,40687800,225.88999938964844,0.7543501199444944,0.7422353346045338,0.7408211459869078,0.752761257385781,0.05907389932210779,0.752761257385781
2024-08-20,225.77000427246094,227.1699981689453,225.4499969482422,226.50999450683594,30299000,226.50999450683594,0.7547284150847756,0.7511523798053349,0.7588790175654424,0.7573880868819557,0.023910694775207044,0.7573880868819557
2024-08-21,226.52000427246094,227.97999572753906,225.0500030517578,226.39999389648438,34765500,226.39999389648438,0.7604024958705858,0.7572734219022588,0.7558819107442061,0.7565671867579666,0.03902855758022131,0.7565671867579666
2024-08-22,227.7899932861328,228.33999633789062,223.89999389648438,224.52999877929688,43695300,224.52999877929688,0.770010522884807,0.7599938978685147,0.7472650285516328,0.7426119985217193,0.06925345207842266,0.7426119985217193
2024-08-23,225.66000366210938,228.22000122070312,224.3300018310547,226.83999633789062,38677300,226.83999633789062,0.7538962119519447,0.7590871109826317,0.7504870270001435,0.7598507872539229,0.05226891484444492,0.7598507872539229
2024-08-26,226.75999450683594,227.27999877929688,223.88999938964844,227.17999267578125,30602200,227.17999267578125,0.7622181278407849,0.7519836395535966,0.7471901408974057,0.7623880735020466,0.024936942620831206,0.7623880735020466
2024-08-27,226.0,228.85000610351562,224.88999938964844,228.02999877929688,35934600,228.02999877929688,0.756468434202706,0.7638479727507312,0.7546830222827929,0.7687314029939226,0.0429856365918282,0.7687314029939226
2024-08-28,227.9199981689453,229.86000061035156,225.67999267578125,226.49000549316406,38052200,226.49000549316406,0.7709940671616442,0.771480364760329,0.7606023482710385,0.7572389151296425,0.05015312484345659,0.7572389151296425
2024-08-29,230.10000610351562,232.9199981689453,228.8800048828125,229.7899932861328,51906300,229.7899932861328,0.7874867886742568,0.7946043528192003,0.784579660170115,0.7818656911061809,0.09704540808244642,0.7818656911061809
2024-08-30,230.19000244140625,230.39999389648438,227.47999572753906,229.0,52990800,229.0,0.7881676506630815,0.7755610210554092,0.7740895576311949,0.7759702184859443,0.10071613957512256,0.7759702184859443
2024-09-03,228.5500030517578,229.0,221.1699981689453,222.77000427246094,50190600,222.77000427246094,0.7757603319623549,0.7649814563580849,0.7268094943825685,0.7294777104094611,0.09123823978186141,0.7294777104094611
2024-09-04,221.66000366210938,221.77999877929688,217.47999572753906,220.85000610351562,43840200,220.85000610351562,0.7236344477609563,0.7104208827577253,0.6991607437773218,0.7151493650492976,0.06974389836084662,0.7151493650492976
2024-09-05,221.6300048828125,225.47999572753906,221.52000427246094,222.3800048828125,36615400,222.3800048828125,0.7234074937646814,0.7383812597223173,0.7294320486003726,0.7265672670374211,0.045289955633058175,0.7265672670374211
2024-09-06,223.9499969482422,225.24000549316406,219.77000427246094,220.82000732421875,48423000,220.82000732421875,0.7409592569669307,0.7365676859505514,0.7163195061759449,0.7149254935492612,0.08525540438632952,0.7149254935492612
2024-09-09,220.82000732421875,221.27000427246094,216.7100067138672,220.91000366210938,67180000,220.91000366210938,0.7172795049863213,0.7065669231841157,0.6933913074298271,0.7155971080493704,0.14874264330576364,0.7155971080493704
2024-09-10,218.9199981689453,221.47999572753906,216.72999572753906,220.11000061035156,51591000,220.11000061035156,0.7029050977319203,0.7081538002344109,0.6935410827382814,0.7096269356814106,0.09597820509522578,0.7096269356814106
2024-09-11,221.4600067138672,223.08999633789062,217.88999938964844,222.66000366210938,44587100,222.66000366210938,0.7221213826393007,0.7203203572906375,0.7022328525850818,0.728656810285472,0.07227194755575653,0.728656810285472
2024-09-12,222.5,223.5500030517578,219.82000732421875,222.77000427246094,37455600,222.77000427246094,0.7299893905355912,0.7237965658675338,0.7166941731116735,0.7294777104094611,0.048133799432178964,0.7294777104094611
2024-09-13,223.5800018310547,224.0399932861328,221.91000366210938,222.5,36766600,222.5,0.7381600807198944,0.7274993558572939,0.7323542677673818,0.7274627530375667,0.04580172566689186,0.7274627530375667
2024-09-16,216.5399932861328,217.22000122070312,213.9199981689453,216.32000732421875,59357400,216.32000732421875,0.6848993110976521,0.6759615973908891,0.6724861043385105,0.6813434020849998,0.1222653134997624,0.6813434020849998
2024-09-17,215.75,216.89999389648438,214.5,216.7899932861328,45519300,216.7899932861328,0.6789226634632983,0.6735433452837252,0.6768319892619107,0.6848507602094257,0.0754271858199084,0.6848507602094257
2024-09-18,217.5500030517578,222.7100067138672,217.5399932861328,220.69000244140625,59894900,220.69000244140625,0.6925404804371369,0.7174488270491391,0.6996102983672776,0.7139553078013923,0.12408460181448201,0.7139553078013923
2024-09-19,224.99000549316406,229.82000732421875,224.6300048828125,228.8699951171875,66781300,228.8699951171875,0.7488273803026904,0.771178140901237,0.752734914282219,0.7750000327380754,0.14739315446654744,0.7750000327380754
2024-09-20,229.97000122070312,233.08999633789062,227.6199951171875,228.1999969482422,318679900,228.1999969482422,0.7865032443974196,0.7958890060104035,0.7751385564518573,0.7700000461179844,1.0,0.7700000461179844
2024-09-23,227.33999633789062,229.4499969482422,225.80999755859375,226.47000122070312,54146000,226.47000122070312,0.7666060975012146,0.768382022488753,0.7615764594374737,0.7570896295057626,0.10462617094473019,0.7570896295057626
2024-09-24,228.64999389648438,229.35000610351562,225.72999572753906,227.3699951171875,43556100,227.3699951171875,0.7765168068034481,0.7676264051867195,0.7609770152067671,0.7638060022499883,0.06878229871394086,0.7638060022499883
2024-09-25,224.92999267578125,227.2899932861328,224.02000427246094,226.3699951171875,42308700,226.3699951171875,0.7483733568706715,0.7520591666912178,0.7481642520638409,0.7563433152579302,0.06456019593481295,0.7563433152579302
2024-09-26,227.3000030517578,228.5,225.41000366210938,227.52000427246094,36636700,227.52000427246094,0.7663035306526711,0.7612030239220966,0.7585793526162373,0.764925473621737,0.04536205022115777,0.764925473621737
2024-09-27,228.4600067138672,229.52000427246094,227.3000030517578,227.7899932861328,34026000,227.7899932861328,0.7750794699735303,0.7689110583779227,0.7727408938613275,0.7669403171220647,0.03652555533141171,0.7669403171220647
2024-09-30,230.0399932861328,233.0,229.64999389648438,233.0,54541900,233.0,0.7870327652422379,0.7952089158459913,0.7903490965176098,0.8058209664541767,0.10596618256109762,0.8058209664541767
2024-10-01,229.52000427246094,229.64999389648438,223.74000549316406,226.2100067138672,63285000,226.2100067138672,0.7830988190138272,0.7698933724014269,0.7460662544225162,0.7551493718815916,0.13555914937863264,0.7551493718815916
2024-10-02,225.88999938964844,227.3699951171875,223.02000427246094,226.77999877929688,32880600,226.77999877929688,0.7556362310698751,0.7526637297180088,0.7406713706784536,0.75940304425385,0.03264869424177479,0.75940304425385
2024-10-03,225.13999938964844,226.80999755859375,223.32000732421875,225.6699981689453,34044200,225.6699981689453,0.7499621502840648,0.748431903839079,0.742919257960529,0.7511194571378029,0.03658715727992873,0.7511194571378029
2024-10-04,227.89999389648438,228.0,224.1300048828125,226.8000030517578,37245100,226.8000030517578,0.7708427260176379,0.7574245914861083,0.7489884735895254,0.7595523298777298,0.04742131535729807,0.7595523298777298
2024-10-07,224.5,225.69000244140625,221.3300018310547,221.69000244140625,39505400,221.69000244140625,0.7451202726310854,0.7399682520812194,0.7280083828439816,0.7214179947934504,0.05507180350196923,0.7214179947934504
2024-10-08,224.3000030517578,225.97999572753906,223.25,225.77000427246094,31855700,225.77000427246094,0.7436072075094298,0.7421596921583056,0.7423947013840496,0.7518657713856354,0.029179692206879652,0.7518657713856354
2024-10-09,225.22999572753906,229.75,224.8300018310547,229.5399932861328,33591100,229.5399932861328,0.7506430122728894,0.7706491050120673,0.7542334676928372,0.7800000193581663,0.03505353953965067,0.7800000193581663
2024-10-10,227.77999877929688,229.5,227.1699981689453,229.0399932861328,28183500,229.0399932861328,0.7699349100325383,0.7687598887940732,0.7717667826948923,0.7762686758621373,0.016750314440715234,0.7762686758621373
2024-10-11,229.3000030517578,229.41000366210938,227.33999633789062,227.5500030517578,31759200,227.5500030517578,0.7814344127481653,0.768079798629661,0.7730405588105326,0.7651493451217733,0.028853066490841617,0.7651493451217733
2024-10-14,228.6999969482422,231.72999572753906,228.60000610351562,231.3000030517578,39882100,231.3000030517578,0.7768951019437293,0.7856116651721711,0.7824816625287903,0.7931344213419912,0.05634682844737366,0.7931344213419912
2024-10-15,233.61000061035156,237.49000549316406,232.3699951171875,233.85000610351562,64751400,233.85000610351562,0.8140414451936402,0.8291392806322647,0.8107297430324469,0.8121642959460527,0.14052250637343236,0.8121642959460527
2024-10-16,231.60000610351562,232.1199951171875,229.83999633789062,231.77999877929688,34082200,231.77999877929688,0.7988349502458774,0.7885588378598977,0.7917727622740007,0.7967164792141405,0.03671577673287635,0.7967164792141405
2024-10-17,233.42999267578125,233.85000610351562,230.52000427246094,232.14999389648438,32993800,232.14999389648438,0.8126796057765218,0.8016322971106142,0.7968679810688584,0.7994776369623006,0.033031844822660854,0.7994776369623006
2024-10-18,236.17999267578125,236.17999267578125,234.00999450683594,235.0,46431500,235.0,0.8334845686578263,0.8192396907907455,0.8230180639311903,0.8207463404382928,0.07851472963514046,0.8207463404382928
2024-10-21,234.4499969482422,236.85000610351562,234.4499969482422,236.47999572753906,36254500,236.47999572753906,0.8203963879682752,0.824302891726544,0.8263149500339281,0.8317910853025001,0.044068409302300396,0.8317910853025001
2024-10-22,233.88999938964844,236.22000122070312,232.60000610351562,235.86000061035156,38846600,235.86000061035156,0.8161597594518518,0.8195420299584445,0.8124531880703395,0.8271642558063255,0.05284194835455103,0.8271642558063255
2024-10-23,234.0800018310547,235.13999938964844,227.75999450683594,230.75999450683594,52287000,230.75999450683594,0.8175972117212389,0.8113806020596769,0.7761875552725196,0.7891045065982025,0.09833397191763481,0.7891045065982025
2024-10-24,229.97999572753906,230.82000732421875,228.41000366210938,230.57000732421875,31109500,230.57000732421875,0.7865788572496881,0.7787350057732136,0.7810579967723993,0.7876866917218275,0.026654012317681927,0.7876866917218275
2024-10-25,229.74000549316406,233.22000122070312,229.57000732421875,231.41000366210938,38802300,231.41000366210938,0.784763225279489,0.7968714353425147,0.7897497666191997,0.7939553214659802,0.05269200515019368,0.7939553214659802
2024-10-28,233.32000732421875,234.72999572753906,232.5500030517578,233.39999389648438,36087100,233.39999389648438,0.8118475180831599,0.8082822597881009,0.8120785211346109,0.8088059957023732,0.043501806764841666,0.8088059957023732
2024-10-29,233.10000610351562,234.3300018310547,232.32000732421875,233.6699981689453,35417200,233.6699981689453,0.810183111817498,0.805259559962753,0.8103551904290148,0.8108209530742676,0.04123438119827298,0.8108209530742676
2024-10-30,232.61000061035156,233.47000122070312,229.5500030517578,230.10000610351562,47070900,230.10000610351562,0.806476004145893,0.7987606515605089,0.7895998769784489,0.7841792197258348,0.08067892116710645,0.7841792197258348
2024-10-31,229.33999633789062,229.8300018310547,225.3699951171875,225.91000366210938,64370100,225.91000366210938,0.7817369795967087,0.7712536680388583,0.7582795733347358,0.7529105430096608,0.1392319117047764,0.7529105430096608
2024-11-01,220.97000122070312,225.35000610351562,220.27000427246094,222.91000366210938,65276700,222.91000366210938,0.7184142749676957,0.7373989456988131,0.7200659468686385,0.7305224820334866,0.14230050107431091,0.7305224820334866
2024-11-04,220.99000549316406,222.7899932861328,219.7100067138672,222.00999450683594,44944500,222.00999450683594,0.718565616111702,0.7180532747673231,0.715869951585989,0.7238059954176943,0.07348164735795336,0.7238059954176943
2024-11-05,221.8000030517578,223.9499969482422,221.13999938964844,223.4499969482422,28111300,223.4499969482422,0.7246936048900621,0.7268192656928817,0.7265847170875905,0.7345522829057086,0.016505937480114755,0.7345522829057086
2024-11-06,222.61000061035156,226.07000732421875,221.19000244140625,222.72000122070312,54561100,222.72000122070312,0.7308215936684221,0.7428398976313249,0.7269593840233192,0.7291045532855448,0.10603116923206063,0.7291045532855448
2024-11-07,224.6300048828125,227.8800048828125,224.57000732421875,227.47999572753906,42137700,227.47999572753906,0.7461038169079226,0.7565178046002253,0.7522853596922632,0.7646269023739773,0.06398140839654867,0.7646269023739773
2024-11-08,227.1699981689453,228.66000366210938,226.41000366210938,226.9600067138672,38328800,226.9600067138672,0.7653199863758339,0.7624121499756785,0.7660722340016246,0.7607463871256351,0.05108933907201742,0.7607463871256351
2024-11-11,225.0,225.6999969482422,221.5,224.22999572753906,42005600,224.22999572753906,0.748902993154959,0.7400437792188407,0.7292821589596218,0.7403731696497886,0.0635342865614334,0.7403731696497886
2024-11-12,224.5500030517578,225.58999633789062,223.36000061035156,224.22999572753906,40398300,224.22999572753906,0.7454985677713666,0.739212519470579,0.7432189229097341,0.7403731696497886,0.05809402217399369,0.7403731696497886
2024-11-13,224.00999450683594,226.64999389648438,222.75999450683594,225.1199951171875,48566200,225.1199951171875,0.7414131649594805,0.7472227777854971,0.7387231483455831,0.7470149565178575,0.08574009664059527,0.7470149565178575
2024-11-14,225.02000427246094,228.8699951171875,225.0,228.22000122070312,44923900,228.22000122070312,0.7490543342989653,0.7639990270259737,0.7555072438084774,0.7701493317418643,0.07341192207556596,0.7701493317418643
2024-11-15,226.39999389648438,226.9199981689453,224.27000427246094,225.0,47923700,225.0,0.7594945644460173,0.7492631635873407,0.7500374724101877,0.746119470517712,0.08356541246904671,0.746119470517712
2024-11-18,225.25,229.74000549316406,225.1699981689453,228.02000427246094,44633700,228.02000427246094,0.7507943534168957,0.7705735778744461,0.7567810199241176,0.768656817117766,0.07242967562173967,0.768656817117766
2024-11-19,226.97999572753906,230.16000366210938,226.66000366210938,228.27999877929688,36211800,228.27999877929688,0.7638825341064468,0.7737474472836434,0.7679454543479715,0.7705970747419372,0.04392388165385662,0.7705970747419372
2024-11-20,228.05999755859375,229.92999267578125,225.88999938964844,229.0,35169600,229.0,0.77205322429075,0.7720092853408917,0.7621759036681802,0.7759702184859443,0.040396323920645856,0.7759702184859443
2024-11-21,228.8800048828125,230.16000366210938,225.7100067138672,228.52000427246094,42108300,228.52000427246094,0.7782569413608478,0.7737474472836434,0.7608272398983128,0.7723881606137951,0.06388189755663656,0.7723881606137951
2024-11-22,228.05999755859375,230.72000122070312,228.05999755859375,229.8699951171875,38168300,229.8699951171875,0.77205322429075,0.7779792731625732,0.7784354425545951,0.7824627197301335,0.050546091119436025,0.7824627197301335
2024-11-25,231.4600067138672,233.25,229.74000549316406,232.8699951171875,90152800,232.8699951171875,0.7977757931167716,0.7970981320639854,0.79102354273484,0.8048507807063078,0.22649919511300234,0.8048507807063078
2024-11-26,233.3300018310547,235.57000732421875,233.3300018310547,235.05999755859375,45986200,235.05999755859375,0.8119231309354286,0.8146301139151025,0.8179229594686293,0.8211940834383656,0.07700751272994112,0.8211940834383656
2024-11-27,234.47000122070312,235.69000244140625,233.80999755859375,234.92999267578125,33498400,234.92999267578125,0.8205477291122815,0.8155369008009855,0.8215195105205721,0.8202238976904968,0.0347397757689074,0.8202238976904968
2024-11-29,234.80999755859375,237.80999755859375,233.97000122070312,237.3300018310547,28481400,237.3300018310547,0.8231199513630428,0.8315574174308216,0.8227183989819852,0.8381344147943761,0.01775862325737565,0.8381344147943761
2024-12-02,237.27000427246094,240.7899932861328,237.16000366210938,239.58999633789062,48137100,239.58999633789062,0.8417309871338672,0.8540768424629019,0.8466207088945382,0.8550000464026634,0.08428771223902097,0.8550000464026634
2024-12-03,239.80999755859375,242.75999450683594,238.89999389648438,242.64999389648438,38861000,242.64999389648438,0.8609471566017783,0.8689638754853843,0.8596582493324423,0.8778358503789104,0.05289068835777329,0.8778358503789104
2024-12-04,242.8699951171875,244.11000061035156,241.25,243.00999450683594,44383900,243.00999450683594,0.8840973877375694,0.8791656891859956,0.8772665663210211,0.880522422250914,0.07158417195473137,0.880522422250914
2024-12-05,243.99000549316406,244.5399932861328,242.1300048828125,243.0399932861328,40033900,243.0399932861328,0.8925707602098851,0.8824150857328141,0.8838603385264968,0.8807462937509505,0.056860629314674935,0.8807462937509505
2024-12-06,242.91000366210938,244.6300048828125,242.0800018310547,242.83999633789062,36870600,242.83999633789062,0.884400070025582,0.8830952912058334,0.8834856715907681,0.8792537791268522,0.046153736801274825,0.8792537791268522
2024-12-09,241.8300018310547,247.24000549316406,241.75,246.75,44649200,246.75,0.8762293798412788,0.9028187131340366,0.8810130070137148,0.9084329125949753,0.07248213881965251,0.9084329125949753
2024-12-10,246.88999938964844,248.2100067138672,245.33999633789062,247.77000427246094,36914800,247.77000427246094,0.914510493072564,0.9101488812845425,0.907912423747504,0.9160448852109132,0.04630334153338758,0.9160448852109132
2024-12-11,247.9600067138672,250.8000030517578,246.25999450683594,246.49000549316406,45205800,246.49000549316406,0.9226055704045986,0.9297211336288962,0.9148058609021847,0.9064926549708042,0.07436607533309053,0.9064926549708042
2024-12-12,246.88999938964844,248.74000549316406,245.67999267578125,247.9600067138672,32777500,247.9600067138672,0.914510493072564,0.9141540104420015,0.9104599759787845,0.9174628139588549,0.03229972935759322,0.9174628139588549
2024-12-13,247.82000732421875,249.2899932861328,246.24000549316406,248.1300048828125,33155300,248.1300048828125,0.9215464132754928,0.918310193874703,0.9146560855937305,0.9187314570829168,0.03357847749768823,0.9187314570829168
2024-12-16,247.99000549316406,251.3800048828125,247.64999389648438,251.0399932861328,51694800,251.0399932861328,0.9228325244008735,0.9341041290916755,0.9252209614545812,0.9404477896874152,0.09632953928511954,0.9404477896874152
2024-12-17,250.0800018310547,253.8300018310547,249.77999877929688,253.47999572753906,51356400,253.47999572753906,0.9386442684851923,0.9526184249662968,0.9411808353917911,0.9586567641674876,0.09518414920939654,0.9586567641674876
2024-12-18,252.16000366210938,254.27999877929688,247.74000549316406,248.0500030517578,56774100,248.0500030517578,0.9543803997172425,0.9560189910969648,0.9258954076718114,0.9181344284589641,0.11352156000503646,0.9181344284589641
2024-12-19,247.5,252.0,247.08999633789062,249.7899932861328,60882300,249.7899932861328,0.9191254167292685,0.9387893484135467,0.9210249661719317,0.9311194309473425,0.1274266767576525,0.9311194309473425
2024-12-20,248.0399932861328,255.0,245.69000244140625,254.49000549316406,147495300,254.49000549316406,0.9232107041016856,0.9614599430294765,0.9105349779653081,0.9661941509072689,0.420587641972183,0.9661941509072689
2024-12-23,254.77000427246094,255.64999389648438,253.4499969482422,255.27000427246094,40858800,255.27000427246094,0.9741262054694413,0.9663718590728185,0.9686796963562869,0.9720150376513488,0.059652686860372076,0.9720150376513488
2024-12-24,255.49000549316406,258.2099914550781,255.2899932861328,258.20001220703125,23234700,258.20001220703125,0.9795733322589767,0.9857174146957014,0.9824665706656484,0.9938807697512937,0.0,0.9938807697512937
2024-12-26,258.19000244140625,260.1000061035156,257.6300048828125,259.0199890136719,27237100,259.0199890136719,1.0,1.0,1.0,1.0,0.013547013117830312,1.0
2024-12-27,257.8299865722656,258.70001220703125,253.05999755859375,255.58999633789062,42355300,255.58999633789062,0.9972763211657631,0.9894204353026755,0.9657574771892777,0.9744030382755927,0.06471792400079608,0.9744030382755927
2024-12-30,252.22999572753906,253.5,250.75,252.1999969482422,35557500,252.1999969482422,0.9549099205620609,0.9501246457215116,0.9484489394822004,0.9491045339273785,0.04170925775744538,0.9491045339273785
2024-12-31,252.44000244140625,253.27999877929688,249.42999267578125,250.4199981689453,39480700,250.4199981689453,0.9564987139754543,0.9484621262249882,0.9385582811739869,0.9358209601912405,0.05498820085755328,0.9358209601912405
2025-01-02,248.92999267578125,249.10000610351562,241.82000732421875,243.85000610351562,55740700,243.85000610351562,0.9299439420166017,0.9168744864082574,0.8815375635901942,0.8867911658666335,0.11002378782935042,0.8867911658666335
2025-01-03,243.36000061035156,244.17999267578125,241.88999938964844,243.36000061035156,40244100,243.36000061035156,0.8878044954091744,0.8796946097665583,0.8820620058343771,0.883134408246761,0.057572097972822034,0.883134408246761
2025-01-06,244.30999755859375,247.3300018310547,243.1999969482422,245.0,45045600,245.0,0.8949916413166402,0.9034988032984488,0.891877662156067,0.8953732103588736,0.07382384279724294,0.8953732103588736
2025-01-07,242.97999572753906,245.5500030517578,241.35000610351562,242.2100067138672,40856000,242.2100067138672,0.8849295908704004,0.890047593051019,0.8780159001924784,0.874552363754521,0.0596432096375233,0.874552363754521
2025-01-08,241.9199981689453,243.7100067138672,240.0500030517578,242.6999969482422,37628900,242.6999969482422,0.8769102418301035,0.8761429893606478,0.8682751315250157,0.8782090075028267,0.04872037183206902,0.8782090075028267
2025-01-10,240.00999450683594,240.16000366210938,233.0,236.85000610351562,61710900,236.85000610351562,0.862460221723434,0.8493160960034094,0.8154502948915758,0.834552356922227,0.13023125777639982,0.834552356922227
2025-01-13,233.52999877929688,234.6699981689453,229.72000122070312,234.39999389648438,49630700,234.39999389648438,0.8134361960570842,0.8078288663451594,0.7908736530940892,0.8162686826944313,0.08934313368435162,0.8162686826944313
2025-01-14,234.75,236.1199951171875,232.47000122070312,233.27999877929688,39435300,233.27999877929688,0.8226660433704931,0.8187862973478041,0.8114790769039043,0.8079105097022276,0.054834534458505335,0.8079105097022276
2025-01-15,234.63999938964844,238.9600067138672,234.42999267578125,237.8699951171875,39832000,237.8699951171875,0.8218338402376621,0.8402478812187589,0.8261650603931774,0.8421642156665982,0.05617725385282956,0.8421642156665982
2025-01-16,237.35000610351562,238.00999450683594,228.02999877929688,228.25999450683594,71759100,228.25999450683594,0.8423362362704232,0.8330687673434956,0.7782106652596172,0.7704477891180573,0.16424162585819638,0.7704477891180573
2025-01-17,232.1199951171875,232.2899932861328,228.47999572753906,229.97999572753906,68488300,229.97999572753906,0.8027688964742882,0.7898434910511007,0.7815824390165822,0.7832836198541225,0.15317087568185234,0.7832836198541225
2025-01-21,224.0,224.4199981689453,219.3800048828125,222.63999938964844,98070400,222.63999938964844,0.7413375521072119,0.7303710014073992,0.7133972870089357,0.7285075246615922,0.2532980735513726,0.7285075246615922
2025-01-22,219.7899932861328,224.1199951171875,219.7899932861328,223.8300018310547,64126500,223.8300018310547,0.7094869945028301,0.7281039188840848,0.716469281484399,0.737388140401592,0.13840739331693322,0.737388140401592
2025-01-23,224.74000549316406,227.02999877929688,222.3000030517578,223.66000366210938,60234800,223.66000366210938,0.7469360200407535,0.7500944233356024,0.735276486934391,0.7361194972775301,0.12523506897387401,0.7361194972775301
2025-01-24,224.77999877929688,225.6300048828125,221.41000366210938,222.77999877929688,54697900,222.77999877929688,0.7472385868892971,0.739514858638278,0.7286078270746882,0.7295522962856177,0.10649419926267206,0.7295522962856177
2025-01-27,224.02000427246094,232.14999389648438,223.97999572753906,229.86000061035156,94863400,229.86000061035156,0.7414888932512181,0.7887855345813684,0.7478644727823394,0.7823881338539769,0.24244326866708277,0.7823881338539769
2025-01-28,230.85000610351562,240.19000244140625,230.80999755859375,238.25999450683594,75707600,238.25999450683594,0.7931608694600671,0.8495427927248802,0.7990408663644102,0.8450746590386382,0.17760620243618783,0.8450746590386382
2025-01-29,234.1199951171875,239.86000061035156,234.00999450683594,239.36000061035156,45486100,239.36000061035156,0.8178997785697824,0.8470490134800951,0.8230180639311903,0.8532836602785288,0.07531481303470153,0.8532836602785288
2025-01-30,238.6699981689453,240.7899932861328,237.2100067138672,237.58999633789062,55658300,237.58999633789062,0.8523225584249254,0.8540768424629019,0.8469953758302669,0.8400746724185473,0.10974488669980084,0.8400746724185473
2025-01-31,247.19000244140625,247.19000244140625,233.44000244140625,236.0,100959800,236.0,0.916780148474782,0.9024408468287164,0.8187471809943137,0.8282090274303509,0.2630778905868161,0.8282090274303509
2025-02-03,229.99000549316406,231.8300018310547,225.6999969482422,228.00999450683594,73063300,228.00999450683594,0.7866545855414259,0.7863673977828115,0.7607522379117893,0.7685821173700428,0.1686559808722565,0.7685821173700428
2025-02-04,227.25,233.1300048828125,226.64999389648438,232.8000030517578,45067300,232.8000030517578,0.7659252355123899,0.7961913451781025,0.7678704523614478,0.8043284518300784,0.07389729127432092,0.8043284518300784
2025-02-05,228.52999877929688,232.6699981689453,228.27000427246094,232.47000122070312,39620300,232.47000122070312,0.7756089908183487,0.7927151366012062,0.780008997951737,0.8018657514581112,0.05546070811101348,0.8018657514581112
2025-02-06,231.2899932861328,233.8000030517578,230.42999267578125,233.22000122070312,29925300,233.22000122070312,0.7964895665519217,0.801254430805294,0.7961935348516281,0.8074627667021548,0.022645823997140588,0.8074627667021548
2025-02-07,232.60000610351562,234.0,227.25999450683594,227.6300048828125,39707200,227.6300048828125,0.8064003912936245,0.8027657807179679,0.772441114579826,0.7657463737457261,0.05575484049157001,0.7657463737457261
2025-02-10,229.57000732421875,230.58999633789062,227.1999969482422,227.64999389648438,33115600,227.64999389648438,0.7834771141541084,0.776996843830462,0.7719915599898701,0.7658955454980392,0.03344410401658243,0.7658955454980392
2025-02-11,228.1999969482422,235.22999572753906,228.1300048828125,232.6199951171875,53718400,232.6199951171875,0.7731123814198558,0.8120606922240892,0.7789599991310745,0.8029851089582932,0.10317886362682488,0.8029851089582932
2025-02-12,231.1999969482422,236.9600067138672,230.67999267578125,236.8699951171875,45243300,236.8699951171875,0.7958087045630972,0.8251341514748057,0.798066755197975,0.8347015286745401,0.07449300242481516,0.8347015286745401
2025-02-13,236.91000366210938,242.33999633789062,235.57000732421875,241.52999877929688,53614100,241.52999877929688,0.8390074237390994,0.8657900060761871,0.8347070549315235,0.8694776773867068,0.10282583707570812,0.8694776773867068
2025-02-14,241.25,245.5500030517578,240.99000549316406,244.60000610351562,40896200,244.60000610351562,0.8718414101808492,0.890047593051019,0.8753184583204471,0.8923881811106771,0.0597792754798521,0.8923881811106771
2025-02-18,244.14999389648438,245.17999267578125,241.83999633789062,244.47000122070312,48822500,244.47000122070312,0.8937811430435282,0.8872514746385349,0.8816873388986485,0.8914179953628082,0.08660760100350251,0.8914179953628082
2025-02-19,244.66000366210938,246.00999450683594,243.16000366210938,244.8699951171875,32204200,244.8699951171875,0.8976395918591393,0.8935236863193083,0.891577997206862,0.8944030246110047,0.030359267979307162,0.8944030246110047
2025-02-20,244.94000244140625,246.77999877929688,244.2899932861328,245.8300018310547,32316900,245.8300018310547,0.8997579061173511,0.8993425045571403,0.900044875426388,0.9015672542268699,0.030740726198970232,0.9015672542268699
2025-02-21,245.9499969482422,248.69000244140625,245.22000122070312,245.5500030517578,53197400,245.5500030517578,0.9073989600173668,0.9137761441366813,0.9070133145675924,0.8994777109788189,0.1014154232324641,0.8994777109788189
2025-02-24,244.92999267578125,248.86000061035156,244.4199981689453,247.10000610351562,51326400,247.10000610351562,0.8996821778256133,0.9150607973278845,0.9010189865928232,0.9110448985908223,0.09508260753601683,0.9110448985908223
2025-02-25,248.0,250.0,244.91000366210938,247.0399932861328,48013300,247.0399932861328,0.922908137253142,0.9236756186695935,0.9046905396312898,0.9105970417191828,0.08386868360020741,0.9105970417191828
2025-02-26,244.3300018310547,244.97999572753906,239.1300048828125,240.36000061035156,44433600,240.36000061035156,0.8951429824606465,0.8857401247258609,0.8613816943703348,0.8607463472705867,0.07175239266029707,0.8607463472705867
2025-02-27,239.41000366210938,242.4600067138672,237.05999755859375,237.3000030517578,41153600,237.3000030517578,0.8579210263584671,0.866696908270677,0.8458713750230809,0.8379105432943397,0.06065050303744992,0.8379105432943397
2025-02-28,236.9499969482422,242.08999633789062,230.1999969482422,241.83999633789062,56833400,241.83999633789062,0.8393099905876429,0.8639007898581929,0.7944702041460321,0.8717910921347941,0.11372227404608368,0.8717910921347941
2025-03-03,241.7899932861328,244.02999877929688,236.11000061035156,238.02999877929688,47184000,238.02999877929688,0.8759266975532662,0.8785611261592047,0.8387531605734222,0.8433582729145035,0.08106173327574792,0.8433582729145035
2025-03-04,237.7100067138672,240.07000732421875,234.67999267578125,235.92999267578125,53798100,235.92999267578125,0.845059799665191,0.8486360058389972,0.8280382807395241,0.8276865846825548,0.10344862600577028,0.8276865846825548
2025-03-05,235.4199981689453,236.5500030517578,229.22999572753906,235.74000549316406,47227600,235.74000549316406,0.8277348750197474,0.8220358092032296,0.7872021000556226,0.8262687698061798,0.08120930717439309,0.8262687698061798
2025-03-06,234.44000244140625,237.86000061035156,233.16000366210938,235.3300018310547,45170400,235.3300018310547,0.8203207751160065,0.8319352837361419,0.816649183352989,0.8232090408102599,0.07424625615850249,0.8232090408102599
2025-03-07,235.11000061035156,241.3699951171875,234.75999450683594,239.07000732421875,46273600,239.07000732421875,0.8253896067652609,0.8584598379256811,0.8286377249702307,0.8511195311543212,0.07798028196091863,0.8511195311543212
2025-03-10,235.5399932861328,236.16000366210938,224.22000122070312,227.47999572753906,72071200,227.47999572753906,0.8286426910048469,0.819088636515503,0.7496628054744591,0.7646269023739773,0.16529799773358986,0.7646269023739773
2025-03-11,223.80999755859375,225.83999633789062,217.4499969482422,220.83999633789062,76137400,220.83999633789062,0.7399000998378249,0.7411017356885732,0.6989359664823439,0.7150746653015744,0.1790609561434743,0.7150746653015744
2025-03-12,220.13999938964844,221.75,214.91000366210938,216.97999572753906,62547500,216.97999572753906,0.7121349450453294,0.7101941860362545,0.6799040980696707,0.6862686889573675,0.13306291657471503,0.6862686889573675
2025-03-13,215.9499969482422,216.83999633789062,208.4199981689453,209.67999267578125,61368300,209.67999267578125,0.6804357285849539,0.6730899518407837,0.6312752567188803,0.6317910511410301,0.12907165186640365,0.6317910511410301
2025-03-14,211.25,213.9499969482422,209.5800018310547,213.49000549316406,60107600,213.49000549316406,0.6448781787484364,0.6512506169731156,0.6399670265656807,0.6602239842328874,0.12480453227874408,0.6602239842328874
2025-03-17,213.30999755859375,215.22000122070312,209.97000122070312,214.0,48073400,214.0,0.6604629688364804,0.6608478676469359,0.6428892457326899,0.664029913605073,0.08407210541921141,0.664029913605073
2025-03-18,214.16000366210938,215.14999389648438,211.49000549316406,212.69000244140625,42432400,212.69000244140625,0.6668936399028531,0.6603188317577662,0.6542784574515217,0.6542538118649276,0.06497888610138192,0.6542538118649276
2025-03-19,214.22000122070312,218.75999450683594,213.75,215.24000549316406,54385400,215.24000549316406,0.6673475478954028,0.687599118557946,0.6712123282228702,0.6732836864689891,0.1054364734983002,0.6732836864689891
2025-03-20,213.99000549316406,217.49000549316406,212.22000122070312,214.10000610351562,48862900,214.10000610351562,0.6656075287774723,0.6780019831927327,0.6597482288498114,0.6647762278529055,0.0867443437903205,0.6647762278529055
2025-03-21,211.55999755859375,218.83999633789062,211.27999877929688,218.27000427246094,94127800,218.27000427246094,0.647223447002923,0.6882036815847369,0.6527049020543799,0.6958956189451997,0.23995346683581253,0.6958956189451997
2025-03-24,221.0,221.47999572753906,218.5800018310547,220.72999572753906,44299500,220.72999572753906,0.7186412289639706,0.7081538002344109,0.7074029590341665,0.7142537651775853,0.07129850138028981,0.7142537651775853
2025-03-25,220.77000427246094,224.10000610351562,220.0800018310547,223.75,34493600,223.75,0.7169012098460401,0.7279528646088423,0.7186422811122475,0.7367911117776393,0.03810825154715663,0.7367911117776393
2025-03-26,223.50999450683594,225.02000427246094,220.47000122070312,221.52999877929688,34466100,221.52999877929688,0.7376304444356069,0.734905166454028,0.7215645002792567,0.720223937545545,0.03801517167989191,0.720223937545545
2025-03-27,221.38999938964844,224.99000549316406,220.55999755859375,223.85000610351562,37094800,223.85000610351562,0.7215917463550132,0.7346784697325572,0.7222388321641903,0.7375374260254718,0.04691259157366578,0.7375374260254718
2025-03-28,221.6699981689453,223.80999755859375,217.67999267578125,217.89999389648438,39818600,217.89999389648438,0.7237100606132248,0.7257613092231492,0.70065929718794,0.6931343473254729,0.05613189857205329,0.6931343473254729
2025-03-31,217.00999450683594,225.6199951171875,216.22999572753906,222.1300048828125,65299300,222.1300048828125,0.6884550776252508,0.7394392161920497,0.6897946420455877,0.7247015952894066,0.14237699580159027,0.7247015952894066
2025-04-01,219.80999755859375,223.67999267578125,218.89999389648438,223.19000244140625,36412700,223.19000244140625,0.7096383356468365,0.724778879891038,0.7098006216246963,0.7326120252815375,0.04460387239325601,0.7326120252815375
2025-04-02,221.32000732421875,225.19000244140625,221.02000427246094,223.88999938964844,35905900,223.88999938964844,0.7210622255101948,0.7361898196452311,0.725685607907679,0.7378358834016648,0.04288849505762828,0.7378358834016648
2025-04-03,205.5399932861328,207.49000549316406,201.25,203.19000244140625,103419000,203.19000244140625,0.6016794595724342,0.6024333344729668,0.5775513109055289,0.5833582854403758,0.27140160002599467,0.5833582854403758
2025-04-04,193.88999938964844,199.8800048828125,187.33999633789062,188.3800048828125,125910900,188.3800048828125,0.5135421175419682,0.5449255881848806,0.47332530339504036,0.47283590930744623,0.3475304388089568,0.47283590930744623
2025-04-07,177.1999969482422,194.14999389648438,174.6199951171875,181.4600067138672,160466300,181.4600067138672,0.3872748879847541,0.5016246694462575,0.3780158430263302,0.42119412898699227,0.4644908768191191,0.42119412898699227
2025-04-08,186.6999969482422,190.33999633789062,169.2100067138672,172.4199981689453,120859500,172.4199981689453,0.4591465779383515,0.47283303273340377,0.33747944162393023,0.3537313748107099,0.330432851845283,0.3537313748107099
2025-04-09,171.9499969482422,200.61000061035156,171.88999938964844,198.85000610351562,184395900,198.85000610351562,0.3475563224840819,0.5504420672550134,0.35756030885726586,0.5509702512240197,0.545485931062681,0.5509702512240197
2025-04-10,189.07000732421875,194.77999877929688,183.0,190.4199981689453,121880000,190.4199981689453,0.47707675172035113,0.506385531214357,0.44080622562221067,0.48805974066775537,0.33388696110141575,0.48805974066775537
2025-04-11,186.10000610351562,199.5399932861328,186.05999755859375,198.14999389648438,87435900,198.14999389648438,0.45460738257338473,0.5423561664938671,0.46373442436832835,0.5457462792323258,0.21730324269949217,0.5457462792323258
2025-04-14,211.44000244140625,212.94000244140625,201.16000366210938,202.52000427246094,101352900,202.52000427246094,0.6463156310178234,0.6436182249635178,0.5768769790205952,0.5783582988202849,0.2644084249803348,0.5783582988202849
2025-04-15,201.86000061035156,203.50999450683594,199.8000030517578,202.13999938964844,51343900,202.13999938964844,0.57383869192767,0.5723569292603028,0.5666866557631767,0.5755224413244014,0.09514184017882166,0.5755224413244014
2025-04-16,198.36000061035156,200.6999969482422,192.3699951171875,194.27000427246094,59732400,194.27000427246094,0.5473596482605552,0.5511221574194256,0.5110144876169548,0.5167911311358057,0.12353458441700864,0.5167911311358057
2025-04-17,197.1999969482422,198.8300018310547,194.4199981689453,196.97999572753906,52164700,196.97999572753906,0.538583708939696,0.5369908570075836,0.5263749173234581,0.5370149491162057,0.09792002036249023,0.5370149491162057
2025-04-21,193.27000427246094,193.8000030517578,189.80999755859375,193.16000366210938,46742500,193.16000366210938,0.5088515810329951,0.4989798359262299,0.49183272956353075,0.5085075440197585,0.07956737831584335,0.5085075440197585
2025-04-22,196.1199951171875,201.58999633789062,195.97000122070312,199.74000549316406,52976400,199.74000549316406,0.5304130187553928,0.5578477625431405,0.5379889063372677,0.5576120380920887,0.10066739957190031,0.5576120380920887
2025-04-23,206.0,208.0,202.8000030517578,204.60000610351562,52929200,204.60000610351562,0.6051596132477642,0.6062872940465762,0.5891652999193385,0.5938807014283537,0.10050764067244958,0.5938807014283537
2025-04-24,204.88999938964844,208.8300018310547,202.94000244140625,208.3699951171875,47311000,208.3699951171875,0.5967619690671861,0.6125595057273497,0.590214298740001,0.6220149494008846,0.08149159302638866,0.6220149494008846
2025-04-25,206.3699951171875,209.75,206.1999969482422,209.27999877929688,38222300,209.27999877929688,0.6079587894948005,0.6195118075725353,0.6146410508967368,0.6288060218928335,0.05072886613151948,0.6288060218928335
2025-04-28,210.0,211.5,207.4600067138672,210.13999938964844,38743100,210.13999938964844,0.6354213774387526,0.6327363210984943,0.6240821546149946,0.6352239372608661,0.052491629581391065,0.6352239372608661
2025-04-29,208.69000244140625,212.24000549316406,208.3699951171875,211.2100067138672,36827600,211.2100067138672,0.6255106681365189,0.6383284426148556,0.6309005897831517,0.6432090670007203,0.046008193736097255,0.6432090670007203
2025-04-30,209.3000030517578,213.5800018310547,206.6699981689453,212.5,52286500,212.5,0.6301255917932235,0.6484546138692385,0.6181627142944526,0.6528358831169859,0.09833227955641181,0.6528358831169859
2025-05-01,209.0800018310547,214.55999755859375,208.89999389648438,213.32000732421875,57365700,213.32000732421875,0.6284611855275616,0.6558603091573656,0.6348718077708232,0.6589553411088255,0.11552396180408414,0.6589553411088255
2025-05-02,206.08999633789062,206.99000549316406,202.16000366210938,205.35000610351562,101010600,205.35000610351562,0.6058404752365889,0.5986549020369785,0.5843698604059826,0.5994777166723972,0.2632498344870724,0.5994777166723972
2025-05-05,203.10000610351562,204.10000610351562,198.2100067138672,198.88999938964844,69018500,198.88999938964844,0.5832198803850853,0.5768155671693104,0.554773001800162,0.5512687086002127,0.15496545552271623,0.5512687086002127
2025-05-06,198.2100067138672,200.64999389648438,197.02000427246094,198.50999450683594,51216500,198.50999450683594,0.5462248782791808,0.5507442911141054,0.5458564546583837,0.5484328511043293,0.09471062653920254,0.5484328511043293
2025-05-07,199.1699981689453,199.44000244140625,193.25,196.25,68536700,196.25,0.5534876370389152,0.5416005491918336,0.5176082598224305,0.531567219496042,0.15333469624823826,0.531567219496042
2025-05-08,197.72000122070312,200.0500030517578,194.67999267578125,197.49000549316406,50478900,197.49000549316406,0.5425177706075758,0.5462102413760836,0.528323025324032,0.5408209923599581,0.09221405526304031,0.5408209923599581
2025-05-09,199.0,200.5399932861328,197.5399932861328,198.52999877929688,36453900,198.52999877929688,0.5522015259135346,0.5499130313658437,0.5497526706595316,0.5485821367282091,0.044743322958030796,0.5485821367282091
2025-05-12,210.97000122070312,211.27000427246094,206.75,210.7899932861328,63775800,210.7899932861328,0.6427598644902248,0.6309982744643498,0.6187621585251591,0.6400746382570772,0.13722037115512453,0.6400746382570772
2025-05-13,210.42999267578125,213.39999389648438,209.0,212.92999267578125,51909300,212.92999267578125,0.6386744616783386,0.6470943182318071,0.6356211416422806,0.6560447838652189,0.0970555622497844,0.6560447838652189
2025-05-14,212.42999267578125,213.94000244140625,210.5800018310547,212.3300018310547,49325800,212.3300018310547,0.6538053437738328,0.6511750898354944,0.6474599079510681,0.651567239992924,0.08831113181056927,0.651567239992924
2025-05-15,210.9499969482422,212.9600067138672,209.5399932861328,211.4499969482422,45029500,211.4499969482422,0.6426085233462185,0.6437693945473673,0.6396672472841792,0.6450000390010115,0.0737693487658625,0.6450000390010115
2025-05-16,212.36000061035156,212.57000732421875,209.77000427246094,211.25999450683594,54737900,211.25999450683594,0.6532758229290144,0.6408222218596407,0.6413906923220718,0.6435821102530699,0.10662958816051166,0.6435821102530699
2025-05-19,207.91000366210938,209.47999572753906,204.25999450683594,208.77999877929688,46140500,208.77999877929688,0.6196096333544338,0.6174714217706917,0.600104842715918,0.6250746783968045,0.07752977540335737,0.6250746783968045
2025-05-20,207.6699981689453,208.47000122070312,205.02999877929688,206.86000061035156,42496600,206.86000061035156,0.6177938859447656,0.6098390297610938,0.6058743933957093,0.6107463330366409,0.06519618528241447,0.6107463330366409
2025-05-21,205.1699981689453,207.0399932861328,200.7100067138672,202.08999633789062,59211800,202.08999633789062,0.5988802833253978,0.5990326530336916,0.5735052052636302,0.5751492842004853,0.12177249791162625,0.5751492842004853
2025-05-22,200.7100067138672,202.75,199.6999969482422,201.36000061035156,46742400,201.36000061035156,0.5651384808985485,0.5666137534686991,0.5659373218917193,0.5697015545803215,0.07956703984359874,0.5697015545803215
2025-05-23,193.6699981689453,197.6999969482422,193.4600067138672,195.27000427246094,78432900,195.27000427246094,0.5118777112763063,0.5284515628034958,0.5191818152195723,0.5242538181278638,0.18683058651824433,0.5242538181278638
2025-05-27,198.3000030517578,200.74000549316406,197.42999267578125,200.2100067138672,56288500,200.2100067138672,0.5469057402680054,0.5514244965871247,0.5489284491338471,0.5611195100880814,0.11187793878526373,0.5611195100880814
2025-05-28,200.58999633789062,202.72999572753906,199.89999389648438,200.4199981689453,45339700,200.4199981689453,0.5642305494739799,0.5664625838848496,0.5674358753023374,0.5626866105883362,0.0748192896686086,0.5626866105883362
2025-05-29,203.5800018310547,203.80999755859375,198.50999450683594,199.9499969482422,51396800,199.9499969482422,0.5868512597649526,0.5746240117836172,0.5570207747499409,0.5591791385923436,0.09532089199621453,0.5591791385923436
2025-05-30,199.3699951171875,201.9600067138672,196.77999877929688,200.85000610351562,70819900,200.85000610351562,0.5550007021605708,0.5606438809556247,0.544058121966264,0.5658956252081359,0.1610626945369226,0.5658956252081359
2025-06-02,200.27999877929688,202.1300048828125,200.1199951171875,201.6999969482422,35423300,201.6999969482422,0.5618852812194933,0.5619285341468279,0.5690843183537064,0.5722388408284452,0.04125502800519352,0.5722388408284452
2025-06-03,201.35000610351562,203.77000427246094,200.9600067138672,203.27000427246094,46381600,203.27000427246094,0.5699803585515278,0.5743217879245253,0.5753784256099771,0.5839553140643284,0.07834583198508556,0.5839553140643284
2025-06-04,202.91000366210938,206.24000549316406,202.10000610351562,202.82000732421875,43604000,202.82000732421875,0.5817824281156982,0.592987253382996,0.5839203058160267,0.5805971276922156,0.06894442691910378,0.5805971276922156
2025-06-05,203.5,204.75,200.14999389648438,200.6300048828125,55126100,200.6300048828125,0.5862460106283964,0.5817274832126523,0.5693090956486843,0.5642538249601577,0.10794353741404497,0.5642538249601577
2025-06-06,203.0,205.6999969482422,202.0500030517578,203.9199981689453,46607700,203.9199981689453,0.5824632901045229,0.5889064817793087,0.5835456388802981,0.5888060150605395,0.0791111177301239,0.5888060150605395
2025-06-09,204.38999938964844,206.0,200.02000427246094,201.4499969482422,72862600,201.4499969482422,0.5929792485433126,0.591173564302623,0.5683350988145456,0.5703731690804308,0.16797666707734632,0.5703731690804308
2025-06-10,200.60000610351562,204.35000610351562,200.57000732421875,202.6699981689453,54672600,202.6699981689453,0.5643062777657175,0.5787047833873045,0.5724562064429679,0.5794776563204669,0.10640856578478852,0.5794776563204669
2025-06-11,203.5,204.5,198.41000366210938,198.77999877929688,60989900,198.77999877929688,0.5862460106283964,0.5798382669946581,0.5562715552107802,0.5504478084762237,0.12779087289284105,0.5504478084762237
2025-06-12,199.0800018310547,199.67999267578125,197.36000061035156,199.1999969482422,43904600,199.1999969482422,0.5528067750500907,0.5434141229635996,0.5484040068896642,0.5535821233483,0.06996187448636837,0.5535821233483
2025-06-13,199.72999572753906,200.3699951171875,195.6999969482422,196.4499969482422,51447300,196.4499969482422,0.5577242655553386,0.5486283781746405,0.53596579635017,0.5330597341201403,0.09549182047973702,0.5330597341201403
2025-06-16,197.3000030517578,198.69000244140625,196.55999755859375,198.4199981689453,43020700,198.4199981689453,0.5393402992202583,0.5359329005378513,0.542409678914895,0.54776123660422,0.06697011831635782,0.54776123660422
2025-06-17,197.1999969482422,198.38999938964844,195.2100067138672,195.63999938964844,38856200,195.63999938964844,0.538583708939696,0.5336658180145368,0.5322943576440001,0.527014975876024,0.05287444169003253,0.527014975876024
2025-06-18,195.94000244140625,197.57000732421875,195.07000732421875,196.5800018310547,45394700,196.5800018310547,0.5290512947777435,0.5274692487799917,0.5312453588233378,0.5340299198680092,0.07500544940313804,0.5340299198680092
2025-06-20,198.24000549316406,201.6999969482422,196.86000061035156,201.0,96813500,201.0,0.5464518322754557,0.5586790222914023,0.5446575661969706,0.567014982708318,0.24904381590900784,0.567014982708318
2025-06-23,201.6300048828125,202.3000030517578,198.9600067138672,201.5,55814300,201.5,0.5720986728097396,0.563213187338031,0.5603926628392025,0.570746326204347,0.11027290340137529,0.570746326204347
2025-06-24,202.58999633789062,203.44000244140625,200.1999969482422,200.3000030517578,54064000,200.3000030517578,0.5793614315694741,0.57182800867974,0.569683762584413,0.5617911245881906,0.10434862370415901,0.5617911245881906
2025-06-25,201.4499969482422,203.6699981689453,200.6199951171875,201.55999755859375,39525700,201.55999755859375,0.5707368333926212,0.5735660553138847,0.5728307590464,0.5711940692044198,0.05514051336762283,0.5711940692044198
2025-06-26,201.42999267578125,202.63999938964844,199.4600067138672,201.0,50799100,201.0,0.5705854922486149,0.5657824937204374,0.5641391035318961,0.567014982708318,0.09329784339024631,0.567014982708318
2025-06-27,201.88999938964844,203.22000122070312,200.0,201.0800018310547,73188600,201.0800018310547,0.5740656459239449,0.5701654891832166,0.5681852091737948,0.5676120113322706,0.16908008659473905,0.5676120113322706
2025-06-30,202.00999450683594,207.38999938964844,199.25999450683594,205.1699981689453,91912800,205.1699981689453,0.5749734619090444,0.6016776018623262,0.5626404357889815,0.5981343738006122,0.23245630661794472,0.5981343738006122
2025-07-01,206.6699981689453,210.19000244140625,206.13999938964844,207.82000732421875,78788900,207.82000732421875,0.6102284448970184,0.6228368465655821,0.6141914963067809,0.6179105626525061,0.18803554770901676,0.6179105626525061
2025-07-02,208.91000366210938,213.33999633789062,208.13999938964844,212.44000244140625,67941800,212.44000244140625,0.6271750744021808,0.6466409247888656,0.6291772590775556,0.652388140116913,0.1513211248651188,0.652388140116913
2025-07-03,212.14999389648438,214.64999389648438,211.80999755859375,213.5500030517578,34955800,213.5500030517578,0.6516870295156212,0.6565403993217779,0.6566761200420514,0.6606717272329602,0.0396726702616932,0.6606717272329602
2025-07-07,212.67999267578125,216.22999572753906,208.8000030517578,209.9499969482422,50229000,209.9499969482422,0.6556967040357696,0.6684802596565337,0.6341225882316623,0.6338060085129245,0.09136821312378743,0.6338060085129245
2025-07-08,210.10000610351562,211.42999267578125,208.4499969482422,210.00999450683594,42848900,210.00999450683594,0.6361779677193149,0.6322072852093246,0.6315000340138582,0.6342537515129972,0.06638862300013675,0.6342537515129972
2025-07-09,209.52999877929688,211.3300018310547,207.22000122070312,211.13999938964844,48749400,211.13999938964844,0.6318656109111539,0.6314516679072912,0.6222838219228749,0.6426866242529242,0.08636017779270064,0.6426866242529242
2025-07-10,210.50999450683594,213.47999572753906,210.02999877929688,212.41000366210938,44443600,212.41000366210938,0.6392797108148948,0.6476988812585981,0.6433388003226458,0.6521642686168767,0.07178623988475696,0.6521642686168767
2025-07-11,210.57000732421875,212.1300048828125,209.86000061035156,211.16000366210938,39765800,211.16000366210938,0.6397337342469136,0.6374971828665938,0.6420650242070055,0.6428359098768041,0.055953185226905025,0.6428359098768041
2025-07-14,209.92999267578125,210.91000366210938,207.5399932861328,208.6199951171875,38840100,208.6199951171875,0.6348917411544651,0.6282777984980938,0.6246814845134046,0.6238806211488992,0.0528199476586521,0.6238806211488992
2025-07-15,209.22000122070312,211.88999938964844,208.9199981689453,209.11000061035156,42296300,209.11000061035156,0.6295203426566673,0.6356834937862209,0.635021697411574,0.6275373787687717,0.06451822537648268,0.6275373787687717
2025-07-16,210.3000030517578,212.39999389648438,208.63999938964844,210.16000366210938,47490500,210.16000366210938,0.6376910328409705,0.6395374533598305,0.6329236997702492,0.635373222884746,0.08209915070544385,0.635373222884746
2025-07-17,210.57000732421875,211.8000030517578,209.58999633789062,210.02000427246094,48068100,210.02000427246094,0.6397337342469136,0.6350034036218087,0.6400419142199079,0.6343284512607205,0.08405416639024767,0.6343284512607205
2025-07-18,210.8699951171875,211.7899932861328,209.6999969482422,211.17999267578125,48974600,211.17999267578125,0.6420032742096624,0.6349277611755805,0.6408661357455924,0.6429850816291173,0.08712241728753758,0.6429850816291173
2025-07-21,212.10000610351562,215.77999877929688,211.6300048828125,212.47999572753906,51377400,212.47999572753906,0.6513088498148091,0.6650796935258656,0.655327456272184,0.6526865974931061,0.09525522838076232,0.6526865974931061
2025-07-22,213.13999938964844,214.9499969482422,212.22999572753906,214.39999389648438,46404100,214.39999389648438,0.6591768577110997,0.6588074818450922,0.6598231165040385,0.6670149428532696,0.07842198824012034,0.6670149428532696
2025-07-23,215.0,215.14999389648438,212.41000366210938,214.14999389648438,46989300,214.14999389648438,0.673248582677488,0.6603188317577662,0.6611718946062024,0.6651492711052551,0.08040272781551368,0.6651492711052551
2025-07-24,213.89999389648438,215.69000244140625,213.52999877929688,213.75999450683594,46022600,213.75999450683594,0.6649265513491786,0.6643996033614534,0.6695638851715013,0.6622388277332151,0.07713071662697515,0.6622388277332151
2025-07-25,214.6999969482422,215.24000549316406,213.39999389648438,213.8800048828125,40268800,213.8800048828125,0.6709789272752701,0.6609990372307853,0.668589774005066,0.6631344276049274,0.05765570061723799,0.6631344276049274
2025-07-28,214.02999877929688,214.85000610351562,213.05999755859375,214.0500030517578,37858000,214.0500030517578,0.6659100956260159,0.6580518645430588,0.6660422217737856,0.6644030707289893,0.04949581174444533,0.6644030707289893
2025-07-29,214.17999267578125,214.80999755859375,210.82000732421875,211.27000427246094,51411700,211.27000427246094,0.6670448656073903,0.6577495253753598,0.6492582406431878,0.6436568100007931,0.09537132436065977,0.6436568100007931
2025-07-30,211.89999389648438,212.38999938964844,207.72000122070312,209.0500030517578,45512500,209.0500030517578,0.6497956692536844,0.6394619262222092,0.6260302626155685,0.6270896357686988,0.07540416970727566,0.6270896357686988
2025-07-31,208.49000549316406,209.83999633789062,207.16000366210938,207.57000732421875,80698400,207.57000732421875,0.6239976030148634,0.6201918977369475,0.621834267332919,0.6160448909044915,0.19449867521963463,0.6160448909044915
2025-08-01,210.8699951171875,213.5800018310547,201.5,202.3800048828125,104434500,202.3800048828125,0.6420032742096624,0.6484546138692385,0.5794245312518758,0.5773135271962594,0.2748387856698975,0.5773135271962594
2025-08-04,204.50999450683594,207.8800048828125,201.67999267578125,203.35000610351562,75109300,203.35000610351562,0.5938870645284121,0.6053805071606934,0.5807731950217432,0.584552342688281,0.17558112299675202,0.584552342688281
2025-08-05,203.39999389648438,205.33999633789062,202.16000366210938,202.9199981689453,44155100,202.9199981689453,0.5854894203478341,0.5861860058130528,0.5843698604059826,0.5813433280684814,0.07080974745908886,0.5813433280684814
2025-08-06,205.6300048828125,215.3800048828125,205.58999633789062,213.25,108483100,213.25,0.6023604370007279,0.6620569937005178,0.6100703886783587,0.6584328983610295,0.28854217296473256,0.6584328983610295
2025-08-07,218.8800048828125,220.85000610351562,216.5800018310547,220.02999877929688,90224800,220.02999877929688,0.7026025308833769,0.7033930537749185,0.6924171962633919,0.7090299070574579,0.2267428951291136,0.7090299070574579
2025-08-08,220.8300018310547,231.0,219.25,229.35000610351562,113854000,229.35000610351562,0.7173551178385899,0.7800951861020381,0.7124231758425004,0.7785822044817913,0.3067211787499001,0.7785822044817913
2025-08-11,227.9199981689453,229.55999755859375,224.75999450683594,227.17999267578125,61806100,227.17999267578125,0.7709940671616442,0.7692132822370147,0.7537089111163577,0.7623880735020466,0.13055348335325806,0.7623880735020466
2025-08-12,228.00999450683594,230.8000030517578,227.07000732421875,229.64999389648438,55626200,229.64999389648438,0.7716749291504689,0.7785838361893642,0.7710175631557314,0.7808209194821554,0.10963623710928457,0.7808209194821554
2025-08-13,231.07000732421875,235.0,230.42999267578125,233.3300018310547,69878500,233.3300018310547,0.794825275725729,0.8103226455899445,0.7961935348516281,0.8082836668261438,0.1578763168262676,0.8082836668261438
2025-08-14,234.05999755859375,235.1199951171875,230.85000610351562,232.77999877929688,51916300,232.77999877929688,0.8174458705772325,0.8112294324758275,0.7993406456459118,0.8041791662061986,0.09707925530690632,0.8041791662061986
2025-08-15,234.0,234.27999877929688,229.33999633789062,231.58999633789062,56038700,231.58999633789062,0.8169919625846828,0.8048816936574328,0.7880263215813071,0.7952985504661987,0.11103243511825543,0.7952985504661987
2025-08-18,231.6999969482422,233.1199951171875,230.11000061035156,230.88999938964844,37476200,230.88999938964844,0.7995914250869707,0.7961157027318743,0.7937958722610984,0.7900746923460714,0.048203524714566355,0.7900746923460714
2025-08-19,231.27999877929688,232.8699951171875,229.35000610351562,230.55999755859375,39402600,230.55999755859375,0.7964139536996532,0.7942264865138801,0.7881013235678308,0.7876119919741043,0.054723854034521464,0.7876119919741043
2025-08-20,229.97999572753906,230.47000122070312,225.77000427246094,226.00999450683594,42263900,226.00999450683594,0.7865788572496881,0.776090056944579,0.7612767944882687,0.7536567433859266,0.0644085603692326,0.7536567433859266
2025-08-21,226.27000427246094,226.52000427246094,223.77999877929688,224.89999389648438,30621200,224.89999389648438,0.7585111356086491,0.7462404637619929,0.7463659193717211,0.7453731562698794,0.025001252347305016,0.7453731562698794
2025-08-22,226.1699981689453,229.08999633789062,225.41000366210938,227.75999450683594,42477800,227.75999450683594,0.7577545453280867,0.7656615465224971,0.7585793526162373,0.7667164456220282,0.06513255250042986,0.7667164456220282
2025-08-25,226.47999572753906,229.3000030517578,226.22999572753906,227.16000366210938,30983100,227.16000366210938,0.7600998135825733,0.7672485388813993,0.7647234558994608,0.7622389017497334,0.026226183400508793,0.7622389017497334
2025-08-26,226.8699951171875,229.49000549316406,224.69000244140625,229.30999755859375,54575100,229.30999755859375,0.7630503309736159,0.7686843616564519,0.7531844688721748,0.7782836332340316,0.10607855534630449,0.7782836332340316
2025-08-27,228.61000061035156,230.89999389648438,228.25999450683594,230.49000549316406,31259500,230.49000549316406,0.7762142399549047,0.7793394534913975,0.7799339959652133,0.7870896630978749,0.027161720684580424,0.7870896630978749
2025-08-28,230.82000732421875,233.41000366210938,229.33999633789062,232.55999755859375,38074700,232.55999755859375,0.7929339154637922,0.7983072581175674,0.7880263215813071,0.8025373659582204,0.05022928109849136,0.8025373659582204
2025-08-29,232.50999450683594,233.3800048828125,231.3699951171875,232.13999938964844,39418400,232.13999938964844,0.8057194138653307,0.7980805613960966,0.8032368616470597,0.799403051086144,0.054777332649168106,0.799403051086144
2025-09-02,229.25,230.85000610351562,226.97000122070312,229.72000122070312,44075600,229.72000122070312,0.7810561176078841,0.7789617024946844,0.7702682292842741,0.7813433622299515,0.07054066202463266,0.7813433622299515
2025-09-03,237.2100067138672,238.85000610351562,234.36000061035156,238.47000122070312,66427800,238.47000122070312,0.8412770791413173,0.8394166214704972,0.8256406181489944,0.8466418734104597,0.14619665508188998,0.8466418734104597
2025-09-04,238.4499969482422,239.89999389648438,236.74000549316406,239.77999877929688,47549400,239.77999877929688,0.8506581521592635,0.847351237339187,0.8434737124325511,0.8564179751506051,0.08229851085751266,0.8564179751506051
2025-09-05,240.0,241.32000732421875,238.49000549316406,239.69000244140625,54870400,239.69000244140625,0.8623846088711653,0.858082086928968,0.8565862548569789,0.8557463606504959,0.10707806388460533,0.8557463606504959
2025-09-08,239.3000030517578,240.14999389648438,236.33999633789062,237.8800048828125,48999500,237.8800048828125,0.8570888232256362,0.8492404535571811,0.8404764912790182,0.8422389154143214,0.08720669687644274,0.8422389154143214
2025-09-09,237.0,238.77999877929688,233.36000061035156,234.35000610351562,66313900,234.35000610351562,0.8396882857279241,0.8388875855813275,0.8181477367636071,0.8158956394420817,0.1458111351952917,0.8158956394420817
2025-09-10,232.19000244140625,232.4199981689453,225.9499969482422,226.7899932861328,83440800,226.7899932861328,0.8032985327585757,0.790825920383212,0.762625458258136,0.7594776301300066,0.20378093805551756,0.7594776301300066
2025-09-11,226.8800048828125,230.4499969482422,226.64999389648438,230.02999877929688,50208600,230.02999877929688,0.7631260592653536,0.7759388873607296,0.7678704523614478,0.7836567769780388,0.09129916478588923,0.7836567769780388
2025-09-12,229.22000122070312,234.50999450683594,229.02000427246094,234.07000732421875,55824200,234.07000732421875,0.7808291636116093,0.8066197402915775,0.7856286589907774,0.8138060961940308,0.11030641215359058,0.8138060961940308
2025-09-15,237.0,238.19000244140625,235.02999877929688,236.6999969482422,42699500,236.6999969482422,0.8396882857279241,0.834429062980927,0.8306608349573283,0.8334328855504782,0.06588294546670584,0.8334328855504782
2025-09-16,237.17999267578125,241.22000122070312,236.32000732421875,238.14999389648438,63421100,238.14999389648438,0.8410500097055734,0.8573263543183275,0.840326715970564,0.8442537589146492,0.1360198101035319,0.8442537589146492
2025-09-17,238.97000122070312,240.10000610351562,237.72999572753906,238.99000549316406,46508000,238.99000549316406,0.8545922138271433,0.848862702560468,0.8508915918314147,0.8505225025303685,0.0787736609022587,0.8505225025303685
2025-09-18,239.97000122070312,241.1999969482422,236.64999389648438,237.8800048828125,44249600,237.8800048828125,0.8621576548748905,0.857175184734478,0.8427992662153209,0.8422389154143214,0.07112960373023491,0.8422389154143214
2025-09-19,241.22999572753906,246.3000030517578,240.2100067138672,245.5,163741300,245.5,0.8716900690368429,0.8957152417050015,0.8694740199864287,0.8991045538549027,0.47557584282973625,0.8991045538549027
2025-09-22,248.3000030517578,256.6400146484375,248.1199951171875,256.0799865722656,105413200,256.0799865722656,0.92517779265536,0.9738533121157809,0.928742624852297,0.9780596820238986,0.2781514135277879,0.9780596820238986
